Scope: 8 of 52 workspace projects
Lockfile is up to date, resolution step is skipped
Progress: resolved 1, reused 0, downloaded 0, added 0
.                                        |    +1643 ++++++++++++++++++++++++++++
Progress: resolved 1643, reused 0, downloaded 34, added 8
Progress: resolved 1643, reused 0, downloaded 165, added 82
Progress: resolved 1643, reused 0, downloaded 407, added 343
Progress: resolved 1643, reused 0, downloaded 535, added 414
Progress: resolved 1643, reused 0, downloaded 634, added 474
Progress: resolved 1643, reused 0, downloaded 651, added 479
Progress: resolved 1643, reused 0, downloaded 747, added 527
Progress: resolved 1643, reused 0, downloaded 891, added 650
Progress: resolved 1643, reused 0, downloaded 1032, added 738
Progress: resolved 1643, reused 0, downloaded 1112, added 772
Progress: resolved 1643, reused 0, downloaded 1275, added 854
Progress: resolved 1643, reused 0, downloaded 1390, added 906
Progress: resolved 1643, reused 0, downloaded 1610, added 1316
Progress: resolved 1643, reused 0, downloaded 1610, added 1643, done
.../node_modules/protobufjs postinstall$ node scripts/postinstall
.../node_modules/@swc/core postinstall$ node postinstall.js
.../node_modules/bigint-buffer install$ npm run rebuild || echo "Couldn't build bindings. Non-native version used."
.../node_modules/protobufjs postinstall: Done
.../node_modules/bufferutil install$ node-gyp-build
.../node_modules/utf-8-validate install$ node-gyp-build
.../node_modules/@swc/core postinstall: Done
.../node_modules/protobufjs postinstall$ node scripts/postinstall
.../node_modules/tiny-secp256k1 install$ npm run build || echo "secp256k1 bindings compilation fail. Pure JS implementation will be used."
.../node_modules/bigint-buffer install: npm warn Unknown env config "strict-dep-builds". This will stop working in the next major version of npm.
.../node_modules/bigint-buffer install: npm warn Unknown env config "catalog". This will stop working in the next major version of npm.
.../node_modules/bigint-buffer install: npm warn Unknown env config "manage-package-manager-versions". This will stop working in the next major version of npm.
.../node_modules/bigint-buffer install: npm warn Unknown env config "package-manager-strict". This will stop working in the next major version of npm.
.../node_modules/bigint-buffer install: npm warn Unknown env config "verify-deps-before-run". This will stop working in the next major version of npm.
.../node_modules/bigint-buffer install: npm warn Unknown env config "npm-globalconfig". This will stop working in the next major version of npm.
.../node_modules/bigint-buffer install: npm warn Unknown env config "overrides". This will stop working in the next major version of npm.
.../node_modules/bigint-buffer install: npm warn Unknown env config "recursive". This will stop working in the next major version of npm.
.../node_modules/bigint-buffer install: npm warn Unknown env config "_jsr-registry". This will stop working in the next major version of npm.
.../node_modules/bigint-buffer install: npm warn Unknown env config "package-manager-strict-version". This will stop working in the next major version of npm.
.../node_modules/bigint-buffer install: npm warn Unknown env config "patched-dependencies". This will stop working in the next major version of npm.
.../node_modules/bigint-buffer install: > bigint-buffer@1.1.5 rebuild
.../node_modules/bigint-buffer install: > node-gyp rebuild
.../node_modules/bufferutil install: Done
.../node_modules/protobufjs postinstall: Done
.../node_modules/secp256k1 install$ node-gyp-build || exit 0
.../node_modules/utf-8-validate install: Done
.../node_modules/bigint-buffer install: gyp info it worked if it ends with ok
.../node_modules/bigint-buffer install: gyp info using node-gyp@11.5.0
.../node_modules/bigint-buffer install: gyp info using node@24.0.0 | linux | x64
.../keccak@3.0.4/node_modules/keccak install$ node-gyp-build || exit 0
.../node_modules/tiny-secp256k1 install: npm warn Unknown env config "strict-dep-builds". This will stop working in the next major version of npm.
.../node_modules/tiny-secp256k1 install: npm warn Unknown env config "catalog". This will stop working in the next major version of npm.
.../node_modules/tiny-secp256k1 install: npm warn Unknown env config "manage-package-manager-versions". This will stop working in the next major version of npm.
.../node_modules/tiny-secp256k1 install: npm warn Unknown env config "package-manager-strict". This will stop working in the next major version of npm.
.../node_modules/tiny-secp256k1 install: npm warn Unknown env config "verify-deps-before-run". This will stop working in the next major version of npm.
.../node_modules/tiny-secp256k1 install: npm warn Unknown env config "npm-globalconfig". This will stop working in the next major version of npm.
.../node_modules/tiny-secp256k1 install: npm warn Unknown env config "overrides". This will stop working in the next major version of npm.
.../node_modules/tiny-secp256k1 install: npm warn Unknown env config "recursive". This will stop working in the next major version of npm.
.../node_modules/tiny-secp256k1 install: npm warn Unknown env config "_jsr-registry". This will stop working in the next major version of npm.
.../node_modules/tiny-secp256k1 install: npm warn Unknown env config "package-manager-strict-version". This will stop working in the next major version of npm.
.../node_modules/tiny-secp256k1 install: npm warn Unknown env config "patched-dependencies". This will stop working in the next major version of npm.
.../node_modules/secp256k1 install: Done
.../node_modules/tiny-secp256k1 install: > tiny-secp256k1@1.1.7 build
.../node_modules/tiny-secp256k1 install: > node-gyp rebuild
.../node_modules/bigint-buffer install: gyp info find Python using Python version 3.12.3 found at "/usr/bin/python3"
.../node_modules/@injectivelabs/networks postinstall$ link-module-alias
.../node_modules/tiny-secp256k1 install: gyp info it worked if it ends with ok
.../node_modules/tiny-secp256k1 install: gyp info using node-gyp@11.5.0
.../node_modules/tiny-secp256k1 install: gyp info using node@24.0.0 | linux | x64
.../keccak@3.0.4/node_modules/keccak install: Done
.../@injectivelabs/token-metadata postinstall$ link-module-alias
.../node_modules/@injectivelabs/networks postinstall: link-module-alias: ~networks -> dist
.../node_modules/tiny-secp256k1 install: gyp info find Python using Python version 3.12.3 found at "/usr/bin/python3"
.../@injectivelabs/token-metadata postinstall: link-module-alias: ~token-metadata -> dist
.../node_modules/@injectivelabs/networks postinstall: Done
.../node_modules/bigint-buffer install: gyp http GET https://nodejs.org/download/release/v24.0.0/node-v24.0.0-headers.tar.gz
.../@injectivelabs/token-metadata postinstall: Done
.../node_modules/secp256k1 install$ npm run rebuild || echo "Secp256k1 bindings compilation fail. Pure JS implementation will be used."
.../node_modules/secp256k1 install$ node-gyp-build || exit 0
.../node_modules/bigint-buffer install: gyp http 200 https://nodejs.org/download/release/v24.0.0/node-v24.0.0-headers.tar.gz
.../node_modules/tiny-secp256k1 install: gyp http GET https://nodejs.org/download/release/v24.0.0/node-v24.0.0-headers.tar.gz
.../node_modules/@injectivelabs/utils postinstall$ link-module-alias
.../node_modules/secp256k1 install: npm warn Unknown env config "strict-dep-builds". This will stop working in the next major version of npm.
.../node_modules/secp256k1 install: npm warn Unknown env config "catalog". This will stop working in the next major version of npm.
.../node_modules/secp256k1 install: npm warn Unknown env config "manage-package-manager-versions". This will stop working in the next major version of npm.
.../node_modules/secp256k1 install: npm warn Unknown env config "package-manager-strict". This will stop working in the next major version of npm.
.../node_modules/secp256k1 install: npm warn Unknown env config "verify-deps-before-run". This will stop working in the next major version of npm.
.../node_modules/secp256k1 install: npm warn Unknown env config "npm-globalconfig". This will stop working in the next major version of npm.
.../node_modules/secp256k1 install: npm warn Unknown env config "overrides". This will stop working in the next major version of npm.
.../node_modules/secp256k1 install: npm warn Unknown env config "recursive". This will stop working in the next major version of npm.
.../node_modules/secp256k1 install: npm warn Unknown env config "_jsr-registry". This will stop working in the next major version of npm.
.../node_modules/secp256k1 install: npm warn Unknown env config "package-manager-strict-version". This will stop working in the next major version of npm.
.../node_modules/secp256k1 install: npm warn Unknown env config "patched-dependencies". This will stop working in the next major version of npm.
.../node_modules/secp256k1 install: > secp256k1@3.7.1 rebuild
.../node_modules/secp256k1 install: > node-gyp rebuild
.../node_modules/@injectivelabs/utils postinstall: link-module-alias: ~utils -> dist
.../node_modules/@injectivelabs/utils postinstall: Done
.../node_modules/secp256k1 install: Done
.../node_modules/tiny-secp256k1 install: gyp http 200 https://nodejs.org/download/release/v24.0.0/node-v24.0.0-headers.tar.gz
.../esbuild@0.25.9/node_modules/esbuild postinstall$ node install.js
.../node_modules/secp256k1 install: gyp info it worked if it ends with ok
.../node_modules/secp256k1 install: gyp info using node-gyp@11.5.0
.../node_modules/secp256k1 install: gyp info using node@24.0.0 | linux | x64
.../node_modules/msgpackr-extract install$ node-gyp-build-optional-packages
.../esbuild@0.25.9/node_modules/esbuild postinstall: Done
.../node_modules/secp256k1 install: gyp info find Python using Python version 3.12.3 found at "/usr/bin/python3"
.../node_modules/@parcel/watcher install$ node scripts/build-from-source.js
.../node_modules/msgpackr-extract install: Done
.../node_modules/utf-8-validate install$ node-gyp-build
.../node_modules/@parcel/watcher install: Done
.../node_modules/cpu-features install$ node buildcheck.js > buildcheck.gypi && node-gyp rebuild
.../node_modules/secp256k1 install: gyp http GET https://nodejs.org/download/release/v24.0.0/node-v24.0.0-headers.tar.gz
.../node_modules/utf-8-validate install: Done
.../node_modules/@swc/core postinstall$ node postinstall.js
.../node_modules/secp256k1 install: gyp http 200 https://nodejs.org/download/release/v24.0.0/node-v24.0.0-headers.tar.gz
.../node_modules/@swc/core postinstall: Done
.../sharp@0.34.5/node_modules/sharp install$ node install/check.js || npm run build
.../node_modules/cpu-features install: gyp info it worked if it ends with ok
.../node_modules/cpu-features install: gyp info using node-gyp@11.5.0
.../node_modules/cpu-features install: gyp info using node@24.0.0 | linux | x64
.../sharp@0.34.5/node_modules/sharp install: Done
.../node_modules/cpu-features install: gyp info find Python using Python version 3.12.3 found at "/usr/bin/python3"
.../node_modules/cpu-features install: gyp http GET https://nodejs.org/download/release/v24.0.0/node-v24.0.0-headers.tar.gz
.../node_modules/cpu-features install: gyp http 200 https://nodejs.org/download/release/v24.0.0/node-v24.0.0-headers.tar.gz
.../node_modules/bigint-buffer install: gyp http GET https://nodejs.org/download/release/v24.0.0/SHASUMS256.txt
.../node_modules/bigint-buffer install: gyp http 200 https://nodejs.org/download/release/v24.0.0/SHASUMS256.txt
.../node_modules/tiny-secp256k1 install: gyp http GET https://nodejs.org/download/release/v24.0.0/SHASUMS256.txt
.../node_modules/tiny-secp256k1 install: gyp http 200 https://nodejs.org/download/release/v24.0.0/SHASUMS256.txt
.../node_modules/secp256k1 install: gyp http GET https://nodejs.org/download/release/v24.0.0/SHASUMS256.txt
.../node_modules/secp256k1 install: gyp http 200 https://nodejs.org/download/release/v24.0.0/SHASUMS256.txt
.../node_modules/bigint-buffer install: gyp info spawn /usr/bin/python3
.../node_modules/bigint-buffer install: gyp info spawn args [
.../node_modules/bigint-buffer install: gyp info spawn args '/home/runner/setup-pnpm/node_modules/.pnpm/pnpm@10.28.0/node_modules/pnpm/dist/node_modules/node-gyp/gyp/gyp_main.py',
.../node_modules/bigint-buffer install: gyp info spawn args 'binding.gyp',
.../node_modules/bigint-buffer install: gyp info spawn args '-f',
.../node_modules/bigint-buffer install: gyp info spawn args 'make',
.../node_modules/bigint-buffer install: gyp info spawn args '-I',
.../node_modules/bigint-buffer install: gyp info spawn args '/home/runner/work/test/test/pyth-crosschain/node_modules/.pnpm/bigint-buffer@1.1.5/node_modules/bigint-buffer/build/config.gypi',
.../node_modules/bigint-buffer install: gyp info spawn args '-I',
.../node_modules/bigint-buffer install: gyp info spawn args '/home/runner/setup-pnpm/node_modules/.pnpm/pnpm@10.28.0/node_modules/pnpm/dist/node_modules/node-gyp/addon.gypi',
.../node_modules/bigint-buffer install: gyp info spawn args '-I',
.../node_modules/bigint-buffer install: gyp info spawn args '/home/runner/.cache/node-gyp/24.0.0/include/node/common.gypi',
.../node_modules/bigint-buffer install: gyp info spawn args '-Dlibrary=shared_library',
.../node_modules/bigint-buffer install: gyp info spawn args '-Dvisibility=default',
.../node_modules/bigint-buffer install: gyp info spawn args '-Dnode_root_dir=/home/runner/.cache/node-gyp/24.0.0',
.../node_modules/bigint-buffer install: gyp info spawn args '-Dnode_gyp_dir=/home/runner/setup-pnpm/node_modules/.pnpm/pnpm@10.28.0/node_modules/pnpm/dist/node_modules/node-gyp',
.../node_modules/bigint-buffer install: gyp info spawn args '-Dnode_lib_file=/home/runner/.cache/node-gyp/24.0.0/<(target_arch)/node.lib',
.../node_modules/bigint-buffer install: gyp info spawn args '-Dmodule_root_dir=/home/runner/work/test/test/pyth-crosschain/node_modules/.pnpm/bigint-buffer@1.1.5/node_modules/bigint-buffer',
.../node_modules/bigint-buffer install: gyp info spawn args '-Dnode_engine=v8',
.../node_modules/bigint-buffer install: gyp info spawn args '--depth=.',
.../node_modules/bigint-buffer install: gyp info spawn args '--no-parallel',
.../node_modules/bigint-buffer install: gyp info spawn args '--generator-output',
.../node_modules/bigint-buffer install: gyp info spawn args 'build',
.../node_modules/bigint-buffer install: gyp info spawn args '-Goutput_dir=.'
.../node_modules/bigint-buffer install: gyp info spawn args ]
.../node_modules/bigint-buffer install: gyp info spawn make
.../node_modules/bigint-buffer install: make: Entering directory '/home/runner/work/test/test/pyth-crosschain/node_modules/.pnpm/bigint-buffer@1.1.5/node_modules/bigint-buffer/build'
.../node_modules/bigint-buffer install: gyp info spawn args [ 'BUILDTYPE=Release', '-C', 'build' ]
.../node_modules/bigint-buffer install:   CC(target) Release/obj.target/bigint_buffer/src/bigint-buffer.o
.../node_modules/tiny-secp256k1 install: gyp info spawn /usr/bin/python3
.../node_modules/tiny-secp256k1 install: gyp info spawn args [
.../node_modules/tiny-secp256k1 install: gyp info spawn args '/home/runner/setup-pnpm/node_modules/.pnpm/pnpm@10.28.0/node_modules/pnpm/dist/node_modules/node-gyp/gyp/gyp_main.py',
.../node_modules/tiny-secp256k1 install: gyp info spawn args 'binding.gyp',
.../node_modules/tiny-secp256k1 install: gyp info spawn args '-f',
.../node_modules/tiny-secp256k1 install: gyp info spawn args 'make',
.../node_modules/tiny-secp256k1 install: gyp info spawn args '-I',
.../node_modules/tiny-secp256k1 install: gyp info spawn args '/home/runner/work/test/test/pyth-crosschain/node_modules/.pnpm/tiny-secp256k1@1.1.7/node_modules/tiny-secp256k1/build/config.gypi',
.../node_modules/tiny-secp256k1 install: gyp info spawn args '-I',
.../node_modules/tiny-secp256k1 install: gyp info spawn args '/home/runner/setup-pnpm/node_modules/.pnpm/pnpm@10.28.0/node_modules/pnpm/dist/node_modules/node-gyp/addon.gypi',
.../node_modules/tiny-secp256k1 install: gyp info spawn args '-I',
.../node_modules/tiny-secp256k1 install: gyp info spawn args '/home/runner/.cache/node-gyp/24.0.0/include/node/common.gypi',
.../node_modules/tiny-secp256k1 install: gyp info spawn args '-Dlibrary=shared_library',
.../node_modules/tiny-secp256k1 install: gyp info spawn args '-Dvisibility=default',
.../node_modules/tiny-secp256k1 install: gyp info spawn args '-Dnode_root_dir=/home/runner/.cache/node-gyp/24.0.0',
.../node_modules/tiny-secp256k1 install: gyp info spawn args '-Dnode_gyp_dir=/home/runner/setup-pnpm/node_modules/.pnpm/pnpm@10.28.0/node_modules/pnpm/dist/node_modules/node-gyp',
.../node_modules/tiny-secp256k1 install: gyp info spawn args '-Dnode_lib_file=/home/runner/.cache/node-gyp/24.0.0/<(target_arch)/node.lib',
.../node_modules/tiny-secp256k1 install: gyp info spawn args '-Dmodule_root_dir=/home/runner/work/test/test/pyth-crosschain/node_modules/.pnpm/tiny-secp256k1@1.1.7/node_modules/tiny-secp256k1',
.../node_modules/tiny-secp256k1 install: gyp info spawn args '-Dnode_engine=v8',
.../node_modules/tiny-secp256k1 install: gyp info spawn args '--depth=.',
.../node_modules/tiny-secp256k1 install: gyp info spawn args '--no-parallel',
.../node_modules/tiny-secp256k1 install: gyp info spawn args '--generator-output',
.../node_modules/tiny-secp256k1 install: gyp info spawn args 'build',
.../node_modules/tiny-secp256k1 install: gyp info spawn args '-Goutput_dir=.'
.../node_modules/tiny-secp256k1 install: gyp info spawn args ]
.../node_modules/tiny-secp256k1 install: gyp info spawn make
.../node_modules/tiny-secp256k1 install: gyp info spawn args [ 'BUILDTYPE=Release', '-C', 'build' ]
.../node_modules/tiny-secp256k1 install: make: Entering directory '/home/runner/work/test/test/pyth-crosschain/node_modules/.pnpm/tiny-secp256k1@1.1.7/node_modules/tiny-secp256k1/build'
.../node_modules/tiny-secp256k1 install:   CXX(target) Release/obj.target/secp256k1/native/addon.o
.../node_modules/bigint-buffer install:   SOLINK_MODULE(target) Release/obj.target/bigint_buffer.node
.../node_modules/bigint-buffer install:   COPY Release/bigint_buffer.node
.../node_modules/bigint-buffer install: make: Leaving directory '/home/runner/work/test/test/pyth-crosschain/node_modules/.pnpm/bigint-buffer@1.1.5/node_modules/bigint-buffer/build'
.../node_modules/bigint-buffer install: gyp info ok 
.../node_modules/bigint-buffer install: Done
.../node_modules/secp256k1 install: gyp info spawn /usr/bin/python3
.../node_modules/secp256k1 install: gyp info spawn args [
.../node_modules/secp256k1 install: gyp info spawn args '/home/runner/setup-pnpm/node_modules/.pnpm/pnpm@10.28.0/node_modules/pnpm/dist/node_modules/node-gyp/gyp/gyp_main.py',
.../node_modules/secp256k1 install: gyp info spawn args 'binding.gyp',
.../node_modules/secp256k1 install: gyp info spawn args '-f',
.../node_modules/secp256k1 install: gyp info spawn args 'make',
.../node_modules/secp256k1 install: gyp info spawn args '-I',
.../node_modules/secp256k1 install: gyp info spawn args '/home/runner/work/test/test/pyth-crosschain/node_modules/.pnpm/secp256k1@3.7.1/node_modules/secp256k1/build/config.gypi',
.../node_modules/secp256k1 install: gyp info spawn args '-I',
.../node_modules/secp256k1 install: gyp info spawn args '/home/runner/setup-pnpm/node_modules/.pnpm/pnpm@10.28.0/node_modules/pnpm/dist/node_modules/node-gyp/addon.gypi',
.../node_modules/secp256k1 install: gyp info spawn args '-I',
.../node_modules/secp256k1 install: gyp info spawn args '/home/runner/.cache/node-gyp/24.0.0/include/node/common.gypi',
.../node_modules/secp256k1 install: gyp info spawn args '-Dlibrary=shared_library',
.../node_modules/secp256k1 install: gyp info spawn args '-Dvisibility=default',
.../node_modules/secp256k1 install: gyp info spawn args '-Dnode_root_dir=/home/runner/.cache/node-gyp/24.0.0',
.../node_modules/secp256k1 install: gyp info spawn args '-Dnode_gyp_dir=/home/runner/setup-pnpm/node_modules/.pnpm/pnpm@10.28.0/node_modules/pnpm/dist/node_modules/node-gyp',
.../node_modules/secp256k1 install: gyp info spawn args '-Dnode_lib_file=/home/runner/.cache/node-gyp/24.0.0/<(target_arch)/node.lib',
.../node_modules/secp256k1 install: gyp info spawn args '-Dmodule_root_dir=/home/runner/work/test/test/pyth-crosschain/node_modules/.pnpm/secp256k1@3.7.1/node_modules/secp256k1',
.../node_modules/secp256k1 install: gyp info spawn args '-Dnode_engine=v8',
.../node_modules/secp256k1 install: gyp info spawn args '--depth=.',
.../node_modules/secp256k1 install: gyp info spawn args '--no-parallel',
.../node_modules/secp256k1 install: gyp info spawn args '--generator-output',
.../node_modules/secp256k1 install: gyp info spawn args 'build',
.../node_modules/secp256k1 install: gyp info spawn args '-Goutput_dir=.'
.../node_modules/secp256k1 install: gyp info spawn args ]
.../node_modules/cpu-features install: gyp http GET https://nodejs.org/download/release/v24.0.0/SHASUMS256.txt
.../node_modules/cpu-features install: gyp http 200 https://nodejs.org/download/release/v24.0.0/SHASUMS256.txt
.../node_modules/secp256k1 install: gyp info spawn make
.../node_modules/secp256k1 install: gyp info spawn args [ 'BUILDTYPE=Release', '-C', 'build' ]
.../node_modules/secp256k1 install: make: Entering directory '/home/runner/work/test/test/pyth-crosschain/node_modules/.pnpm/secp256k1@3.7.1/node_modules/secp256k1/build'
.../node_modules/secp256k1 install:   CXX(target) Release/obj.target/secp256k1/src/addon.o
.../node_modules/cpu-features install: gyp info spawn /usr/bin/python3
.../node_modules/cpu-features install: gyp info spawn args [
.../node_modules/cpu-features install: gyp info spawn args '/home/runner/setup-pnpm/node_modules/.pnpm/pnpm@10.28.0/node_modules/pnpm/dist/node_modules/node-gyp/gyp/gyp_main.py',
.../node_modules/cpu-features install: gyp info spawn args 'binding.gyp',
.../node_modules/cpu-features install: gyp info spawn args '-f',
.../node_modules/cpu-features install: gyp info spawn args 'make',
.../node_modules/cpu-features install: gyp info spawn args '-I',
.../node_modules/cpu-features install: gyp info spawn args '/home/runner/work/test/test/pyth-crosschain/node_modules/.pnpm/cpu-features@0.0.10/node_modules/cpu-features/build/config.gypi',
.../node_modules/cpu-features install: gyp info spawn args '-I',
.../node_modules/cpu-features install: gyp info spawn args '/home/runner/setup-pnpm/node_modules/.pnpm/pnpm@10.28.0/node_modules/pnpm/dist/node_modules/node-gyp/addon.gypi',
.../node_modules/cpu-features install: gyp info spawn args '-I',
.../node_modules/cpu-features install: gyp info spawn args '/home/runner/.cache/node-gyp/24.0.0/include/node/common.gypi',
.../node_modules/cpu-features install: gyp info spawn args '-Dlibrary=shared_library',
.../node_modules/cpu-features install: gyp info spawn args '-Dvisibility=default',
.../node_modules/cpu-features install: gyp info spawn args '-Dnode_root_dir=/home/runner/.cache/node-gyp/24.0.0',
.../node_modules/cpu-features install: gyp info spawn args '-Dnode_gyp_dir=/home/runner/setup-pnpm/node_modules/.pnpm/pnpm@10.28.0/node_modules/pnpm/dist/node_modules/node-gyp',
.../node_modules/cpu-features install: gyp info spawn args '-Dnode_lib_file=/home/runner/.cache/node-gyp/24.0.0/<(target_arch)/node.lib',
.../node_modules/cpu-features install: gyp info spawn args '-Dmodule_root_dir=/home/runner/work/test/test/pyth-crosschain/node_modules/.pnpm/cpu-features@0.0.10/node_modules/cpu-features',
.../node_modules/cpu-features install: gyp info spawn args '-Dnode_engine=v8',
.../node_modules/cpu-features install: gyp info spawn args '--depth=.',
.../node_modules/cpu-features install: gyp info spawn args '--no-parallel',
.../node_modules/cpu-features install: gyp info spawn args '--generator-output',
.../node_modules/cpu-features install: gyp info spawn args 'build',
.../node_modules/cpu-features install: gyp info spawn args '-Goutput_dir=.'
.../node_modules/cpu-features install: gyp info spawn args ]
.../node_modules/cpu-features install: gyp info spawn make
.../node_modules/cpu-features install: gyp info spawn args [ 'BUILDTYPE=Release', '-C', 'build' ]
.../node_modules/cpu-features install: make: Entering directory '/home/runner/work/test/test/pyth-crosschain/node_modules/.pnpm/cpu-features@0.0.10/node_modules/cpu-features/build'
.../node_modules/cpu-features install:   CC(target) Release/obj.target/cpu_features/deps/cpu_features/src/impl_aarch64_linux_or_android.o
.../node_modules/cpu-features install:   CC(target) Release/obj.target/cpu_features/deps/cpu_features/src/impl_aarch64_macos_or_iphone.o
.../node_modules/cpu-features install:   CC(target) Release/obj.target/cpu_features/deps/cpu_features/src/impl_aarch64_windows.o
.../node_modules/cpu-features install:   CC(target) Release/obj.target/cpu_features/deps/cpu_features/src/impl_arm_linux_or_android.o
.../node_modules/cpu-features install:   CC(target) Release/obj.target/cpu_features/deps/cpu_features/src/impl_mips_linux_or_android.o
.../node_modules/cpu-features install:   CC(target) Release/obj.target/cpu_features/deps/cpu_features/src/impl_ppc_linux.o
.../node_modules/cpu-features install:   CC(target) Release/obj.target/cpu_features/deps/cpu_features/src/impl_x86_freebsd.o
.../node_modules/cpu-features install:   CC(target) Release/obj.target/cpu_features/deps/cpu_features/src/impl_x86_linux_or_android.o
.../node_modules/cpu-features install:   CC(target) Release/obj.target/cpu_features/deps/cpu_features/src/impl_x86_macos.o
.../node_modules/cpu-features install:   CC(target) Release/obj.target/cpu_features/deps/cpu_features/src/impl_x86_windows.o
.../node_modules/cpu-features install:   CC(target) Release/obj.target/cpu_features/deps/cpu_features/src/filesystem.o
.../node_modules/cpu-features install:   CC(target) Release/obj.target/cpu_features/deps/cpu_features/src/stack_line_reader.o
.../node_modules/cpu-features install:   CC(target) Release/obj.target/cpu_features/deps/cpu_features/src/string_view.o
.../node_modules/cpu-features install: rm -f Release/obj.target/deps/cpu_features/cpu_features.a Release/obj.target/deps/cpu_features/cpu_features.a.ar-file-list; mkdir -p `dirname Release/obj.target/deps/cpu_features/cpu_features.a`
.../node_modules/cpu-features install: ar crs Release/obj.target/deps/cpu_features/cpu_features.a @Release/obj.target/deps/cpu_features/cpu_features.a.ar-file-list
.../node_modules/tiny-secp256k1 install: In file included from ../native/addon.cpp:4:
.../node_modules/tiny-secp256k1 install: ../../../../nan@2.22.2/node_modules/nan/nan.h: In constructor ‘Nan::Utf8String::Utf8String(v8::Local<v8::Value>)’:
.../node_modules/tiny-secp256k1 install: ../../../../nan@2.22.2/node_modules/nan/nan.h:1173:36: warning: ‘int v8::String::WriteUtf8(v8::Isolate*, char*, int, int*, int) const’ is deprecated: Use WriteUtf8V2 instead. [-Wdeprecated-declarations]
.../node_modules/tiny-secp256k1 install:  1173 |         length_ = string->WriteUtf8(v8::Isolate::GetCurrent(), str_,
.../node_modules/tiny-secp256k1 install:       |                   ~~~~~~~~~~~~~~~~~^~~~~~~~~~~~~~~~~~~~~~~~~~~~~~~~~
.../node_modules/tiny-secp256k1 install:  1174 |                                     static_cast<int>(len), 0, flags);
.../node_modules/tiny-secp256k1 install:       |                                     ~~~~~~~~~~~~~~~~~~~~~~~~~~~~~~~~
.../node_modules/tiny-secp256k1 install: In file included from /home/runner/.cache/node-gyp/24.0.0/include/node/v8-object.h:12,
.../node_modules/tiny-secp256k1 install:                  from /home/runner/.cache/node-gyp/24.0.0/include/node/v8-array-buffer.h:14,
.../node_modules/tiny-secp256k1 install:                  from /home/runner/.cache/node-gyp/24.0.0/include/node/v8.h:24,
.../node_modules/tiny-secp256k1 install:                  from /home/runner/.cache/node-gyp/24.0.0/include/node/node.h:74,
.../node_modules/tiny-secp256k1 install:                  from ../../../../nan@2.22.2/node_modules/nan/nan.h:62:
.../node_modules/tiny-secp256k1 install: /home/runner/.cache/node-gyp/24.0.0/include/node/v8-primitive.h:212:7: note: declared here
.../node_modules/tiny-secp256k1 install:   212 |   int WriteUtf8(Isolate* isolate, char* buffer, int length = -1,
.../node_modules/tiny-secp256k1 install:       |       ^~~~~~~~~
.../node_modules/tiny-secp256k1 install: ../../../../nan@2.22.2/node_modules/nan/nan.h: In function ‘v8::Local<v8::Value> Nan::Encode(const void*, size_t, Encoding)’:
.../node_modules/tiny-secp256k1 install: ../../../../nan@2.22.2/node_modules/nan/nan.h:2418:24: warning: ‘v8::Local<v8::Value> node::Encode(v8::Isolate*, const uint16_t*, size_t)’ is deprecated: Use TryEncode(...) instead [-Wdeprecated-declarations]
.../node_modules/tiny-secp256k1 install:  2418 |     return node::Encode(
.../node_modules/tiny-secp256k1 install:       |            ~~~~~~~~~~~~^
.../node_modules/tiny-secp256k1 install:  2419 |         isolate
.../node_modules/tiny-secp256k1 install:       |         ~~~~~~~         
.../node_modules/tiny-secp256k1 install:  2420 |       , reinterpret_cast<const uint16_t *>(buf)
.../node_modules/tiny-secp256k1 install:       |       ~~~~~~~~~~~~~~~~~~~~~~~~~~~~~~~~~~~~~~~~~
.../node_modules/tiny-secp256k1 install:  2421 |       , len / 2);
.../node_modules/tiny-secp256k1 install:       |       ~~~~~~~~~~        
.../node_modules/tiny-secp256k1 install: /home/runner/.cache/node-gyp/24.0.0/include/node/node.h:1173:50: note: declared here
.../node_modules/tiny-secp256k1 install:  1173 |                 NODE_EXTERN v8::Local<v8::Value> Encode(v8::Isolate* isolate,
.../node_modules/tiny-secp256k1 install:       |                                                  ^~~~~~
.../node_modules/tiny-secp256k1 install: /home/runner/.cache/node-gyp/24.0.0/include/node/node.h:117:42: note: in definition of macro ‘NODE_DEPRECATED’
.../node_modules/tiny-secp256k1 install:   117 |     __attribute__((deprecated(message))) declarator
.../node_modules/tiny-secp256k1 install:       |                                          ^~~~~~~~~~
.../node_modules/tiny-secp256k1 install: ../../../../nan@2.22.2/node_modules/nan/nan.h:2423:24: warning: ‘v8::Local<v8::Value> node::Encode(v8::Isolate*, const char*, size_t, encoding)’ is deprecated: Use TryEncode(...) instead [-Wdeprecated-declarations]
.../node_modules/tiny-secp256k1 install:  2423 |     return node::Encode(
.../node_modules/tiny-secp256k1 install:       |            ~~~~~~~~~~~~^
.../node_modules/tiny-secp256k1 install:  2424 |         isolate
.../node_modules/tiny-secp256k1 install:       |         ~~~~~~~         
.../node_modules/tiny-secp256k1 install:  2425 |       , reinterpret_cast<const char *>(buf)
.../node_modules/tiny-secp256k1 install:       |       ~~~~~~~~~~~~~~~~~~~~~~~~~~~~~~~~~~~~~
.../node_modules/tiny-secp256k1 install:  2426 |       , len
.../node_modules/tiny-secp256k1 install:       |       ~~~~~             
.../node_modules/tiny-secp256k1 install:  2427 |       , node_enc);
.../node_modules/tiny-secp256k1 install:       |       ~~~~~~~~~~~       
.../node_modules/tiny-secp256k1 install: /home/runner/.cache/node-gyp/24.0.0/include/node/node.h:1165:38: note: declared here
.../node_modules/tiny-secp256k1 install:  1165 |     NODE_EXTERN v8::Local<v8::Value> Encode(v8::Isolate* isolate,
.../node_modules/tiny-secp256k1 install:       |                                      ^~~~~~
.../node_modules/tiny-secp256k1 install: /home/runner/.cache/node-gyp/24.0.0/include/node/node.h:117:42: note: in definition of macro ‘NODE_DEPRECATED’
.../node_modules/tiny-secp256k1 install:   117 |     __attribute__((deprecated(message))) declarator
.../node_modules/tiny-secp256k1 install:       |                                          ^~~~~~~~~~
.../node_modules/tiny-secp256k1 install: ../native/addon.cpp: At global scope:
.../node_modules/tiny-secp256k1 install: /home/runner/.cache/node-gyp/24.0.0/include/node/node.h:1263:7: warning: cast between incompatible function types from ‘void (*)(Nan::ADDON_REGISTER_FUNCTION_ARGS_TYPE)’ {aka ‘void (*)(v8::Local<v8::Object>)’} to ‘node::addon_register_func’ {aka ‘void (*)(v8::Local<v8::Object>, v8::Local<v8::Value>, void*)’} [-Wcast-function-type]
.../node_modules/tiny-secp256k1 install:  1263 |       (node::addon_register_func) (regfunc),                          \
.../node_modules/tiny-secp256k1 install:       |       ^~~~~~~~~~~~~~~~~~~~~~~~~~~~~~~~~~~~~
.../node_modules/tiny-secp256k1 install: /home/runner/.cache/node-gyp/24.0.0/include/node/node.h:1297:3: note: in expansion of macro ‘NODE_MODULE_X’
.../node_modules/tiny-secp256k1 install:  1297 |   NODE_MODULE_X(modname, regfunc, NULL, 0)  // NOLINT (readability/null_usage)
.../node_modules/tiny-secp256k1 install:       |   ^~~~~~~~~~~~~
.../node_modules/tiny-secp256k1 install: ../native/addon.cpp:372:1: note: in expansion of macro ‘NODE_MODULE’
.../node_modules/tiny-secp256k1 install:   372 | NODE_MODULE(secp256k1, Init)
.../node_modules/tiny-secp256k1 install:       | ^~~~~~~~~~~
.../node_modules/secp256k1 install: In file included from ../src/addon.cc:2:
.../node_modules/secp256k1 install: ../../../../nan@2.22.2/node_modules/nan/nan.h: In constructor ‘Nan::Utf8String::Utf8String(v8::Local<v8::Value>)’:
.../node_modules/secp256k1 install: ../../../../nan@2.22.2/node_modules/nan/nan.h:1173:36: warning: ‘int v8::String::WriteUtf8(v8::Isolate*, char*, int, int*, int) const’ is deprecated: Use WriteUtf8V2 instead. [-Wdeprecated-declarations]
.../node_modules/secp256k1 install:  1173 |         length_ = string->WriteUtf8(v8::Isolate::GetCurrent(), str_,
.../node_modules/secp256k1 install:       |                   ~~~~~~~~~~~~~~~~~^~~~~~~~~~~~~~~~~~~~~~~~~~~~~~~~~
.../node_modules/secp256k1 install:  1174 |                                     static_cast<int>(len), 0, flags);
.../node_modules/secp256k1 install:       |                                     ~~~~~~~~~~~~~~~~~~~~~~~~~~~~~~~~
.../node_modules/secp256k1 install: In file included from /home/runner/.cache/node-gyp/24.0.0/include/node/v8-object.h:12,
.../node_modules/secp256k1 install:                  from /home/runner/.cache/node-gyp/24.0.0/include/node/v8-array-buffer.h:14,
.../node_modules/secp256k1 install:                  from /home/runner/.cache/node-gyp/24.0.0/include/node/v8.h:24,
.../node_modules/secp256k1 install:                  from /home/runner/.cache/node-gyp/24.0.0/include/node/node.h:74,
.../node_modules/secp256k1 install:                  from ../src/addon.cc:1:
.../node_modules/secp256k1 install: /home/runner/.cache/node-gyp/24.0.0/include/node/v8-primitive.h:212:7: note: declared here
.../node_modules/secp256k1 install:   212 |   int WriteUtf8(Isolate* isolate, char* buffer, int length = -1,
.../node_modules/secp256k1 install:       |       ^~~~~~~~~
.../node_modules/secp256k1 install: ../../../../nan@2.22.2/node_modules/nan/nan.h: In function ‘v8::Local<v8::Value> Nan::Encode(const void*, size_t, Encoding)’:
.../node_modules/secp256k1 install: ../../../../nan@2.22.2/node_modules/nan/nan.h:2418:24: warning: ‘v8::Local<v8::Value> node::Encode(v8::Isolate*, const uint16_t*, size_t)’ is deprecated: Use TryEncode(...) instead [-Wdeprecated-declarations]
.../node_modules/secp256k1 install:  2418 |     return node::Encode(
.../node_modules/secp256k1 install:       |            ~~~~~~~~~~~~^
.../node_modules/secp256k1 install:  2419 |         isolate
.../node_modules/secp256k1 install:       |         ~~~~~~~         
.../node_modules/secp256k1 install:  2420 |       , reinterpret_cast<const uint16_t *>(buf)
.../node_modules/secp256k1 install:       |       ~~~~~~~~~~~~~~~~~~~~~~~~~~~~~~~~~~~~~~~~~
.../node_modules/secp256k1 install:  2421 |       , len / 2);
.../node_modules/secp256k1 install:       |       ~~~~~~~~~~        
.../node_modules/secp256k1 install: /home/runner/.cache/node-gyp/24.0.0/include/node/node.h:1173:50: note: declared here
.../node_modules/secp256k1 install:  1173 |                 NODE_EXTERN v8::Local<v8::Value> Encode(v8::Isolate* isolate,
.../node_modules/secp256k1 install:       |                                                  ^~~~~~
.../node_modules/secp256k1 install: /home/runner/.cache/node-gyp/24.0.0/include/node/node.h:117:42: note: in definition of macro ‘NODE_DEPRECATED’
.../node_modules/secp256k1 install:   117 |     __attribute__((deprecated(message))) declarator
.../node_modules/secp256k1 install:       |                                          ^~~~~~~~~~
.../node_modules/secp256k1 install: ../../../../nan@2.22.2/node_modules/nan/nan.h:2423:24: warning: ‘v8::Local<v8::Value> node::Encode(v8::Isolate*, const char*, size_t, encoding)’ is deprecated: Use TryEncode(...) instead [-Wdeprecated-declarations]
.../node_modules/secp256k1 install:  2423 |     return node::Encode(
.../node_modules/secp256k1 install:       |            ~~~~~~~~~~~~^
.../node_modules/secp256k1 install:  2424 |         isolate
.../node_modules/secp256k1 install:       |         ~~~~~~~         
.../node_modules/secp256k1 install:  2425 |       , reinterpret_cast<const char *>(buf)
.../node_modules/secp256k1 install:       |       ~~~~~~~~~~~~~~~~~~~~~~~~~~~~~~~~~~~~~
.../node_modules/secp256k1 install:  2426 |       , len
.../node_modules/secp256k1 install:       |       ~~~~~             
.../node_modules/secp256k1 install:  2427 |       , node_enc);
.../node_modules/secp256k1 install:       |       ~~~~~~~~~~~       
.../node_modules/secp256k1 install: /home/runner/.cache/node-gyp/24.0.0/include/node/node.h:1165:38: note: declared here
.../node_modules/secp256k1 install:  1165 |     NODE_EXTERN v8::Local<v8::Value> Encode(v8::Isolate* isolate,
.../node_modules/secp256k1 install:       |                                      ^~~~~~
.../node_modules/secp256k1 install: /home/runner/.cache/node-gyp/24.0.0/include/node/node.h:117:42: note: in definition of macro ‘NODE_DEPRECATED’
.../node_modules/secp256k1 install:   117 |     __attribute__((deprecated(message))) declarator
.../node_modules/secp256k1 install:       |                                          ^~~~~~~~~~
.../node_modules/tiny-secp256k1 install: ../native/addon.cpp: In instantiation of ‘unsigned int {anonymous}::assumeCompression(const I&, const A&) [with long unsigned int index = 2; I = Nan::FunctionCallbackInfo<v8::Value>; A = v8::Local<v8::Object>]’:
.../node_modules/tiny-secp256k1 install: ../native/addon.cpp:151:41:   required from here
.../node_modules/tiny-secp256k1 install: ../native/addon.cpp:80:35: warning: comparison of integer expressions of different signedness: ‘int’ and ‘long unsigned int’ [-Wsign-compare]
.../node_modules/tiny-secp256k1 install:    80 |                 if (info.Length() <= index || info[index]->IsUndefined()) {
.../node_modules/tiny-secp256k1 install:       |                     ~~~~~~~~~~~~~~^~~~~~~~
.../node_modules/tiny-secp256k1 install: ../native/addon.cpp: In instantiation of ‘unsigned int {anonymous}::assumeCompression(const I&, const A&) [with long unsigned int index = 1; I = Nan::FunctionCallbackInfo<v8::Value>; A = v8::Local<v8::Object>]’:
.../node_modules/tiny-secp256k1 install: ../native/addon.cpp:183:41:   required from here
.../node_modules/tiny-secp256k1 install: ../native/addon.cpp:80:35: warning: comparison of integer expressions of different signedness: ‘int’ and ‘long unsigned int’ [-Wsign-compare]
.../node_modules/tiny-secp256k1 install: ../native/addon.cpp: In instantiation of ‘unsigned int {anonymous}::assumeCompression(const I&) [with long unsigned int index = 1; I = Nan::FunctionCallbackInfo<v8::Value>]’:
.../node_modules/tiny-secp256k1 install: ../native/addon.cpp:198:41:   required from here
.../node_modules/tiny-secp256k1 install: ../native/addon.cpp:92:35: warning: comparison of integer expressions of different signedness: ‘int’ and ‘long unsigned int’ [-Wsign-compare]
.../node_modules/tiny-secp256k1 install:    92 |                 if (info.Length() <= index) return SECP256K1_EC_COMPRESSED;
.../node_modules/tiny-secp256k1 install:       |                     ~~~~~~~~~~~~~~^~~~~~~~
.../node_modules/secp256k1 install: ../src/addon.cc: At global scope:
.../node_modules/secp256k1 install: /home/runner/.cache/node-gyp/24.0.0/include/node/node.h:1263:7: warning: cast between incompatible function types from ‘void (*)(Nan::ADDON_REGISTER_FUNCTION_ARGS_TYPE)’ {aka ‘void (*)(v8::Local<v8::Object>)’} to ‘node::addon_register_func’ {aka ‘void (*)(v8::Local<v8::Object>, v8::Local<v8::Value>, void*)’} [-Wcast-function-type]
.../node_modules/secp256k1 install:  1263 |       (node::addon_register_func) (regfunc),                          \
.../node_modules/secp256k1 install:       |       ^~~~~~~~~~~~~~~~~~~~~~~~~~~~~~~~~~~~~
.../node_modules/secp256k1 install: /home/runner/.cache/node-gyp/24.0.0/include/node/node.h:1297:3: note: in expansion of macro ‘NODE_MODULE_X’
.../node_modules/secp256k1 install:  1297 |   NODE_MODULE_X(modname, regfunc, NULL, 0)  // NOLINT (readability/null_usage)
.../node_modules/secp256k1 install:       |   ^~~~~~~~~~~~~
.../node_modules/secp256k1 install: ../src/addon.cc:50:1: note: in expansion of macro ‘NODE_MODULE’
.../node_modules/secp256k1 install:    50 | NODE_MODULE(secp256k1, Init)
.../node_modules/secp256k1 install:       | ^~~~~~~~~~~
.../node_modules/tiny-secp256k1 install: ../native/addon.cpp: In function ‘Nan::NAN_METHOD_RETURN_TYPE eccPrivateSub(Nan::NAN_METHOD_ARGS_TYPE)’:
.../node_modules/tiny-secp256k1 install: ../native/addon.cpp:249:36: warning: ignoring return value of ‘int secp256k1_ec_privkey_negate(const secp256k1_context*, unsigned char*)’ declared with attribute ‘warn_unused_result’ [-Wunused-result]
.../node_modules/tiny-secp256k1 install:   249 |         secp256k1_ec_privkey_negate(context, tweak_negated); // returns 1 always
.../node_modules/tiny-secp256k1 install:       |         ~~~~~~~~~~~~~~~~~~~~~~~~~~~^~~~~~~~~~~~~~~~~~~~~~~~
.../node_modules/secp256k1 install:   CXX(target) Release/obj.target/secp256k1/src/privatekey.o
.../node_modules/tiny-secp256k1 install:   CC(target) Release/obj.target/secp256k1/native/secp256k1/src/secp256k1.o
.../node_modules/tiny-secp256k1 install: In file included from ../native/secp256k1/src/assumptions.h:12,
.../node_modules/tiny-secp256k1 install:                  from ../native/secp256k1/src/secp256k1.c:10:
.../node_modules/tiny-secp256k1 install: ../native/secp256k1/src/secp256k1.c: In function ‘secp256k1_context_preallocated_clone’:
.../node_modules/tiny-secp256k1 install: ../native/secp256k1/src/secp256k1.c:30:16: warning: ‘nonnull’ argument ‘prealloc’ compared to NULL [-Wnonnull-compare]
.../node_modules/tiny-secp256k1 install:    30 |     if (EXPECT(!(cond), 0)) { \
.../node_modules/tiny-secp256k1 install: ../native/secp256k1/src/util.h:41:39: note: in definition of macro ‘EXPECT’
.../node_modules/tiny-secp256k1 install:    41 | #define EXPECT(x,c) __builtin_expect((x),(c))
.../node_modules/tiny-secp256k1 install:       |                                       ^
.../node_modules/tiny-secp256k1 install: ../native/secp256k1/src/secp256k1.c:168:5: note: in expansion of macro ‘ARG_CHECK’
.../node_modules/tiny-secp256k1 install:   168 |     ARG_CHECK(prealloc != NULL);
.../node_modules/tiny-secp256k1 install:       |     ^~~~~~~~~
.../node_modules/tiny-secp256k1 install: ../native/secp256k1/src/secp256k1.c: In function ‘secp256k1_ec_pubkey_parse’:
.../node_modules/tiny-secp256k1 install: ../native/secp256k1/src/secp256k1.c:30:16: warning: ‘nonnull’ argument ‘pubkey’ compared to NULL [-Wnonnull-compare]
.../node_modules/tiny-secp256k1 install:    30 |     if (EXPECT(!(cond), 0)) { \
.../node_modules/tiny-secp256k1 install: ../native/secp256k1/src/util.h:41:39: note: in definition of macro ‘EXPECT’
.../node_modules/tiny-secp256k1 install:    41 | #define EXPECT(x,c) __builtin_expect((x),(c))
.../node_modules/tiny-secp256k1 install:       |                                       ^
.../node_modules/tiny-secp256k1 install: ../native/secp256k1/src/secp256k1.c:283:5: note: in expansion of macro ‘ARG_CHECK’
.../node_modules/tiny-secp256k1 install:   283 |     ARG_CHECK(pubkey != NULL);
.../node_modules/tiny-secp256k1 install:       |     ^~~~~~~~~
.../node_modules/tiny-secp256k1 install: ../native/secp256k1/src/secp256k1.c:30:16: warning: ‘nonnull’ argument ‘input’ compared to NULL [-Wnonnull-compare]
.../node_modules/tiny-secp256k1 install:    30 |     if (EXPECT(!(cond), 0)) { \
.../node_modules/tiny-secp256k1 install: ../native/secp256k1/src/util.h:41:39: note: in definition of macro ‘EXPECT’
.../node_modules/tiny-secp256k1 install:    41 | #define EXPECT(x,c) __builtin_expect((x),(c))
.../node_modules/tiny-secp256k1 install:       |                                       ^
.../node_modules/tiny-secp256k1 install: ../native/secp256k1/src/secp256k1.c:285:5: note: in expansion of macro ‘ARG_CHECK’
.../node_modules/tiny-secp256k1 install:   285 |     ARG_CHECK(input != NULL);
.../node_modules/tiny-secp256k1 install:       |     ^~~~~~~~~
.../node_modules/tiny-secp256k1 install: ../native/secp256k1/src/secp256k1.c: In function ‘secp256k1_ec_pubkey_serialize’:
.../node_modules/tiny-secp256k1 install: ../native/secp256k1/src/secp256k1.c:30:16: warning: ‘nonnull’ argument ‘output’ compared to NULL [-Wnonnull-compare]
.../node_modules/tiny-secp256k1 install:    30 |     if (EXPECT(!(cond), 0)) { \
.../node_modules/tiny-secp256k1 install: ../native/secp256k1/src/util.h:41:39: note: in definition of macro ‘EXPECT’
.../node_modules/tiny-secp256k1 install:    41 | #define EXPECT(x,c) __builtin_expect((x),(c))
.../node_modules/tiny-secp256k1 install:       |                                       ^
.../node_modules/tiny-secp256k1 install: ../native/secp256k1/src/secp256k1.c:307:5: note: in expansion of macro ‘ARG_CHECK’
.../node_modules/tiny-secp256k1 install:   307 |     ARG_CHECK(output != NULL);
.../node_modules/tiny-secp256k1 install:       |     ^~~~~~~~~
.../node_modules/tiny-secp256k1 install: ../native/secp256k1/src/secp256k1.c:30:16: warning: ‘nonnull’ argument ‘outputlen’ compared to NULL [-Wnonnull-compare]
.../node_modules/tiny-secp256k1 install:    30 |     if (EXPECT(!(cond), 0)) { \
.../node_modules/tiny-secp256k1 install: ../native/secp256k1/src/util.h:41:39: note: in definition of macro ‘EXPECT’
.../node_modules/tiny-secp256k1 install:    41 | #define EXPECT(x,c) __builtin_expect((x),(c))
.../node_modules/tiny-secp256k1 install:       |                                       ^
.../node_modules/tiny-secp256k1 install: ../native/secp256k1/src/secp256k1.c:303:5: note: in expansion of macro ‘ARG_CHECK’
.../node_modules/tiny-secp256k1 install:   303 |     ARG_CHECK(outputlen != NULL);
.../node_modules/tiny-secp256k1 install:       |     ^~~~~~~~~
.../node_modules/tiny-secp256k1 install: ../native/secp256k1/src/secp256k1.c:30:16: warning: ‘nonnull’ argument ‘pubkey’ compared to NULL [-Wnonnull-compare]
.../node_modules/tiny-secp256k1 install:    30 |     if (EXPECT(!(cond), 0)) { \
.../node_modules/tiny-secp256k1 install: ../native/secp256k1/src/util.h:41:39: note: in definition of macro ‘EXPECT’
.../node_modules/tiny-secp256k1 install:    41 | #define EXPECT(x,c) __builtin_expect((x),(c))
.../node_modules/tiny-secp256k1 install:       |                                       ^
.../node_modules/tiny-secp256k1 install: ../native/secp256k1/src/secp256k1.c:309:5: note: in expansion of macro ‘ARG_CHECK’
.../node_modules/tiny-secp256k1 install:   309 |     ARG_CHECK(pubkey != NULL);
.../node_modules/tiny-secp256k1 install:       |     ^~~~~~~~~
.../node_modules/tiny-secp256k1 install: ../native/secp256k1/src/secp256k1.c: In function ‘secp256k1_ecdsa_signature_parse_der’:
.../node_modules/tiny-secp256k1 install: ../native/secp256k1/src/secp256k1.c:30:16: warning: ‘nonnull’ argument ‘sig’ compared to NULL [-Wnonnull-compare]
.../node_modules/tiny-secp256k1 install:    30 |     if (EXPECT(!(cond), 0)) { \
.../node_modules/tiny-secp256k1 install: ../native/secp256k1/src/util.h:41:39: note: in definition of macro ‘EXPECT’
.../node_modules/tiny-secp256k1 install:    41 | #define EXPECT(x,c) __builtin_expect((x),(c))
.../node_modules/tiny-secp256k1 install:       |                                       ^
.../node_modules/tiny-secp256k1 install: ../native/secp256k1/src/secp256k1.c:348:5: note: in expansion of macro ‘ARG_CHECK’
.../node_modules/tiny-secp256k1 install:   348 |     ARG_CHECK(sig != NULL);
.../node_modules/tiny-secp256k1 install:       |     ^~~~~~~~~
.../node_modules/tiny-secp256k1 install: ../native/secp256k1/src/secp256k1.c:30:16: warning: ‘nonnull’ argument ‘input’ compared to NULL [-Wnonnull-compare]
.../node_modules/tiny-secp256k1 install:    30 |     if (EXPECT(!(cond), 0)) { \
.../node_modules/tiny-secp256k1 install: ../native/secp256k1/src/util.h:41:39: note: in definition of macro ‘EXPECT’
.../node_modules/tiny-secp256k1 install:    41 | #define EXPECT(x,c) __builtin_expect((x),(c))
.../node_modules/tiny-secp256k1 install:       |                                       ^
.../node_modules/tiny-secp256k1 install: ../native/secp256k1/src/secp256k1.c:349:5: note: in expansion of macro ‘ARG_CHECK’
.../node_modules/tiny-secp256k1 install:   349 |     ARG_CHECK(input != NULL);
.../node_modules/tiny-secp256k1 install:       |     ^~~~~~~~~
.../node_modules/tiny-secp256k1 install: ../native/secp256k1/src/secp256k1.c: In function ‘secp256k1_ecdsa_signature_parse_compact’:
.../node_modules/tiny-secp256k1 install: ../native/secp256k1/src/secp256k1.c:30:16: warning: ‘nonnull’ argument ‘sig’ compared to NULL [-Wnonnull-compare]
.../node_modules/tiny-secp256k1 install:    30 |     if (EXPECT(!(cond), 0)) { \
.../node_modules/tiny-secp256k1 install: ../native/secp256k1/src/util.h:41:39: note: in definition of macro ‘EXPECT’
.../node_modules/tiny-secp256k1 install:    41 | #define EXPECT(x,c) __builtin_expect((x),(c))
.../node_modules/tiny-secp256k1 install:       |                                       ^
.../node_modules/tiny-secp256k1 install: ../native/secp256k1/src/secp256k1.c:366:5: note: in expansion of macro ‘ARG_CHECK’
.../node_modules/tiny-secp256k1 install:   366 |     ARG_CHECK(sig != NULL);
.../node_modules/tiny-secp256k1 install:       |     ^~~~~~~~~
.../node_modules/tiny-secp256k1 install: ../native/secp256k1/src/secp256k1.c:30:16: warning: ‘nonnull’ argument ‘input64’ compared to NULL [-Wnonnull-compare]
.../node_modules/tiny-secp256k1 install:    30 |     if (EXPECT(!(cond), 0)) { \
.../node_modules/tiny-secp256k1 install: ../native/secp256k1/src/util.h:41:39: note: in definition of macro ‘EXPECT’
.../node_modules/tiny-secp256k1 install:    41 | #define EXPECT(x,c) __builtin_expect((x),(c))
.../node_modules/tiny-secp256k1 install:       |                                       ^
.../node_modules/tiny-secp256k1 install: ../native/secp256k1/src/secp256k1.c:367:5: note: in expansion of macro ‘ARG_CHECK’
.../node_modules/tiny-secp256k1 install:   367 |     ARG_CHECK(input64 != NULL);
.../node_modules/tiny-secp256k1 install:       |     ^~~~~~~~~
.../node_modules/tiny-secp256k1 install: ../native/secp256k1/src/secp256k1.c: In function ‘secp256k1_ecdsa_signature_serialize_der’:
.../node_modules/tiny-secp256k1 install: ../native/secp256k1/src/secp256k1.c:30:16: warning: ‘nonnull’ argument ‘output’ compared to NULL [-Wnonnull-compare]
.../node_modules/tiny-secp256k1 install:    30 |     if (EXPECT(!(cond), 0)) { \
.../node_modules/tiny-secp256k1 install: ../native/secp256k1/src/util.h:41:39: note: in definition of macro ‘EXPECT’
.../node_modules/tiny-secp256k1 install:    41 | #define EXPECT(x,c) __builtin_expect((x),(c))
.../node_modules/tiny-secp256k1 install:       |                                       ^
.../node_modules/tiny-secp256k1 install: ../native/secp256k1/src/secp256k1.c:385:5: note: in expansion of macro ‘ARG_CHECK’
.../node_modules/tiny-secp256k1 install:   385 |     ARG_CHECK(output != NULL);
.../node_modules/tiny-secp256k1 install:       |     ^~~~~~~~~
.../node_modules/tiny-secp256k1 install: ../native/secp256k1/src/secp256k1.c:30:16: warning: ‘nonnull’ argument ‘outputlen’ compared to NULL [-Wnonnull-compare]
.../node_modules/tiny-secp256k1 install:    30 |     if (EXPECT(!(cond), 0)) { \
.../node_modules/tiny-secp256k1 install: ../native/secp256k1/src/util.h:41:39: note: in definition of macro ‘EXPECT’
.../node_modules/tiny-secp256k1 install:    41 | #define EXPECT(x,c) __builtin_expect((x),(c))
.../node_modules/tiny-secp256k1 install:       |                                       ^
.../node_modules/tiny-secp256k1 install: ../native/secp256k1/src/secp256k1.c:386:5: note: in expansion of macro ‘ARG_CHECK’
.../node_modules/tiny-secp256k1 install:   386 |     ARG_CHECK(outputlen != NULL);
.../node_modules/tiny-secp256k1 install:       |     ^~~~~~~~~
.../node_modules/tiny-secp256k1 install: ../native/secp256k1/src/secp256k1.c:30:16: warning: ‘nonnull’ argument ‘sig’ compared to NULL [-Wnonnull-compare]
.../node_modules/tiny-secp256k1 install:    30 |     if (EXPECT(!(cond), 0)) { \
.../node_modules/tiny-secp256k1 install: ../native/secp256k1/src/util.h:41:39: note: in definition of macro ‘EXPECT’
.../node_modules/tiny-secp256k1 install:    41 | #define EXPECT(x,c) __builtin_expect((x),(c))
.../node_modules/tiny-secp256k1 install:       |                                       ^
.../node_modules/tiny-secp256k1 install: ../native/secp256k1/src/secp256k1.c:387:5: note: in expansion of macro ‘ARG_CHECK’
.../node_modules/tiny-secp256k1 install:   387 |     ARG_CHECK(sig != NULL);
.../node_modules/tiny-secp256k1 install:       |     ^~~~~~~~~
.../node_modules/tiny-secp256k1 install: ../native/secp256k1/src/secp256k1.c: In function ‘secp256k1_ecdsa_signature_serialize_compact’:
.../node_modules/tiny-secp256k1 install: ../native/secp256k1/src/secp256k1.c:30:16: warning: ‘nonnull’ argument ‘output64’ compared to NULL [-Wnonnull-compare]
.../node_modules/tiny-secp256k1 install:    30 |     if (EXPECT(!(cond), 0)) { \
.../node_modules/tiny-secp256k1 install: ../native/secp256k1/src/util.h:41:39: note: in definition of macro ‘EXPECT’
.../node_modules/tiny-secp256k1 install:    41 | #define EXPECT(x,c) __builtin_expect((x),(c))
.../node_modules/tiny-secp256k1 install:       |                                       ^
.../node_modules/tiny-secp256k1 install: ../native/secp256k1/src/secp256k1.c:397:5: note: in expansion of macro ‘ARG_CHECK’
.../node_modules/tiny-secp256k1 install:   397 |     ARG_CHECK(output64 != NULL);
.../node_modules/tiny-secp256k1 install:       |     ^~~~~~~~~
.../node_modules/tiny-secp256k1 install: ../native/secp256k1/src/secp256k1.c:30:16: warning: ‘nonnull’ argument ‘sig’ compared to NULL [-Wnonnull-compare]
.../node_modules/tiny-secp256k1 install:    30 |     if (EXPECT(!(cond), 0)) { \
.../node_modules/tiny-secp256k1 install: ../native/secp256k1/src/util.h:41:39: note: in definition of macro ‘EXPECT’
.../node_modules/tiny-secp256k1 install:    41 | #define EXPECT(x,c) __builtin_expect((x),(c))
.../node_modules/tiny-secp256k1 install:       |                                       ^
.../node_modules/tiny-secp256k1 install: ../native/secp256k1/src/secp256k1.c:398:5: note: in expansion of macro ‘ARG_CHECK’
.../node_modules/tiny-secp256k1 install:   398 |     ARG_CHECK(sig != NULL);
.../node_modules/tiny-secp256k1 install:       |     ^~~~~~~~~
.../node_modules/tiny-secp256k1 install: ../native/secp256k1/src/secp256k1.c: In function ‘secp256k1_ecdsa_signature_normalize’:
.../node_modules/tiny-secp256k1 install: ../native/secp256k1/src/secp256k1.c:30:16: warning: ‘nonnull’ argument ‘sigin’ compared to NULL [-Wnonnull-compare]
.../node_modules/tiny-secp256k1 install:    30 |     if (EXPECT(!(cond), 0)) { \
.../node_modules/tiny-secp256k1 install: ../native/secp256k1/src/util.h:41:39: note: in definition of macro ‘EXPECT’
.../node_modules/tiny-secp256k1 install:    41 | #define EXPECT(x,c) __builtin_expect((x),(c))
.../node_modules/tiny-secp256k1 install:       |                                       ^
.../node_modules/tiny-secp256k1 install: ../native/secp256k1/src/secp256k1.c:411:5: note: in expansion of macro ‘ARG_CHECK’
.../node_modules/tiny-secp256k1 install:   411 |     ARG_CHECK(sigin != NULL);
.../node_modules/tiny-secp256k1 install:       |     ^~~~~~~~~
.../node_modules/tiny-secp256k1 install: ../native/secp256k1/src/secp256k1.c: In function ‘secp256k1_ecdsa_verify’:
.../node_modules/tiny-secp256k1 install: ../native/secp256k1/src/secp256k1.c:30:16: warning: ‘nonnull’ argument ‘sig’ compared to NULL [-Wnonnull-compare]
.../node_modules/tiny-secp256k1 install:    30 |     if (EXPECT(!(cond), 0)) { \
.../node_modules/tiny-secp256k1 install: ../native/secp256k1/src/util.h:41:39: note: in definition of macro ‘EXPECT’
.../node_modules/tiny-secp256k1 install:    41 | #define EXPECT(x,c) __builtin_expect((x),(c))
.../node_modules/tiny-secp256k1 install:       |                                       ^
.../node_modules/tiny-secp256k1 install: ../native/secp256k1/src/secp256k1.c:432:5: note: in expansion of macro ‘ARG_CHECK’
.../node_modules/tiny-secp256k1 install:   432 |     ARG_CHECK(sig != NULL);
.../node_modules/tiny-secp256k1 install:       |     ^~~~~~~~~
.../node_modules/tiny-secp256k1 install: ../native/secp256k1/src/secp256k1.c:30:16: warning: ‘nonnull’ argument ‘msg32’ compared to NULL [-Wnonnull-compare]
.../node_modules/tiny-secp256k1 install:    30 |     if (EXPECT(!(cond), 0)) { \
.../node_modules/tiny-secp256k1 install: ../native/secp256k1/src/util.h:41:39: note: in definition of macro ‘EXPECT’
.../node_modules/tiny-secp256k1 install:    41 | #define EXPECT(x,c) __builtin_expect((x),(c))
.../node_modules/tiny-secp256k1 install:       |                                       ^
.../node_modules/tiny-secp256k1 install: ../native/secp256k1/src/secp256k1.c:431:5: note: in expansion of macro ‘ARG_CHECK’
.../node_modules/tiny-secp256k1 install:   431 |     ARG_CHECK(msg32 != NULL);
.../node_modules/tiny-secp256k1 install:       |     ^~~~~~~~~
.../node_modules/tiny-secp256k1 install: ../native/secp256k1/src/secp256k1.c:30:16: warning: ‘nonnull’ argument ‘pubkey’ compared to NULL [-Wnonnull-compare]
.../node_modules/tiny-secp256k1 install:    30 |     if (EXPECT(!(cond), 0)) { \
.../node_modules/tiny-secp256k1 install: ../native/secp256k1/src/util.h:41:39: note: in definition of macro ‘EXPECT’
.../node_modules/tiny-secp256k1 install:    41 | #define EXPECT(x,c) __builtin_expect((x),(c))
.../node_modules/tiny-secp256k1 install:       |                                       ^
.../node_modules/tiny-secp256k1 install: ../native/secp256k1/src/secp256k1.c:433:5: note: in expansion of macro ‘ARG_CHECK’
.../node_modules/tiny-secp256k1 install:   433 |     ARG_CHECK(pubkey != NULL);
.../node_modules/tiny-secp256k1 install:       |     ^~~~~~~~~
.../node_modules/tiny-secp256k1 install: ../native/secp256k1/src/secp256k1.c: In function ‘secp256k1_ecdsa_sign’:
.../node_modules/tiny-secp256k1 install: ../native/secp256k1/src/secp256k1.c:30:16: warning: ‘nonnull’ argument ‘signature’ compared to NULL [-Wnonnull-compare]
.../node_modules/tiny-secp256k1 install:    30 |     if (EXPECT(!(cond), 0)) { \
.../node_modules/tiny-secp256k1 install: ../native/secp256k1/src/util.h:41:39: note: in definition of macro ‘EXPECT’
.../node_modules/tiny-secp256k1 install:    41 | #define EXPECT(x,c) __builtin_expect((x),(c))
.../node_modules/tiny-secp256k1 install:       |                                       ^
.../node_modules/tiny-secp256k1 install: ../native/secp256k1/src/secp256k1.c:542:5: note: in expansion of macro ‘ARG_CHECK’
.../node_modules/tiny-secp256k1 install:   542 |     ARG_CHECK(signature != NULL);
.../node_modules/tiny-secp256k1 install:       |     ^~~~~~~~~
.../node_modules/tiny-secp256k1 install: ../native/secp256k1/src/secp256k1.c:30:16: warning: ‘nonnull’ argument ‘msg32’ compared to NULL [-Wnonnull-compare]
.../node_modules/tiny-secp256k1 install:    30 |     if (EXPECT(!(cond), 0)) { \
.../node_modules/tiny-secp256k1 install: ../native/secp256k1/src/util.h:41:39: note: in definition of macro ‘EXPECT’
.../node_modules/tiny-secp256k1 install:    41 | #define EXPECT(x,c) __builtin_expect((x),(c))
.../node_modules/tiny-secp256k1 install:       |                                       ^
.../node_modules/tiny-secp256k1 install: ../native/secp256k1/src/secp256k1.c:541:5: note: in expansion of macro ‘ARG_CHECK’
.../node_modules/tiny-secp256k1 install:   541 |     ARG_CHECK(msg32 != NULL);
.../node_modules/tiny-secp256k1 install:       |     ^~~~~~~~~
.../node_modules/tiny-secp256k1 install: ../native/secp256k1/src/secp256k1.c:30:16: warning: ‘nonnull’ argument ‘seckey’ compared to NULL [-Wnonnull-compare]
.../node_modules/tiny-secp256k1 install:    30 |     if (EXPECT(!(cond), 0)) { \
.../node_modules/tiny-secp256k1 install: ../native/secp256k1/src/util.h:41:39: note: in definition of macro ‘EXPECT’
.../node_modules/tiny-secp256k1 install:    41 | #define EXPECT(x,c) __builtin_expect((x),(c))
.../node_modules/tiny-secp256k1 install:       |                                       ^
.../node_modules/tiny-secp256k1 install: ../native/secp256k1/src/secp256k1.c:543:5: note: in expansion of macro ‘ARG_CHECK’
.../node_modules/tiny-secp256k1 install:   543 |     ARG_CHECK(seckey != NULL);
.../node_modules/tiny-secp256k1 install:       |     ^~~~~~~~~
.../node_modules/tiny-secp256k1 install: ../native/secp256k1/src/secp256k1.c: In function ‘secp256k1_ec_seckey_verify’:
.../node_modules/tiny-secp256k1 install: ../native/secp256k1/src/secp256k1.c:30:16: warning: ‘nonnull’ argument ‘seckey’ compared to NULL [-Wnonnull-compare]
.../node_modules/tiny-secp256k1 install:    30 |     if (EXPECT(!(cond), 0)) { \
.../node_modules/tiny-secp256k1 install: ../native/secp256k1/src/util.h:41:39: note: in definition of macro ‘EXPECT’
.../node_modules/tiny-secp256k1 install:    41 | #define EXPECT(x,c) __builtin_expect((x),(c))
.../node_modules/tiny-secp256k1 install:       |                                       ^
.../node_modules/tiny-secp256k1 install: ../native/secp256k1/src/secp256k1.c:554:5: note: in expansion of macro ‘ARG_CHECK’
.../node_modules/tiny-secp256k1 install:   554 |     ARG_CHECK(seckey != NULL);
.../node_modules/tiny-secp256k1 install:       |     ^~~~~~~~~
.../node_modules/tiny-secp256k1 install: ../native/secp256k1/src/secp256k1.c: In function ‘secp256k1_ec_pubkey_create’:
.../node_modules/tiny-secp256k1 install: ../native/secp256k1/src/secp256k1.c:30:16: warning: ‘nonnull’ argument ‘pubkey’ compared to NULL [-Wnonnull-compare]
.../node_modules/tiny-secp256k1 install:    30 |     if (EXPECT(!(cond), 0)) { \
.../node_modules/tiny-secp256k1 install: ../native/secp256k1/src/util.h:41:39: note: in definition of macro ‘EXPECT’
.../node_modules/tiny-secp256k1 install:    41 | #define EXPECT(x,c) __builtin_expect((x),(c))
.../node_modules/tiny-secp256k1 install:       |                                       ^
.../node_modules/tiny-secp256k1 install: ../native/secp256k1/src/secp256k1.c:578:5: note: in expansion of macro ‘ARG_CHECK’
.../node_modules/tiny-secp256k1 install:   578 |     ARG_CHECK(pubkey != NULL);
.../node_modules/tiny-secp256k1 install:       |     ^~~~~~~~~
.../node_modules/tiny-secp256k1 install: ../native/secp256k1/src/secp256k1.c:30:16: warning: ‘nonnull’ argument ‘seckey’ compared to NULL [-Wnonnull-compare]
.../node_modules/tiny-secp256k1 install:    30 |     if (EXPECT(!(cond), 0)) { \
.../node_modules/tiny-secp256k1 install: ../native/secp256k1/src/util.h:41:39: note: in definition of macro ‘EXPECT’
.../node_modules/tiny-secp256k1 install:    41 | #define EXPECT(x,c) __builtin_expect((x),(c))
.../node_modules/tiny-secp256k1 install:       |                                       ^
.../node_modules/tiny-secp256k1 install: ../native/secp256k1/src/secp256k1.c:581:5: note: in expansion of macro ‘ARG_CHECK’
.../node_modules/tiny-secp256k1 install:   581 |     ARG_CHECK(seckey != NULL);
.../node_modules/tiny-secp256k1 install:       |     ^~~~~~~~~
.../node_modules/tiny-secp256k1 install: ../native/secp256k1/src/secp256k1.c: In function ‘secp256k1_ec_seckey_negate’:
.../node_modules/tiny-secp256k1 install: ../native/secp256k1/src/secp256k1.c:30:16: warning: ‘nonnull’ argument ‘seckey’ compared to NULL [-Wnonnull-compare]
.../node_modules/tiny-secp256k1 install:    30 |     if (EXPECT(!(cond), 0)) { \
.../node_modules/tiny-secp256k1 install: ../native/secp256k1/src/util.h:41:39: note: in definition of macro ‘EXPECT’
.../node_modules/tiny-secp256k1 install:    41 | #define EXPECT(x,c) __builtin_expect((x),(c))
.../node_modules/tiny-secp256k1 install:       |                                       ^
.../node_modules/tiny-secp256k1 install: ../native/secp256k1/src/secp256k1.c:595:5: note: in expansion of macro ‘ARG_CHECK’
.../node_modules/tiny-secp256k1 install:   595 |     ARG_CHECK(seckey != NULL);
.../node_modules/tiny-secp256k1 install:       |     ^~~~~~~~~
.../node_modules/tiny-secp256k1 install: ../native/secp256k1/src/secp256k1.c: In function ‘secp256k1_ec_pubkey_negate’:
.../node_modules/tiny-secp256k1 install: ../native/secp256k1/src/secp256k1.c:30:16: warning: ‘nonnull’ argument ‘pubkey’ compared to NULL [-Wnonnull-compare]
.../node_modules/tiny-secp256k1 install:    30 |     if (EXPECT(!(cond), 0)) { \
.../node_modules/tiny-secp256k1 install: ../native/secp256k1/src/util.h:41:39: note: in definition of macro ‘EXPECT’
.../node_modules/tiny-secp256k1 install:    41 | #define EXPECT(x,c) __builtin_expect((x),(c))
.../node_modules/tiny-secp256k1 install:       |                                       ^
.../node_modules/tiny-secp256k1 install: ../native/secp256k1/src/secp256k1.c:614:5: note: in expansion of macro ‘ARG_CHECK’
.../node_modules/tiny-secp256k1 install:   614 |     ARG_CHECK(pubkey != NULL);
.../node_modules/tiny-secp256k1 install:       |     ^~~~~~~~~
.../node_modules/tiny-secp256k1 install: ../native/secp256k1/src/secp256k1.c: In function ‘secp256k1_ec_seckey_tweak_add’:
.../node_modules/tiny-secp256k1 install: ../native/secp256k1/src/secp256k1.c:30:16: warning: ‘nonnull’ argument ‘seckey’ compared to NULL [-Wnonnull-compare]
.../node_modules/tiny-secp256k1 install:    30 |     if (EXPECT(!(cond), 0)) { \
.../node_modules/tiny-secp256k1 install: ../native/secp256k1/src/util.h:41:39: note: in definition of macro ‘EXPECT’
.../node_modules/tiny-secp256k1 install:    41 | #define EXPECT(x,c) __builtin_expect((x),(c))
.../node_modules/tiny-secp256k1 install:       |                                       ^
.../node_modules/tiny-secp256k1 install: ../native/secp256k1/src/secp256k1.c:641:5: note: in expansion of macro ‘ARG_CHECK’
.../node_modules/tiny-secp256k1 install:   641 |     ARG_CHECK(seckey != NULL);
.../node_modules/tiny-secp256k1 install:       |     ^~~~~~~~~
.../node_modules/tiny-secp256k1 install: ../native/secp256k1/src/secp256k1.c:30:16: warning: ‘nonnull’ argument ‘tweak’ compared to NULL [-Wnonnull-compare]
.../node_modules/tiny-secp256k1 install:    30 |     if (EXPECT(!(cond), 0)) { \
.../node_modules/tiny-secp256k1 install: ../native/secp256k1/src/util.h:41:39: note: in definition of macro ‘EXPECT’
.../node_modules/tiny-secp256k1 install:    41 | #define EXPECT(x,c) __builtin_expect((x),(c))
.../node_modules/tiny-secp256k1 install:       |                                       ^
.../node_modules/tiny-secp256k1 install: ../native/secp256k1/src/secp256k1.c:642:5: note: in expansion of macro ‘ARG_CHECK’
.../node_modules/tiny-secp256k1 install:   642 |     ARG_CHECK(tweak != NULL);
.../node_modules/tiny-secp256k1 install:       |     ^~~~~~~~~
.../node_modules/tiny-secp256k1 install: ../native/secp256k1/src/secp256k1.c: In function ‘secp256k1_ec_pubkey_tweak_add’:
.../node_modules/tiny-secp256k1 install: ../native/secp256k1/src/secp256k1.c:30:16: warning: ‘nonnull’ argument ‘pubkey’ compared to NULL [-Wnonnull-compare]
.../node_modules/tiny-secp256k1 install:    30 |     if (EXPECT(!(cond), 0)) { \
.../node_modules/tiny-secp256k1 install: ../native/secp256k1/src/util.h:41:39: note: in definition of macro ‘EXPECT’
.../node_modules/tiny-secp256k1 install:    41 | #define EXPECT(x,c) __builtin_expect((x),(c))
.../node_modules/tiny-secp256k1 install:       |                                       ^
.../node_modules/tiny-secp256k1 install: ../native/secp256k1/src/secp256k1.c:669:5: note: in expansion of macro ‘ARG_CHECK’
.../node_modules/tiny-secp256k1 install:   669 |     ARG_CHECK(pubkey != NULL);
.../node_modules/tiny-secp256k1 install:       |     ^~~~~~~~~
.../node_modules/tiny-secp256k1 install: ../native/secp256k1/src/secp256k1.c:30:16: warning: ‘nonnull’ argument ‘tweak’ compared to NULL [-Wnonnull-compare]
.../node_modules/tiny-secp256k1 install:    30 |     if (EXPECT(!(cond), 0)) { \
.../node_modules/tiny-secp256k1 install: ../native/secp256k1/src/util.h:41:39: note: in definition of macro ‘EXPECT’
.../node_modules/tiny-secp256k1 install:    41 | #define EXPECT(x,c) __builtin_expect((x),(c))
.../node_modules/tiny-secp256k1 install:       |                                       ^
.../node_modules/tiny-secp256k1 install: ../native/secp256k1/src/secp256k1.c:670:5: note: in expansion of macro ‘ARG_CHECK’
.../node_modules/tiny-secp256k1 install:   670 |     ARG_CHECK(tweak != NULL);
.../node_modules/tiny-secp256k1 install:       |     ^~~~~~~~~
.../node_modules/tiny-secp256k1 install: ../native/secp256k1/src/secp256k1.c: In function ‘secp256k1_ec_seckey_tweak_mul’:
.../node_modules/tiny-secp256k1 install: ../native/secp256k1/src/secp256k1.c:30:16: warning: ‘nonnull’ argument ‘seckey’ compared to NULL [-Wnonnull-compare]
.../node_modules/tiny-secp256k1 install:    30 |     if (EXPECT(!(cond), 0)) { \
.../node_modules/tiny-secp256k1 install: ../native/secp256k1/src/util.h:41:39: note: in definition of macro ‘EXPECT’
.../node_modules/tiny-secp256k1 install:    41 | #define EXPECT(x,c) __builtin_expect((x),(c))
.../node_modules/tiny-secp256k1 install:       |                                       ^
.../node_modules/tiny-secp256k1 install: ../native/secp256k1/src/secp256k1.c:688:5: note: in expansion of macro ‘ARG_CHECK’
.../node_modules/tiny-secp256k1 install:   688 |     ARG_CHECK(seckey != NULL);
.../node_modules/tiny-secp256k1 install:       |     ^~~~~~~~~
.../node_modules/tiny-secp256k1 install: ../native/secp256k1/src/secp256k1.c:30:16: warning: ‘nonnull’ argument ‘tweak’ compared to NULL [-Wnonnull-compare]
.../node_modules/tiny-secp256k1 install:    30 |     if (EXPECT(!(cond), 0)) { \
.../node_modules/tiny-secp256k1 install: ../native/secp256k1/src/util.h:41:39: note: in definition of macro ‘EXPECT’
.../node_modules/tiny-secp256k1 install:    41 | #define EXPECT(x,c) __builtin_expect((x),(c))
.../node_modules/tiny-secp256k1 install:       |                                       ^
.../node_modules/tiny-secp256k1 install: ../native/secp256k1/src/secp256k1.c:689:5: note: in expansion of macro ‘ARG_CHECK’
.../node_modules/tiny-secp256k1 install:   689 |     ARG_CHECK(tweak != NULL);
.../node_modules/tiny-secp256k1 install:       |     ^~~~~~~~~
.../node_modules/tiny-secp256k1 install: ../native/secp256k1/src/secp256k1.c: In function ‘secp256k1_ec_pubkey_tweak_mul’:
.../node_modules/tiny-secp256k1 install: ../native/secp256k1/src/secp256k1.c:30:16: warning: ‘nonnull’ argument ‘pubkey’ compared to NULL [-Wnonnull-compare]
.../node_modules/tiny-secp256k1 install:    30 |     if (EXPECT(!(cond), 0)) { \
.../node_modules/tiny-secp256k1 install: ../native/secp256k1/src/util.h:41:39: note: in definition of macro ‘EXPECT’
.../node_modules/tiny-secp256k1 install:    41 | #define EXPECT(x,c) __builtin_expect((x),(c))
.../node_modules/tiny-secp256k1 install:       |                                       ^
.../node_modules/tiny-secp256k1 install: ../native/secp256k1/src/secp256k1.c:713:5: note: in expansion of macro ‘ARG_CHECK’
.../node_modules/tiny-secp256k1 install:   713 |     ARG_CHECK(pubkey != NULL);
.../node_modules/tiny-secp256k1 install:       |     ^~~~~~~~~
.../node_modules/tiny-secp256k1 install: ../native/secp256k1/src/secp256k1.c:30:16: warning: ‘nonnull’ argument ‘tweak’ compared to NULL [-Wnonnull-compare]
.../node_modules/tiny-secp256k1 install:    30 |     if (EXPECT(!(cond), 0)) { \
.../node_modules/tiny-secp256k1 install: ../native/secp256k1/src/util.h:41:39: note: in definition of macro ‘EXPECT’
.../node_modules/tiny-secp256k1 install:    41 | #define EXPECT(x,c) __builtin_expect((x),(c))
.../node_modules/tiny-secp256k1 install:       |                                       ^
.../node_modules/tiny-secp256k1 install: ../native/secp256k1/src/secp256k1.c:714:5: note: in expansion of macro ‘ARG_CHECK’
.../node_modules/tiny-secp256k1 install:   714 |     ARG_CHECK(tweak != NULL);
.../node_modules/tiny-secp256k1 install:       |     ^~~~~~~~~
.../node_modules/tiny-secp256k1 install: ../native/secp256k1/src/secp256k1.c: In function ‘secp256k1_ec_pubkey_combine’:
.../node_modules/tiny-secp256k1 install: ../native/secp256k1/src/secp256k1.c:30:16: warning: ‘nonnull’ argument ‘pubnonce’ compared to NULL [-Wnonnull-compare]
.../node_modules/tiny-secp256k1 install:    30 |     if (EXPECT(!(cond), 0)) { \
.../node_modules/tiny-secp256k1 install: ../native/secp256k1/src/util.h:41:39: note: in definition of macro ‘EXPECT’
.../node_modules/tiny-secp256k1 install:    41 | #define EXPECT(x,c) __builtin_expect((x),(c))
.../node_modules/tiny-secp256k1 install:       |                                       ^
.../node_modules/tiny-secp256k1 install: ../native/secp256k1/src/secp256k1.c:743:5: note: in expansion of macro ‘ARG_CHECK’
.../node_modules/tiny-secp256k1 install:   743 |     ARG_CHECK(pubnonce != NULL);
.../node_modules/tiny-secp256k1 install:       |     ^~~~~~~~~
.../node_modules/tiny-secp256k1 install: ../native/secp256k1/src/secp256k1.c:30:16: warning: ‘nonnull’ argument ‘pubnonces’ compared to NULL [-Wnonnull-compare]
.../node_modules/tiny-secp256k1 install:    30 |     if (EXPECT(!(cond), 0)) { \
.../node_modules/tiny-secp256k1 install: ../native/secp256k1/src/util.h:41:39: note: in definition of macro ‘EXPECT’
.../node_modules/tiny-secp256k1 install:    41 | #define EXPECT(x,c) __builtin_expect((x),(c))
.../node_modules/tiny-secp256k1 install:       |                                       ^
.../node_modules/tiny-secp256k1 install: ../native/secp256k1/src/secp256k1.c:746:5: note: in expansion of macro ‘ARG_CHECK’
.../node_modules/tiny-secp256k1 install:   746 |     ARG_CHECK(pubnonces != NULL);
.../node_modules/tiny-secp256k1 install:       |     ^~~~~~~~~
.../node_modules/secp256k1 install: In file included from ../src/privatekey.cc:2:
.../node_modules/secp256k1 install: ../../../../nan@2.22.2/node_modules/nan/nan.h: In constructor ‘Nan::Utf8String::Utf8String(v8::Local<v8::Value>)’:
.../node_modules/secp256k1 install: ../../../../nan@2.22.2/node_modules/nan/nan.h:1173:36: warning: ‘int v8::String::WriteUtf8(v8::Isolate*, char*, int, int*, int) const’ is deprecated: Use WriteUtf8V2 instead. [-Wdeprecated-declarations]
.../node_modules/secp256k1 install:  1173 |         length_ = string->WriteUtf8(v8::Isolate::GetCurrent(), str_,
.../node_modules/secp256k1 install:       |                   ~~~~~~~~~~~~~~~~~^~~~~~~~~~~~~~~~~~~~~~~~~~~~~~~~~
.../node_modules/secp256k1 install:  1174 |                                     static_cast<int>(len), 0, flags);
.../node_modules/secp256k1 install:       |                                     ~~~~~~~~~~~~~~~~~~~~~~~~~~~~~~~~
.../node_modules/secp256k1 install: In file included from /home/runner/.cache/node-gyp/24.0.0/include/node/v8-object.h:12,
.../node_modules/secp256k1 install:                  from /home/runner/.cache/node-gyp/24.0.0/include/node/v8-array-buffer.h:14,
.../node_modules/secp256k1 install:                  from /home/runner/.cache/node-gyp/24.0.0/include/node/v8.h:24,
.../node_modules/secp256k1 install:                  from /home/runner/.cache/node-gyp/24.0.0/include/node/node.h:74,
.../node_modules/secp256k1 install:                  from ../src/privatekey.cc:1:
.../node_modules/secp256k1 install: /home/runner/.cache/node-gyp/24.0.0/include/node/v8-primitive.h:212:7: note: declared here
.../node_modules/secp256k1 install:   212 |   int WriteUtf8(Isolate* isolate, char* buffer, int length = -1,
.../node_modules/secp256k1 install:       |       ^~~~~~~~~
.../node_modules/secp256k1 install: ../../../../nan@2.22.2/node_modules/nan/nan.h: In function ‘v8::Local<v8::Value> Nan::Encode(const void*, size_t, Encoding)’:
.../node_modules/secp256k1 install: ../../../../nan@2.22.2/node_modules/nan/nan.h:2418:24: warning: ‘v8::Local<v8::Value> node::Encode(v8::Isolate*, const uint16_t*, size_t)’ is deprecated: Use TryEncode(...) instead [-Wdeprecated-declarations]
.../node_modules/secp256k1 install:  2418 |     return node::Encode(
.../node_modules/secp256k1 install:       |            ~~~~~~~~~~~~^
.../node_modules/secp256k1 install:  2419 |         isolate
.../node_modules/secp256k1 install:       |         ~~~~~~~         
.../node_modules/secp256k1 install:  2420 |       , reinterpret_cast<const uint16_t *>(buf)
.../node_modules/secp256k1 install:       |       ~~~~~~~~~~~~~~~~~~~~~~~~~~~~~~~~~~~~~~~~~
.../node_modules/secp256k1 install:  2421 |       , len / 2);
.../node_modules/secp256k1 install:       |       ~~~~~~~~~~        
.../node_modules/secp256k1 install: /home/runner/.cache/node-gyp/24.0.0/include/node/node.h:1173:50: note: declared here
.../node_modules/secp256k1 install:  1173 |                 NODE_EXTERN v8::Local<v8::Value> Encode(v8::Isolate* isolate,
.../node_modules/secp256k1 install:       |                                                  ^~~~~~
.../node_modules/secp256k1 install: /home/runner/.cache/node-gyp/24.0.0/include/node/node.h:117:42: note: in definition of macro ‘NODE_DEPRECATED’
.../node_modules/secp256k1 install:   117 |     __attribute__((deprecated(message))) declarator
.../node_modules/secp256k1 install:       |                                          ^~~~~~~~~~
.../node_modules/secp256k1 install: ../../../../nan@2.22.2/node_modules/nan/nan.h:2423:24: warning: ‘v8::Local<v8::Value> node::Encode(v8::Isolate*, const char*, size_t, encoding)’ is deprecated: Use TryEncode(...) instead [-Wdeprecated-declarations]
.../node_modules/secp256k1 install:  2423 |     return node::Encode(
.../node_modules/secp256k1 install:       |            ~~~~~~~~~~~~^
.../node_modules/secp256k1 install:  2424 |         isolate
.../node_modules/secp256k1 install:       |         ~~~~~~~         
.../node_modules/secp256k1 install:  2425 |       , reinterpret_cast<const char *>(buf)
.../node_modules/secp256k1 install:       |       ~~~~~~~~~~~~~~~~~~~~~~~~~~~~~~~~~~~~~
.../node_modules/secp256k1 install:  2426 |       , len
.../node_modules/secp256k1 install:       |       ~~~~~             
.../node_modules/secp256k1 install:  2427 |       , node_enc);
.../node_modules/secp256k1 install:       |       ~~~~~~~~~~~       
.../node_modules/secp256k1 install: /home/runner/.cache/node-gyp/24.0.0/include/node/node.h:1165:38: note: declared here
.../node_modules/secp256k1 install:  1165 |     NODE_EXTERN v8::Local<v8::Value> Encode(v8::Isolate* isolate,
.../node_modules/secp256k1 install:       |                                      ^~~~~~
.../node_modules/secp256k1 install: /home/runner/.cache/node-gyp/24.0.0/include/node/node.h:117:42: note: in definition of macro ‘NODE_DEPRECATED’
.../node_modules/secp256k1 install:   117 |     __attribute__((deprecated(message))) declarator
.../node_modules/secp256k1 install:       |                                          ^~~~~~~~~~
.../node_modules/secp256k1 install: ../src/privatekey.cc: In function ‘Nan::NAN_METHOD_RETURN_TYPE privateKeyNegate(Nan::NAN_METHOD_ARGS_TYPE)’:
.../node_modules/secp256k1 install: ../src/privatekey.cc:73:30: warning: ignoring return value of ‘int secp256k1_ec_privkey_negate(const secp256k1_context*, unsigned char*)’ declared with attribute ‘warn_unused_result’ [-Wunused-result]
.../node_modules/secp256k1 install:    73 |   secp256k1_ec_privkey_negate(secp256k1ctx, &private_key[0]);
.../node_modules/secp256k1 install:       |   ~~~~~~~~~~~~~~~~~~~~~~~~~~~^~~~~~~~~~~~~~~~~~~~~~~~~~~~~~~
.../node_modules/secp256k1 install:   CXX(target) Release/obj.target/secp256k1/src/publickey.o
.../node_modules/tiny-secp256k1 install:   SOLINK_MODULE(target) Release/obj.target/secp256k1.node
.../node_modules/tiny-secp256k1 install:   COPY Release/secp256k1.node
.../node_modules/tiny-secp256k1 install: make: Leaving directory '/home/runner/work/test/test/pyth-crosschain/node_modules/.pnpm/tiny-secp256k1@1.1.7/node_modules/tiny-secp256k1/build'
.../node_modules/tiny-secp256k1 install: gyp info ok 
.../node_modules/tiny-secp256k1 install: Done
.../node_modules/secp256k1 install: In file included from ../src/publickey.cc:3:
.../node_modules/secp256k1 install: ../../../../nan@2.22.2/node_modules/nan/nan.h: In constructor ‘Nan::Utf8String::Utf8String(v8::Local<v8::Value>)’:
.../node_modules/secp256k1 install: ../../../../nan@2.22.2/node_modules/nan/nan.h:1173:36: warning: ‘int v8::String::WriteUtf8(v8::Isolate*, char*, int, int*, int) const’ is deprecated: Use WriteUtf8V2 instead. [-Wdeprecated-declarations]
.../node_modules/secp256k1 install:  1173 |         length_ = string->WriteUtf8(v8::Isolate::GetCurrent(), str_,
.../node_modules/secp256k1 install:       |                   ~~~~~~~~~~~~~~~~~^~~~~~~~~~~~~~~~~~~~~~~~~~~~~~~~~
.../node_modules/secp256k1 install:  1174 |                                     static_cast<int>(len), 0, flags);
.../node_modules/secp256k1 install:       |                                     ~~~~~~~~~~~~~~~~~~~~~~~~~~~~~~~~
.../node_modules/secp256k1 install: In file included from /home/runner/.cache/node-gyp/24.0.0/include/node/v8-object.h:12,
.../node_modules/secp256k1 install:                  from /home/runner/.cache/node-gyp/24.0.0/include/node/v8-array-buffer.h:14,
.../node_modules/secp256k1 install:                  from /home/runner/.cache/node-gyp/24.0.0/include/node/v8.h:24,
.../node_modules/secp256k1 install:                  from /home/runner/.cache/node-gyp/24.0.0/include/node/node.h:74,
.../node_modules/secp256k1 install:                  from ../src/publickey.cc:2:
.../node_modules/secp256k1 install: /home/runner/.cache/node-gyp/24.0.0/include/node/v8-primitive.h:212:7: note: declared here
.../node_modules/secp256k1 install:   212 |   int WriteUtf8(Isolate* isolate, char* buffer, int length = -1,
.../node_modules/secp256k1 install:       |       ^~~~~~~~~
.../node_modules/secp256k1 install: ../../../../nan@2.22.2/node_modules/nan/nan.h: In function ‘v8::Local<v8::Value> Nan::Encode(const void*, size_t, Encoding)’:
.../node_modules/secp256k1 install: ../../../../nan@2.22.2/node_modules/nan/nan.h:2418:24: warning: ‘v8::Local<v8::Value> node::Encode(v8::Isolate*, const uint16_t*, size_t)’ is deprecated: Use TryEncode(...) instead [-Wdeprecated-declarations]
.../node_modules/secp256k1 install:  2418 |     return node::Encode(
.../node_modules/secp256k1 install:       |            ~~~~~~~~~~~~^
.../node_modules/secp256k1 install:  2419 |         isolate
.../node_modules/secp256k1 install:       |         ~~~~~~~         
.../node_modules/secp256k1 install:  2420 |       , reinterpret_cast<const uint16_t *>(buf)
.../node_modules/secp256k1 install:       |       ~~~~~~~~~~~~~~~~~~~~~~~~~~~~~~~~~~~~~~~~~
.../node_modules/secp256k1 install:  2421 |       , len / 2);
.../node_modules/secp256k1 install:       |       ~~~~~~~~~~        
.../node_modules/secp256k1 install: /home/runner/.cache/node-gyp/24.0.0/include/node/node.h:1173:50: note: declared here
.../node_modules/secp256k1 install:  1173 |                 NODE_EXTERN v8::Local<v8::Value> Encode(v8::Isolate* isolate,
.../node_modules/secp256k1 install:       |                                                  ^~~~~~
.../node_modules/secp256k1 install: /home/runner/.cache/node-gyp/24.0.0/include/node/node.h:117:42: note: in definition of macro ‘NODE_DEPRECATED’
.../node_modules/secp256k1 install:   117 |     __attribute__((deprecated(message))) declarator
.../node_modules/secp256k1 install:       |                                          ^~~~~~~~~~
.../node_modules/secp256k1 install: ../../../../nan@2.22.2/node_modules/nan/nan.h:2423:24: warning: ‘v8::Local<v8::Value> node::Encode(v8::Isolate*, const char*, size_t, encoding)’ is deprecated: Use TryEncode(...) instead [-Wdeprecated-declarations]
.../node_modules/secp256k1 install:  2423 |     return node::Encode(
.../node_modules/secp256k1 install:       |            ~~~~~~~~~~~~^
.../node_modules/secp256k1 install:  2424 |         isolate
.../node_modules/secp256k1 install:       |         ~~~~~~~         
.../node_modules/secp256k1 install:  2425 |       , reinterpret_cast<const char *>(buf)
.../node_modules/secp256k1 install:       |       ~~~~~~~~~~~~~~~~~~~~~~~~~~~~~~~~~~~~~
.../node_modules/secp256k1 install:  2426 |       , len
.../node_modules/secp256k1 install:       |       ~~~~~             
.../node_modules/secp256k1 install:  2427 |       , node_enc);
.../node_modules/secp256k1 install:       |       ~~~~~~~~~~~       
.../node_modules/secp256k1 install: /home/runner/.cache/node-gyp/24.0.0/include/node/node.h:1165:38: note: declared here
.../node_modules/secp256k1 install:  1165 |     NODE_EXTERN v8::Local<v8::Value> Encode(v8::Isolate* isolate,
.../node_modules/secp256k1 install:       |                                      ^~~~~~
.../node_modules/secp256k1 install: /home/runner/.cache/node-gyp/24.0.0/include/node/node.h:117:42: note: in definition of macro ‘NODE_DEPRECATED’
.../node_modules/secp256k1 install:   117 |     __attribute__((deprecated(message))) declarator
.../node_modules/secp256k1 install:       |                                          ^~~~~~~~~~
.../node_modules/secp256k1 install:   CXX(target) Release/obj.target/secp256k1/src/signature.o
.../node_modules/secp256k1 install: In file included from ../src/signature.cc:2:
.../node_modules/secp256k1 install: ../../../../nan@2.22.2/node_modules/nan/nan.h: In constructor ‘Nan::Utf8String::Utf8String(v8::Local<v8::Value>)’:
.../node_modules/secp256k1 install: ../../../../nan@2.22.2/node_modules/nan/nan.h:1173:36: warning: ‘int v8::String::WriteUtf8(v8::Isolate*, char*, int, int*, int) const’ is deprecated: Use WriteUtf8V2 instead. [-Wdeprecated-declarations]
.../node_modules/secp256k1 install:  1173 |         length_ = string->WriteUtf8(v8::Isolate::GetCurrent(), str_,
.../node_modules/secp256k1 install:       |                   ~~~~~~~~~~~~~~~~~^~~~~~~~~~~~~~~~~~~~~~~~~~~~~~~~~
.../node_modules/secp256k1 install:  1174 |                                     static_cast<int>(len), 0, flags);
.../node_modules/secp256k1 install:       |                                     ~~~~~~~~~~~~~~~~~~~~~~~~~~~~~~~~
.../node_modules/secp256k1 install: In file included from /home/runner/.cache/node-gyp/24.0.0/include/node/v8-object.h:12,
.../node_modules/secp256k1 install:                  from /home/runner/.cache/node-gyp/24.0.0/include/node/v8-array-buffer.h:14,
.../node_modules/secp256k1 install:                  from /home/runner/.cache/node-gyp/24.0.0/include/node/v8.h:24,
.../node_modules/secp256k1 install:                  from /home/runner/.cache/node-gyp/24.0.0/include/node/node.h:74,
.../node_modules/secp256k1 install:                  from ../src/signature.cc:1:
.../node_modules/secp256k1 install: /home/runner/.cache/node-gyp/24.0.0/include/node/v8-primitive.h:212:7: note: declared here
.../node_modules/secp256k1 install:   212 |   int WriteUtf8(Isolate* isolate, char* buffer, int length = -1,
.../node_modules/secp256k1 install:       |       ^~~~~~~~~
.../node_modules/secp256k1 install: ../../../../nan@2.22.2/node_modules/nan/nan.h: In function ‘v8::Local<v8::Value> Nan::Encode(const void*, size_t, Encoding)’:
.../node_modules/secp256k1 install: ../../../../nan@2.22.2/node_modules/nan/nan.h:2418:24: warning: ‘v8::Local<v8::Value> node::Encode(v8::Isolate*, const uint16_t*, size_t)’ is deprecated: Use TryEncode(...) instead [-Wdeprecated-declarations]
.../node_modules/secp256k1 install:  2418 |     return node::Encode(
.../node_modules/secp256k1 install:       |            ~~~~~~~~~~~~^
.../node_modules/secp256k1 install:  2419 |         isolate
.../node_modules/secp256k1 install:       |         ~~~~~~~         
.../node_modules/secp256k1 install:  2420 |       , reinterpret_cast<const uint16_t *>(buf)
.../node_modules/secp256k1 install:       |       ~~~~~~~~~~~~~~~~~~~~~~~~~~~~~~~~~~~~~~~~~
.../node_modules/secp256k1 install:  2421 |       , len / 2);
.../node_modules/secp256k1 install:       |       ~~~~~~~~~~        
.../node_modules/secp256k1 install: /home/runner/.cache/node-gyp/24.0.0/include/node/node.h:1173:50: note: declared here
.../node_modules/secp256k1 install:  1173 |                 NODE_EXTERN v8::Local<v8::Value> Encode(v8::Isolate* isolate,
.../node_modules/secp256k1 install:       |                                                  ^~~~~~
.../node_modules/secp256k1 install: /home/runner/.cache/node-gyp/24.0.0/include/node/node.h:117:42: note: in definition of macro ‘NODE_DEPRECATED’
.../node_modules/secp256k1 install:   117 |     __attribute__((deprecated(message))) declarator
.../node_modules/secp256k1 install:       |                                          ^~~~~~~~~~
.../node_modules/secp256k1 install: ../../../../nan@2.22.2/node_modules/nan/nan.h:2423:24: warning: ‘v8::Local<v8::Value> node::Encode(v8::Isolate*, const char*, size_t, encoding)’ is deprecated: Use TryEncode(...) instead [-Wdeprecated-declarations]
.../node_modules/secp256k1 install:  2423 |     return node::Encode(
.../node_modules/secp256k1 install:       |            ~~~~~~~~~~~~^
.../node_modules/secp256k1 install:  2424 |         isolate
.../node_modules/secp256k1 install:       |         ~~~~~~~         
.../node_modules/secp256k1 install:  2425 |       , reinterpret_cast<const char *>(buf)
.../node_modules/secp256k1 install:       |       ~~~~~~~~~~~~~~~~~~~~~~~~~~~~~~~~~~~~~
.../node_modules/secp256k1 install:  2426 |       , len
.../node_modules/secp256k1 install:       |       ~~~~~             
.../node_modules/secp256k1 install:  2427 |       , node_enc);
.../node_modules/secp256k1 install:       |       ~~~~~~~~~~~       
.../node_modules/secp256k1 install: /home/runner/.cache/node-gyp/24.0.0/include/node/node.h:1165:38: note: declared here
.../node_modules/secp256k1 install:  1165 |     NODE_EXTERN v8::Local<v8::Value> Encode(v8::Isolate* isolate,
.../node_modules/secp256k1 install:       |                                      ^~~~~~
.../node_modules/secp256k1 install: /home/runner/.cache/node-gyp/24.0.0/include/node/node.h:117:42: note: in definition of macro ‘NODE_DEPRECATED’
.../node_modules/secp256k1 install:   117 |     __attribute__((deprecated(message))) declarator
.../node_modules/secp256k1 install:       |                                          ^~~~~~~~~~
.../node_modules/secp256k1 install:   CXX(target) Release/obj.target/secp256k1/src/ecdsa.o
.../node_modules/secp256k1 install: In file included from ../src/ecdsa.cc:2:
.../node_modules/secp256k1 install: ../../../../nan@2.22.2/node_modules/nan/nan.h: In constructor ‘Nan::Utf8String::Utf8String(v8::Local<v8::Value>)’:
.../node_modules/secp256k1 install: ../../../../nan@2.22.2/node_modules/nan/nan.h:1173:36: warning: ‘int v8::String::WriteUtf8(v8::Isolate*, char*, int, int*, int) const’ is deprecated: Use WriteUtf8V2 instead. [-Wdeprecated-declarations]
.../node_modules/secp256k1 install:  1173 |         length_ = string->WriteUtf8(v8::Isolate::GetCurrent(), str_,
.../node_modules/secp256k1 install:       |                   ~~~~~~~~~~~~~~~~~^~~~~~~~~~~~~~~~~~~~~~~~~~~~~~~~~
.../node_modules/secp256k1 install:  1174 |                                     static_cast<int>(len), 0, flags);
.../node_modules/secp256k1 install:       |                                     ~~~~~~~~~~~~~~~~~~~~~~~~~~~~~~~~
.../node_modules/secp256k1 install: In file included from /home/runner/.cache/node-gyp/24.0.0/include/node/v8-object.h:12,
.../node_modules/secp256k1 install:                  from /home/runner/.cache/node-gyp/24.0.0/include/node/v8-array-buffer.h:14,
.../node_modules/secp256k1 install:                  from /home/runner/.cache/node-gyp/24.0.0/include/node/v8.h:24,
.../node_modules/secp256k1 install:                  from /home/runner/.cache/node-gyp/24.0.0/include/node/node.h:74,
.../node_modules/secp256k1 install:                  from ../src/ecdsa.cc:1:
.../node_modules/secp256k1 install: /home/runner/.cache/node-gyp/24.0.0/include/node/v8-primitive.h:212:7: note: declared here
.../node_modules/secp256k1 install:   212 |   int WriteUtf8(Isolate* isolate, char* buffer, int length = -1,
.../node_modules/secp256k1 install:       |       ^~~~~~~~~
.../node_modules/secp256k1 install: ../../../../nan@2.22.2/node_modules/nan/nan.h: In function ‘v8::Local<v8::Value> Nan::Encode(const void*, size_t, Encoding)’:
.../node_modules/secp256k1 install: ../../../../nan@2.22.2/node_modules/nan/nan.h:2418:24: warning: ‘v8::Local<v8::Value> node::Encode(v8::Isolate*, const uint16_t*, size_t)’ is deprecated: Use TryEncode(...) instead [-Wdeprecated-declarations]
.../node_modules/secp256k1 install:  2418 |     return node::Encode(
.../node_modules/secp256k1 install:       |            ~~~~~~~~~~~~^
.../node_modules/secp256k1 install:  2419 |         isolate
.../node_modules/secp256k1 install:       |         ~~~~~~~         
.../node_modules/secp256k1 install:  2420 |       , reinterpret_cast<const uint16_t *>(buf)
.../node_modules/secp256k1 install:       |       ~~~~~~~~~~~~~~~~~~~~~~~~~~~~~~~~~~~~~~~~~
.../node_modules/secp256k1 install:  2421 |       , len / 2);
.../node_modules/secp256k1 install:       |       ~~~~~~~~~~        
.../node_modules/secp256k1 install: /home/runner/.cache/node-gyp/24.0.0/include/node/node.h:1173:50: note: declared here
.../node_modules/secp256k1 install:  1173 |                 NODE_EXTERN v8::Local<v8::Value> Encode(v8::Isolate* isolate,
.../node_modules/secp256k1 install:       |                                                  ^~~~~~
.../node_modules/secp256k1 install: /home/runner/.cache/node-gyp/24.0.0/include/node/node.h:117:42: note: in definition of macro ‘NODE_DEPRECATED’
.../node_modules/secp256k1 install:   117 |     __attribute__((deprecated(message))) declarator
.../node_modules/secp256k1 install:       |                                          ^~~~~~~~~~
.../node_modules/secp256k1 install: ../../../../nan@2.22.2/node_modules/nan/nan.h:2423:24: warning: ‘v8::Local<v8::Value> node::Encode(v8::Isolate*, const char*, size_t, encoding)’ is deprecated: Use TryEncode(...) instead [-Wdeprecated-declarations]
.../node_modules/secp256k1 install:  2423 |     return node::Encode(
.../node_modules/secp256k1 install:       |            ~~~~~~~~~~~~^
.../node_modules/secp256k1 install:  2424 |         isolate
.../node_modules/secp256k1 install:       |         ~~~~~~~         
.../node_modules/secp256k1 install:  2425 |       , reinterpret_cast<const char *>(buf)
.../node_modules/secp256k1 install:       |       ~~~~~~~~~~~~~~~~~~~~~~~~~~~~~~~~~~~~~
.../node_modules/secp256k1 install:  2426 |       , len
.../node_modules/secp256k1 install:       |       ~~~~~             
.../node_modules/secp256k1 install:  2427 |       , node_enc);
.../node_modules/secp256k1 install:       |       ~~~~~~~~~~~       
.../node_modules/secp256k1 install: /home/runner/.cache/node-gyp/24.0.0/include/node/node.h:1165:38: note: declared here
.../node_modules/secp256k1 install:  1165 |     NODE_EXTERN v8::Local<v8::Value> Encode(v8::Isolate* isolate,
.../node_modules/secp256k1 install:       |                                      ^~~~~~
.../node_modules/secp256k1 install: /home/runner/.cache/node-gyp/24.0.0/include/node/node.h:117:42: note: in definition of macro ‘NODE_DEPRECATED’
.../node_modules/secp256k1 install:   117 |     __attribute__((deprecated(message))) declarator
.../node_modules/secp256k1 install:       |                                          ^~~~~~~~~~
.../node_modules/secp256k1 install: ../src/ecdsa.cc: In function ‘Nan::NAN_METHOD_RETURN_TYPE sign(Nan::NAN_METHOD_ARGS_TYPE)’:
.../node_modules/secp256k1 install: ../src/ecdsa.cc:88:11: warning: ignoring return value of ‘v8::Maybe<bool> v8::Object::Set(v8::Local<v8::Context>, v8::Local<v8::Value>, v8::Local<v8::Value>)’, declared with attribute ‘warn_unused_result’ [-Wunused-result]
.../node_modules/secp256k1 install:    88 |   obj->Set(info.GetIsolate()->GetCurrentContext(), Nan::New<v8::String>("signature").ToLocalChecked(), COPY_BUFFER(&output[0], 64));
.../node_modules/secp256k1 install:       |   ~~~~~~~~^~~~~~~~~~~~~~~~~~~~~~~~~~~~~~~~~~~~~~~~~~~~~~~~~~~~~~~~~~~~~~~~~~~~~~~~~~~~~~~~~~~~~~~~~~~~~~~~~~~~~~~~~~~~~~~~~~~~~~~~~
.../node_modules/secp256k1 install: /home/runner/.cache/node-gyp/24.0.0/include/node/v8-object.h:239:37: note: declared here
.../node_modules/secp256k1 install:   239 |   V8_WARN_UNUSED_RESULT Maybe<bool> Set(Local<Context> context,
.../node_modules/secp256k1 install:       |                                     ^~~
.../node_modules/secp256k1 install: ../src/ecdsa.cc:89:11: warning: ignoring return value of ‘v8::Maybe<bool> v8::Object::Set(v8::Local<v8::Context>, v8::Local<v8::Value>, v8::Local<v8::Value>)’, declared with attribute ‘warn_unused_result’ [-Wunused-result]
.../node_modules/secp256k1 install:    89 |   obj->Set(info.GetIsolate()->GetCurrentContext(), Nan::New<v8::String>("recovery").ToLocalChecked(), Nan::New<v8::Number>(recid));
.../node_modules/secp256k1 install:       |   ~~~~~~~~^~~~~~~~~~~~~~~~~~~~~~~~~~~~~~~~~~~~~~~~~~~~~~~~~~~~~~~~~~~~~~~~~~~~~~~~~~~~~~~~~~~~~~~~~~~~~~~~~~~~~~~~~~~~~~~~~~~~~~~~
.../node_modules/secp256k1 install: /home/runner/.cache/node-gyp/24.0.0/include/node/v8-object.h:239:37: note: declared here
.../node_modules/secp256k1 install:   239 |   V8_WARN_UNUSED_RESULT Maybe<bool> Set(Local<Context> context,
.../node_modules/secp256k1 install:       |                                     ^~~
.../node_modules/secp256k1 install:   CXX(target) Release/obj.target/secp256k1/src/ecdh.o
.../node_modules/secp256k1 install: In file included from ../src/ecdh.cc:2:
.../node_modules/secp256k1 install: ../../../../nan@2.22.2/node_modules/nan/nan.h: In constructor ‘Nan::Utf8String::Utf8String(v8::Local<v8::Value>)’:
.../node_modules/secp256k1 install: ../../../../nan@2.22.2/node_modules/nan/nan.h:1173:36: warning: ‘int v8::String::WriteUtf8(v8::Isolate*, char*, int, int*, int) const’ is deprecated: Use WriteUtf8V2 instead. [-Wdeprecated-declarations]
.../node_modules/secp256k1 install:  1173 |         length_ = string->WriteUtf8(v8::Isolate::GetCurrent(), str_,
.../node_modules/secp256k1 install:       |                   ~~~~~~~~~~~~~~~~~^~~~~~~~~~~~~~~~~~~~~~~~~~~~~~~~~
.../node_modules/secp256k1 install:  1174 |                                     static_cast<int>(len), 0, flags);
.../node_modules/secp256k1 install:       |                                     ~~~~~~~~~~~~~~~~~~~~~~~~~~~~~~~~
.../node_modules/secp256k1 install: In file included from /home/runner/.cache/node-gyp/24.0.0/include/node/v8-object.h:12,
.../node_modules/secp256k1 install:                  from /home/runner/.cache/node-gyp/24.0.0/include/node/v8-array-buffer.h:14,
.../node_modules/secp256k1 install:                  from /home/runner/.cache/node-gyp/24.0.0/include/node/v8.h:24,
.../node_modules/secp256k1 install:                  from /home/runner/.cache/node-gyp/24.0.0/include/node/node.h:74,
.../node_modules/secp256k1 install:                  from ../src/ecdh.cc:1:
.../node_modules/secp256k1 install: /home/runner/.cache/node-gyp/24.0.0/include/node/v8-primitive.h:212:7: note: declared here
.../node_modules/secp256k1 install:   212 |   int WriteUtf8(Isolate* isolate, char* buffer, int length = -1,
.../node_modules/secp256k1 install:       |       ^~~~~~~~~
.../node_modules/cpu-features install:   COPY Release/cpu_features.a
.../node_modules/secp256k1 install: ../../../../nan@2.22.2/node_modules/nan/nan.h: In function ‘v8::Local<v8::Value> Nan::Encode(const void*, size_t, Encoding)’:
.../node_modules/secp256k1 install: ../../../../nan@2.22.2/node_modules/nan/nan.h:2418:24: warning: ‘v8::Local<v8::Value> node::Encode(v8::Isolate*, const uint16_t*, size_t)’ is deprecated: Use TryEncode(...) instead [-Wdeprecated-declarations]
.../node_modules/secp256k1 install:  2418 |     return node::Encode(
.../node_modules/secp256k1 install:       |            ~~~~~~~~~~~~^
.../node_modules/secp256k1 install:  2419 |         isolate
.../node_modules/secp256k1 install:       |         ~~~~~~~         
.../node_modules/secp256k1 install:  2420 |       , reinterpret_cast<const uint16_t *>(buf)
.../node_modules/secp256k1 install:       |       ~~~~~~~~~~~~~~~~~~~~~~~~~~~~~~~~~~~~~~~~~
.../node_modules/secp256k1 install:  2421 |       , len / 2);
.../node_modules/secp256k1 install:       |       ~~~~~~~~~~        
.../node_modules/secp256k1 install: /home/runner/.cache/node-gyp/24.0.0/include/node/node.h:1173:50: note: declared here
.../node_modules/secp256k1 install:  1173 |                 NODE_EXTERN v8::Local<v8::Value> Encode(v8::Isolate* isolate,
.../node_modules/secp256k1 install:       |                                                  ^~~~~~
.../node_modules/secp256k1 install: /home/runner/.cache/node-gyp/24.0.0/include/node/node.h:117:42: note: in definition of macro ‘NODE_DEPRECATED’
.../node_modules/secp256k1 install:   117 |     __attribute__((deprecated(message))) declarator
.../node_modules/secp256k1 install:       |                                          ^~~~~~~~~~
.../node_modules/secp256k1 install: ../../../../nan@2.22.2/node_modules/nan/nan.h:2423:24: warning: ‘v8::Local<v8::Value> node::Encode(v8::Isolate*, const char*, size_t, encoding)’ is deprecated: Use TryEncode(...) instead [-Wdeprecated-declarations]
.../node_modules/secp256k1 install:  2423 |     return node::Encode(
.../node_modules/secp256k1 install:       |            ~~~~~~~~~~~~^
.../node_modules/secp256k1 install:  2424 |         isolate
.../node_modules/secp256k1 install:       |         ~~~~~~~         
.../node_modules/secp256k1 install:  2425 |       , reinterpret_cast<const char *>(buf)
.../node_modules/secp256k1 install:       |       ~~~~~~~~~~~~~~~~~~~~~~~~~~~~~~~~~~~~~
.../node_modules/secp256k1 install:  2426 |       , len
.../node_modules/secp256k1 install:       |       ~~~~~             
.../node_modules/secp256k1 install:  2427 |       , node_enc);
.../node_modules/secp256k1 install:       |       ~~~~~~~~~~~       
.../node_modules/secp256k1 install: /home/runner/.cache/node-gyp/24.0.0/include/node/node.h:1165:38: note: declared here
.../node_modules/secp256k1 install:  1165 |     NODE_EXTERN v8::Local<v8::Value> Encode(v8::Isolate* isolate,
.../node_modules/secp256k1 install:       |                                      ^~~~~~
.../node_modules/secp256k1 install: /home/runner/.cache/node-gyp/24.0.0/include/node/node.h:117:42: note: in definition of macro ‘NODE_DEPRECATED’
.../node_modules/secp256k1 install:   117 |     __attribute__((deprecated(message))) declarator
.../node_modules/secp256k1 install:       |                                          ^~~~~~~~~~
.../node_modules/cpu-features install:   CXX(target) Release/obj.target/cpufeatures/src/binding.o
.../node_modules/secp256k1 install:   CC(target) Release/obj.target/secp256k1/src/secp256k1-src/src/secp256k1.o
.../node_modules/cpu-features install: In file included from ../src/binding.cc:3:
.../node_modules/cpu-features install: ../../../../nan@2.22.2/node_modules/nan/nan.h: In constructor ‘Nan::Utf8String::Utf8String(v8::Local<v8::Value>)’:
.../node_modules/cpu-features install: ../../../../nan@2.22.2/node_modules/nan/nan.h:1173:36: warning: ‘int v8::String::WriteUtf8(v8::Isolate*, char*, int, int*, int) const’ is deprecated: Use WriteUtf8V2 instead. [-Wdeprecated-declarations]
.../node_modules/cpu-features install:  1173 |         length_ = string->WriteUtf8(v8::Isolate::GetCurrent(), str_,
.../node_modules/cpu-features install:       |                   ~~~~~~~~~~~~~~~~~^~~~~~~~~~~~~~~~~~~~~~~~~~~~~~~~~
.../node_modules/cpu-features install:  1174 |                                     static_cast<int>(len), 0, flags);
.../node_modules/cpu-features install:       |                                     ~~~~~~~~~~~~~~~~~~~~~~~~~~~~~~~~
.../node_modules/cpu-features install: In file included from /home/runner/.cache/node-gyp/24.0.0/include/node/v8-object.h:12,
.../node_modules/cpu-features install:                  from /home/runner/.cache/node-gyp/24.0.0/include/node/v8-array-buffer.h:14,
.../node_modules/cpu-features install:                  from /home/runner/.cache/node-gyp/24.0.0/include/node/v8.h:24,
.../node_modules/cpu-features install:                  from /home/runner/.cache/node-gyp/24.0.0/include/node/node.h:74,
.../node_modules/cpu-features install:                  from ../src/binding.cc:1:
.../node_modules/cpu-features install: /home/runner/.cache/node-gyp/24.0.0/include/node/v8-primitive.h:212:7: note: declared here
.../node_modules/cpu-features install:   212 |   int WriteUtf8(Isolate* isolate, char* buffer, int length = -1,
.../node_modules/cpu-features install:       |       ^~~~~~~~~
.../node_modules/cpu-features install: ../../../../nan@2.22.2/node_modules/nan/nan.h: In function ‘v8::Local<v8::Value> Nan::Encode(const void*, size_t, Encoding)’:
.../node_modules/cpu-features install: ../../../../nan@2.22.2/node_modules/nan/nan.h:2418:24: warning: ‘v8::Local<v8::Value> node::Encode(v8::Isolate*, const uint16_t*, size_t)’ is deprecated: Use TryEncode(...) instead [-Wdeprecated-declarations]
.../node_modules/cpu-features install:  2418 |     return node::Encode(
.../node_modules/cpu-features install:       |            ~~~~~~~~~~~~^
.../node_modules/cpu-features install:  2419 |         isolate
.../node_modules/cpu-features install:       |         ~~~~~~~         
.../node_modules/cpu-features install:  2420 |       , reinterpret_cast<const uint16_t *>(buf)
.../node_modules/cpu-features install:       |       ~~~~~~~~~~~~~~~~~~~~~~~~~~~~~~~~~~~~~~~~~
.../node_modules/cpu-features install:  2421 |       , len / 2);
.../node_modules/cpu-features install:       |       ~~~~~~~~~~        
.../node_modules/cpu-features install: /home/runner/.cache/node-gyp/24.0.0/include/node/node.h:1173:50: note: declared here
.../node_modules/cpu-features install:  1173 |                 NODE_EXTERN v8::Local<v8::Value> Encode(v8::Isolate* isolate,
.../node_modules/cpu-features install:       |                                                  ^~~~~~
.../node_modules/cpu-features install: /home/runner/.cache/node-gyp/24.0.0/include/node/node.h:117:42: note: in definition of macro ‘NODE_DEPRECATED’
.../node_modules/cpu-features install:   117 |     __attribute__((deprecated(message))) declarator
.../node_modules/cpu-features install:       |                                          ^~~~~~~~~~
.../node_modules/cpu-features install: ../../../../nan@2.22.2/node_modules/nan/nan.h:2423:24: warning: ‘v8::Local<v8::Value> node::Encode(v8::Isolate*, const char*, size_t, encoding)’ is deprecated: Use TryEncode(...) instead [-Wdeprecated-declarations]
.../node_modules/cpu-features install:  2423 |     return node::Encode(
.../node_modules/cpu-features install:       |            ~~~~~~~~~~~~^
.../node_modules/cpu-features install:  2424 |         isolate
.../node_modules/cpu-features install:       |         ~~~~~~~         
.../node_modules/cpu-features install:  2425 |       , reinterpret_cast<const char *>(buf)
.../node_modules/cpu-features install:       |       ~~~~~~~~~~~~~~~~~~~~~~~~~~~~~~~~~~~~~
.../node_modules/cpu-features install:  2426 |       , len
.../node_modules/cpu-features install:       |       ~~~~~             
.../node_modules/cpu-features install:  2427 |       , node_enc);
.../node_modules/cpu-features install:       |       ~~~~~~~~~~~       
.../node_modules/cpu-features install: /home/runner/.cache/node-gyp/24.0.0/include/node/node.h:1165:38: note: declared here
.../node_modules/cpu-features install:  1165 |     NODE_EXTERN v8::Local<v8::Value> Encode(v8::Isolate* isolate,
.../node_modules/cpu-features install:       |                                      ^~~~~~
.../node_modules/cpu-features install: /home/runner/.cache/node-gyp/24.0.0/include/node/node.h:117:42: note: in definition of macro ‘NODE_DEPRECATED’
.../node_modules/cpu-features install:   117 |     __attribute__((deprecated(message))) declarator
.../node_modules/cpu-features install:       |                                          ^~~~~~~~~~
.../node_modules/cpu-features install: ../src/binding.cc: At global scope:
.../node_modules/cpu-features install: /home/runner/.cache/node-gyp/24.0.0/include/node/node.h:1263:7: warning: cast between incompatible function types from ‘void (*)(Nan::ADDON_REGISTER_FUNCTION_ARGS_TYPE)’ {aka ‘void (*)(v8::Local<v8::Object>)’} to ‘node::addon_register_func’ {aka ‘void (*)(v8::Local<v8::Object>, v8::Local<v8::Value>, void*)’} [-Wcast-function-type]
.../node_modules/cpu-features install:  1263 |       (node::addon_register_func) (regfunc),                          \
.../node_modules/cpu-features install:       |       ^~~~~~~~~~~~~~~~~~~~~~~~~~~~~~~~~~~~~
.../node_modules/cpu-features install: /home/runner/.cache/node-gyp/24.0.0/include/node/node.h:1297:3: note: in expansion of macro ‘NODE_MODULE_X’
.../node_modules/cpu-features install:  1297 |   NODE_MODULE_X(modname, regfunc, NULL, 0)  // NOLINT (readability/null_usage)
.../node_modules/cpu-features install:       |   ^~~~~~~~~~~~~
.../node_modules/cpu-features install: ../src/binding.cc:151:1: note: in expansion of macro ‘NODE_MODULE’
.../node_modules/cpu-features install:   151 | NODE_MODULE(cpufeatures, init)
.../node_modules/cpu-features install:       | ^~~~~~~~~~~
.../node_modules/cpu-features install:   SOLINK_MODULE(target) Release/obj.target/cpufeatures.node
.../node_modules/cpu-features install:   COPY Release/cpufeatures.node
.../node_modules/cpu-features install: make: Leaving directory '/home/runner/work/test/test/pyth-crosschain/node_modules/.pnpm/cpu-features@0.0.10/node_modules/cpu-features/build'
.../node_modules/cpu-features install: gyp info ok 
.../node_modules/cpu-features install: Done
.../node_modules/secp256k1 install:   CC(target) Release/obj.target/secp256k1/src/secp256k1-src/contrib/lax_der_parsing.o
.../node_modules/secp256k1 install:   CC(target) Release/obj.target/secp256k1/src/secp256k1-src/contrib/lax_der_privatekey_parsing.o
.../node_modules/secp256k1 install:   SOLINK_MODULE(target) Release/obj.target/secp256k1.node
.../node_modules/secp256k1 install:   COPY Release/secp256k1.node
.../node_modules/secp256k1 install: make: Leaving directory '/home/runner/work/test/test/pyth-crosschain/node_modules/.pnpm/secp256k1@3.7.1/node_modules/secp256k1/build'
.../node_modules/secp256k1 install: gyp info ok 
.../node_modules/secp256k1 install: Done
.../node_modules/@injectivelabs/sdk-ts postinstall$ link-module-alias
.../node_modules/@injectivelabs/sdk-ts postinstall: link-module-alias: ~sdk-ts -> dist
.../node_modules/@injectivelabs/sdk-ts postinstall: Done
Done in 32.1s using pnpm v10.28.0
