differential	Build GCC and Clang release fuzzers	﻿2026-08-23T20:07:59.2337473Z ##[group]Run set -euo pipefail
differential	Build GCC and Clang release fuzzers	2026-08-23T20:07:59.2337829Z ^[[36;1mset -euo pipefail^[[0m
differential	Build GCC and Clang release fuzzers	2026-08-23T20:07:59.2338147Z ^[[36;1mmkdir -p out/bin out/meta out/logs out/rc out/focus^[[0m
differential	Build GCC and Clang release fuzzers	2026-08-23T20:07:59.2338522Z ^[[36;1mdocker run --name monad-v0160-crossbuild \^[[0m
differential	Build GCC and Clang release fuzzers	2026-08-23T20:07:59.2339193Z ^[[36;1m  -v "$PWD/monad-execution:/src" \^[[0m
differential	Build GCC and Clang release fuzzers	2026-08-23T20:07:59.2339539Z ^[[36;1m  -v "$PWD/out:/out" \^[[0m
differential	Build GCC and Clang release fuzzers	2026-08-23T20:07:59.2339997Z ^[[36;1m  monad-v0160-base bash -lc '^[[0m
differential	Build GCC and Clang release fuzzers	2026-08-23T20:07:59.2340273Z ^[[36;1m    set -euo pipefail^[[0m
differential	Build GCC and Clang release fuzzers	2026-08-23T20:07:59.2340505Z ^[[36;1m    cd /src^[[0m
differential	Build GCC and Clang release fuzzers	2026-08-23T20:07:59.2340710Z ^[[36;1m    build_one() {^[[0m
differential	Build GCC and Clang release fuzzers	2026-08-23T20:07:59.2340962Z ^[[36;1m      name="$1" cc="$2" cxx="$3" extra="$4"^[[0m
differential	Build GCC and Clang release fuzzers	2026-08-23T20:07:59.2341251Z ^[[36;1m      dir="build-${name}"^[[0m
differential	Build GCC and Clang release fuzzers	2026-08-23T20:07:59.2341497Z ^[[36;1m      rm -rf "$dir"^[[0m
differential	Build GCC and Clang release fuzzers	2026-08-23T20:07:59.2341779Z ^[[36;1m      CC="$cc" CXX="$cxx" cmake -S . -B "$dir" -GNinja \^[[0m
differential	Build GCC and Clang release fuzzers	2026-08-23T20:07:59.2342120Z ^[[36;1m        -DCMAKE_BUILD_TYPE=Release \^[[0m
differential	Build GCC and Clang release fuzzers	2026-08-23T20:07:59.2342559Z ^[[36;1m        -DCMAKE_TOOLCHAIN_FILE=category/core/toolchains/gcc-avx2.cmake \^[[0m
differential	Build GCC and Clang release fuzzers	2026-08-23T20:07:59.2342967Z ^[[36;1m        -DMONAD_COMPILER_TESTING=On \^[[0m
differential	Build GCC and Clang release fuzzers	2026-08-23T20:07:59.2343296Z ^[[36;1m        -DCMAKE_C_FLAGS_RELEASE="$extra -DNDEBUG" \^[[0m
differential	Build GCC and Clang release fuzzers	2026-08-23T20:07:59.2343650Z ^[[36;1m        -DCMAKE_CXX_FLAGS_RELEASE="$extra -DNDEBUG"^[[0m
differential	Build GCC and Clang release fuzzers	2026-08-23T20:07:59.2344073Z ^[[36;1m      cmake --build "$dir" -t monad-compiler-fuzzer --parallel "$(nproc)"^[[0m
differential	Build GCC and Clang release fuzzers	2026-08-23T20:07:59.2344568Z ^[[36;1m      cp "$dir/test/vm/fuzzer/monad-compiler-fuzzer" "/out/bin/${name}"^[[0m
differential	Build GCC and Clang release fuzzers	2026-08-23T20:07:59.2344926Z ^[[36;1m    }^[[0m
differential	Build GCC and Clang release fuzzers	2026-08-23T20:07:59.2345144Z ^[[36;1m    build_one gcc_o2 gcc-15 g++-15 "-O2"^[[0m
differential	Build GCC and Clang release fuzzers	2026-08-23T20:07:59.2345467Z ^[[36;1m    build_one clang_o2 clang-19 clang++-19 "-O2"^[[0m
differential	Build GCC and Clang release fuzzers	2026-08-23T20:07:59.2345786Z ^[[36;1m    build_one gcc_o1 gcc-15 g++-15 "-O1"^[[0m
differential	Build GCC and Clang release fuzzers	2026-08-23T20:07:59.2346094Z ^[[36;1m    build_one clang_o1 clang-19 clang++-19 "-O1"^[[0m
differential	Build GCC and Clang release fuzzers	2026-08-23T20:07:59.2346450Z ^[[36;1m    sha256sum /out/bin/* > /out/meta/BINARY_SHA256.txt^[[0m
differential	Build GCC and Clang release fuzzers	2026-08-23T20:07:59.2346811Z ^[[36;1m    gcc-15 --version > /out/meta/GCC_VERSION.txt^[[0m
differential	Build GCC and Clang release fuzzers	2026-08-23T20:07:59.2347154Z ^[[36;1m    g++-15 --version > /out/meta/GXX_VERSION.txt^[[0m
differential	Build GCC and Clang release fuzzers	2026-08-23T20:07:59.2347498Z ^[[36;1m    clang-19 --version > /out/meta/CLANG_VERSION.txt^[[0m
differential	Build GCC and Clang release fuzzers	2026-08-23T20:07:59.2347891Z ^[[36;1m    clang++-19 --version > /out/meta/CLANGXX_VERSION.txt^[[0m
differential	Build GCC and Clang release fuzzers	2026-08-23T20:07:59.2348326Z ^[[36;1m    for f in /out/bin/*; do ldd "$f" > "/out/meta/$(basename "$f").ldd"; done^[[0m
differential	Build GCC and Clang release fuzzers	2026-08-23T20:07:59.2348687Z ^[[36;1m  '^[[0m
differential	Build GCC and Clang release fuzzers	2026-08-23T20:07:59.2385087Z shell: /usr/bin/bash --noprofile --norc -e -o pipefail {0}
differential	Build GCC and Clang release fuzzers	2026-08-23T20:07:59.2385432Z ##[endgroup]
differential	Build GCC and Clang release fuzzers	2026-08-23T20:07:59.4862193Z -- The C compiler identification is GNU 15.2.0
differential	Build GCC and Clang release fuzzers	2026-08-23T20:07:59.5501692Z -- The CXX compiler identification is GNU 15.2.0
differential	Build GCC and Clang release fuzzers	2026-08-23T20:07:59.5584800Z -- Detecting C compiler ABI info
differential	Build GCC and Clang release fuzzers	2026-08-23T20:07:59.6067585Z -- Detecting C compiler ABI info - done
differential	Build GCC and Clang release fuzzers	2026-08-23T20:07:59.6208774Z -- Check for working C compiler: /usr/bin/gcc-15 - skipped
differential	Build GCC and Clang release fuzzers	2026-08-23T20:07:59.6212773Z -- Detecting C compile features
differential	Build GCC and Clang release fuzzers	2026-08-23T20:07:59.6217673Z -- Detecting C compile features - done
differential	Build GCC and Clang release fuzzers	2026-08-23T20:07:59.6354171Z -- Detecting CXX compiler ABI info
differential	Build GCC and Clang release fuzzers	2026-08-23T20:07:59.6916021Z -- Detecting CXX compiler ABI info - done
differential	Build GCC and Clang release fuzzers	2026-08-23T20:07:59.7055879Z -- Check for working CXX compiler: /usr/bin/g++-15 - skipped
differential	Build GCC and Clang release fuzzers	2026-08-23T20:07:59.7059845Z -- Detecting CXX compile features
differential	Build GCC and Clang release fuzzers	2026-08-23T20:07:59.7070419Z -- Detecting CXX compile features - done
differential	Build GCC and Clang release fuzzers	2026-08-23T20:07:59.7769452Z -- Found GTest: /usr/lib/x86_64-linux-gnu/cmake/GTest/GTestConfig.cmake (found version "1.17.0")
differential	Build GCC and Clang release fuzzers	2026-08-23T20:07:59.7808068Z -- Found PkgConfig: /usr/bin/pkg-config (found version "2.5.1")
differential	Build GCC and Clang release fuzzers	2026-08-23T20:07:59.7814886Z -- Checking for module 'gmock'
differential	Build GCC and Clang release fuzzers	2026-08-23T20:07:59.7913434Z --   Found gmock, version 1.17.0
differential	Build GCC and Clang release fuzzers	2026-08-23T20:07:59.8331462Z -- Checking for modules 'libbrotlienc;libbrotlidec'
differential	Build GCC and Clang release fuzzers	2026-08-23T20:07:59.8449419Z --   Found libbrotlienc, version 1.2.0
differential	Build GCC and Clang release fuzzers	2026-08-23T20:07:59.8540237Z --   Found libbrotlidec, version 1.2.0
differential	Build GCC and Clang release fuzzers	2026-08-23T20:07:59.8817394Z -- Checking for module 'libcrypto++'
differential	Build GCC and Clang release fuzzers	2026-08-23T20:07:59.8916334Z --   Found libcrypto++, version 8.9
differential	Build GCC and Clang release fuzzers	2026-08-23T20:07:59.9169561Z -- Checking for module 'libzstd'
differential	Build GCC and Clang release fuzzers	2026-08-23T20:07:59.9269373Z --   Found libzstd, version 1.5.7
differential	Build GCC and Clang release fuzzers	2026-08-23T20:07:59.9568057Z -- Performing Test __CxxFlag__fno_threadsafe_statics
differential	Build GCC and Clang release fuzzers	2026-08-23T20:08:00.0138204Z -- Performing Test __CxxFlag__fno_threadsafe_statics - Success
differential	Build GCC and Clang release fuzzers	2026-08-23T20:08:00.0145123Z -- Performing Test __CxxFlag__fno_semantic_interposition
differential	Build GCC and Clang release fuzzers	2026-08-23T20:08:00.0724329Z -- Performing Test __CxxFlag__fno_semantic_interposition - Success
differential	Build GCC and Clang release fuzzers	2026-08-23T20:08:00.0731922Z -- Performing Test __CxxFlag__fmerge_all_constants
differential	Build GCC and Clang release fuzzers	2026-08-23T20:08:00.1307061Z -- Performing Test __CxxFlag__fmerge_all_constants - Success
differential	Build GCC and Clang release fuzzers	2026-08-23T20:08:00.1313943Z -- Performing Test __CxxFlag__fno_enforce_eh_specs
differential	Build GCC and Clang release fuzzers	2026-08-23T20:08:00.1875676Z -- Performing Test __CxxFlag__fno_enforce_eh_specs - Success
differential	Build GCC and Clang release fuzzers	2026-08-23T20:08:00.1876643Z -- Dependency: adding libc (Linux, BSD, or other UNIX/POSIX environment)
differential	Build GCC and Clang release fuzzers	2026-08-23T20:08:00.1877823Z -- Performing Test ASMJIT_LIBC_HAS_LIBPTHREAD
differential	Build GCC and Clang release fuzzers	2026-08-23T20:08:00.2534070Z -- Dependency: libpthread provided by libc (not linking to libpthread)
differential	Build GCC and Clang release fuzzers	2026-08-23T20:08:00.2534960Z -- Performing Test ASMJIT_LIBC_HAS_LIBPTHREAD - Success
differential	Build GCC and Clang release fuzzers	2026-08-23T20:08:00.2536130Z -- Performing Test ASMJIT_LIBC_HAS_LIBRT
differential	Build GCC and Clang release fuzzers	2026-08-23T20:08:00.3133880Z -- Dependency: shm_open provided by libc (not linking to librt)
differential	Build GCC and Clang release fuzzers	2026-08-23T20:08:00.3134688Z -- Performing Test ASMJIT_LIBC_HAS_LIBRT - Success
differential	Build GCC and Clang release fuzzers	2026-08-23T20:08:00.3154088Z ** AsmJit Summary **
differential	Build GCC and Clang release fuzzers	2026-08-23T20:08:00.3154523Z    ASMJIT_DIR=/src/third_party/asmjit
differential	Build GCC and Clang release fuzzers	2026-08-23T20:08:00.3154990Z    ASMJIT_TEST=FALSE
differential	Build GCC and Clang release fuzzers	2026-08-23T20:08:00.3155356Z    ASMJIT_TARGET_TYPE=STATIC
differential	Build GCC and Clang release fuzzers	2026-08-23T20:08:00.3155762Z    ASMJIT_DEPS=c
differential	Build GCC and Clang release fuzzers	2026-08-23T20:08:00.3156107Z    ASMJIT_LIBS=asmjit;c
differential	Build GCC and Clang release fuzzers	2026-08-23T20:08:00.3156515Z    ASMJIT_CFLAGS=-DASMJIT_STATIC
differential	Build GCC and Clang release fuzzers	2026-08-23T20:08:00.3157550Z    ASMJIT_PRIVATE_CFLAGS=-Wall;-Wextra;-Wconversion;-fno-math-errno;-fno-threadsafe-statics;-fno-semantic-interposition;-DASMJIT_STATIC
differential	Build GCC and Clang release fuzzers	2026-08-23T20:08:00.3158647Z    ASMJIT_PRIVATE_CFLAGS_DBG=
differential	Build GCC and Clang release fuzzers	2026-08-23T20:08:00.3159567Z    ASMJIT_PRIVATE_CFLAGS_REL=-O2;-fmerge-all-constants;-fno-enforce-eh-specs
differential	Build GCC and Clang release fuzzers	2026-08-23T20:08:00.3193156Z CMake Deprecation Warning at third_party/BLAKE3/c/CMakeLists.txt:1 (cmake_minimum_required):
differential	Build GCC and Clang release fuzzers	2026-08-23T20:08:00.3194218Z   Compatibility with CMake < 3.10 will be removed from a future version of
differential	Build GCC and Clang release fuzzers	2026-08-23T20:08:00.3194853Z   CMake.
differential	Build GCC and Clang release fuzzers	2026-08-23T20:08:00.3195027Z 
differential	Build GCC and Clang release fuzzers	2026-08-23T20:08:00.3195370Z   Update the VERSION argument <min> value.  Or, use the <min>...<max> syntax
differential	Build GCC and Clang release fuzzers	2026-08-23T20:08:00.3196228Z   to tell CMake that the project requires at least <min> but has been updated
differential	Build GCC and Clang release fuzzers	2026-08-23T20:08:00.3196999Z   to work with policies introduced by <max> or earlier.
differential	Build GCC and Clang release fuzzers	2026-08-23T20:08:00.3197391Z 
differential	Build GCC and Clang release fuzzers	2026-08-23T20:08:00.3197398Z 
differential	Build GCC and Clang release fuzzers	2026-08-23T20:08:00.3257216Z -- The ASM compiler identification is GNU
differential	Build GCC and Clang release fuzzers	2026-08-23T20:08:00.3289329Z -- Found assembler: /usr/bin/gcc-15
differential	Build GCC and Clang release fuzzers	2026-08-23T20:08:00.3335568Z -- BLAKE3 SIMD configuration: x86_64
differential	Build GCC and Clang release fuzzers	2026-08-23T20:08:00.3353975Z -- 
differential	Build GCC and Clang release fuzzers	2026-08-23T20:08:00.3354497Z  * AMD64 assembly, The library uses hand written amd64 SIMD assembly.
differential	Build GCC and Clang release fuzzers	2026-08-23T20:08:00.3355000Z 
differential	Build GCC and Clang release fuzzers	2026-08-23T20:08:00.3397120Z CMake Deprecation Warning at third_party/concurrentqueue/CMakeLists.txt:1 (cmake_minimum_required):
differential	Build GCC and Clang release fuzzers	2026-08-23T20:08:00.3398072Z   Compatibility with CMake < 3.10 will be removed from a future version of
differential	Build GCC and Clang release fuzzers	2026-08-23T20:08:00.3398745Z   CMake.
differential	Build GCC and Clang release fuzzers	2026-08-23T20:08:00.3399113Z 
differential	Build GCC and Clang release fuzzers	2026-08-23T20:08:00.3399494Z   Update the VERSION argument <min> value.  Or, use the <min>...<max> syntax
differential	Build GCC and Clang release fuzzers	2026-08-23T20:08:00.3409418Z   to tell CMake that the project requires at least <min> but has been updated
differential	Build GCC and Clang release fuzzers	2026-08-23T20:08:00.3410292Z   to work with policies introduced by <max> or earlier.
differential	Build GCC and Clang release fuzzers	2026-08-23T20:08:00.3410725Z 
differential	Build GCC and Clang release fuzzers	2026-08-23T20:08:00.3410735Z 
differential	Build GCC and Clang release fuzzers	2026-08-23T20:08:00.3759995Z CMake Deprecation Warning at third_party/immer/CMakeLists.txt:2 (cmake_minimum_required):
differential	Build GCC and Clang release fuzzers	2026-08-23T20:08:00.3761589Z   Compatibility with CMake < 3.10 will be removed from a future version of
differential	Build GCC and Clang release fuzzers	2026-08-23T20:08:00.3762252Z   CMake.
differential	Build GCC and Clang release fuzzers	2026-08-23T20:08:00.3762427Z 
differential	Build GCC and Clang release fuzzers	2026-08-23T20:08:00.3762774Z   Update the VERSION argument <min> value.  Or, use the <min>...<max> syntax
differential	Build GCC and Clang release fuzzers	2026-08-23T20:08:00.3763630Z   to tell CMake that the project requires at least <min> but has been updated
differential	Build GCC and Clang release fuzzers	2026-08-23T20:08:00.3764562Z   to work with policies introduced by <max> or earlier.
differential	Build GCC and Clang release fuzzers	2026-08-23T20:08:00.3764962Z 
differential	Build GCC and Clang release fuzzers	2026-08-23T20:08:00.3764968Z 
differential	Build GCC and Clang release fuzzers	2026-08-23T20:08:00.3797559Z -- Found Threads: TRUE
differential	Build GCC and Clang release fuzzers	2026-08-23T20:08:00.3909723Z -- Found GC library: BOEHM_GC_LIBRARIES-NOTFOUND
differential	Build GCC and Clang release fuzzers	2026-08-23T20:08:00.3918791Z CMake Warning (dev) at /usr/share/cmake-4.2/Modules/FindPackageHandleStandardArgs.cmake:493 (message):
differential	Build GCC and Clang release fuzzers	2026-08-23T20:08:00.3920240Z   The package name passed to find_package_handle_standard_args() (Boehm_GC)
differential	Build GCC and Clang release fuzzers	2026-08-23T20:08:00.3922013Z   does not match the name of the calling package (BoehmGC).  This can lead to
differential	Build GCC and Clang release fuzzers	2026-08-23T20:08:00.3922832Z   problems in calling code that expects find_package() result variables
differential	Build GCC and Clang release fuzzers	2026-08-23T20:08:00.3923441Z   (e.g., `_FOUND`) to follow a certain pattern.
differential	Build GCC and Clang release fuzzers	2026-08-23T20:08:00.3923750Z Call Stack (most recent call first):
differential	Build GCC and Clang release fuzzers	2026-08-23T20:08:00.3924158Z   third_party/immer/cmake/FindBoehmGC.cmake:105 (FIND_PACKAGE_HANDLE_STANDARD_ARGS)
differential	Build GCC and Clang release fuzzers	2026-08-23T20:08:00.3924615Z   third_party/immer/CMakeLists.txt:73 (find_package)
differential	Build GCC and Clang release fuzzers	2026-08-23T20:08:00.3925013Z This warning is for project developers.  Use -Wno-dev to suppress it.
differential	Build GCC and Clang release fuzzers	2026-08-23T20:08:00.3925296Z 
differential	Build GCC and Clang release fuzzers	2026-08-23T20:08:00.3925505Z CMake Warning (dev) at third_party/immer/CMakeLists.txt:74 (find_package):
differential	Build GCC and Clang release fuzzers	2026-08-23T20:08:00.3925979Z   Policy CMP0167 is not set: The FindBoost module is removed.  Run "cmake
differential	Build GCC and Clang release fuzzers	2026-08-23T20:08:00.3926466Z   --help-policy CMP0167" for policy details.  Use the cmake_policy command to
differential	Build GCC and Clang release fuzzers	2026-08-23T20:08:00.3926875Z   set the policy and suppress this warning.
differential	Build GCC and Clang release fuzzers	2026-08-23T20:08:00.3927079Z 
differential	Build GCC and Clang release fuzzers	2026-08-23T20:08:00.3927263Z This warning is for project developers.  Use -Wno-dev to suppress it.
differential	Build GCC and Clang release fuzzers	2026-08-23T20:08:00.3927533Z 
differential	Build GCC and Clang release fuzzers	2026-08-23T20:08:00.3927730Z -- Could NOT find Boehm_GC (missing: BOEHM_GC_LIBRARIES BOEHM_GC_INCLUDE_DIR) 
differential	Build GCC and Clang release fuzzers	2026-08-23T20:08:00.3960618Z -- Found Boost: /usr/lib/x86_64-linux-gnu/cmake/Boost-1.83.0/BoostConfig.cmake (found suitable version "1.83.0", minimum required is "1.56")
differential	Build GCC and Clang release fuzzers	2026-08-23T20:08:00.3970365Z -- Could not find ccache
differential	Build GCC and Clang release fuzzers	2026-08-23T20:08:00.4195051Z -- [cable ] Cable 0.5.0 initialized
differential	Build GCC and Clang release fuzzers	2026-08-23T20:08:00.4221351Z -- x86_64 micro-architecture level: 2
differential	Build GCC and Clang release fuzzers	2026-08-23T20:08:00.4427826Z -- Found Git: /usr/bin/git (found version "2.53.0")
differential	Build GCC and Clang release fuzzers	2026-08-23T20:08:00.4576345Z CMake Deprecation Warning at third_party/nanobench/CMakeLists.txt:1 (cmake_minimum_required):
differential	Build GCC and Clang release fuzzers	2026-08-23T20:08:00.4577843Z   Compatibility with CMake < 3.10 will be removed from a future version of
differential	Build GCC and Clang release fuzzers	2026-08-23T20:08:00.4579255Z   CMake.
differential	Build GCC and Clang release fuzzers	2026-08-23T20:08:00.4579559Z 
differential	Build GCC and Clang release fuzzers	2026-08-23T20:08:00.4579992Z   Update the VERSION argument <min> value.  Or, use the <min>...<max> syntax
differential	Build GCC and Clang release fuzzers	2026-08-23T20:08:00.4581090Z   to tell CMake that the project requires at least <min> but has been updated
differential	Build GCC and Clang release fuzzers	2026-08-23T20:08:00.4582006Z   to work with policies introduced by <max> or earlier.
differential	Build GCC and Clang release fuzzers	2026-08-23T20:08:00.4582498Z 
differential	Build GCC and Clang release fuzzers	2026-08-23T20:08:00.4582506Z 
differential	Build GCC and Clang release fuzzers	2026-08-23T20:08:00.4650384Z -- Using the multi-header code from /src/third_party/nlohmann_json/include/
differential	Build GCC and Clang release fuzzers	2026-08-23T20:08:00.4690661Z -- QUILL_NO_EXCEPTIONS: OFF
differential	Build GCC and Clang release fuzzers	2026-08-23T20:08:00.4691733Z -- QUILL_NO_THREAD_NAME_SUPPORT: OFF
differential	Build GCC and Clang release fuzzers	2026-08-23T20:08:00.4692172Z -- QUILL_USE_SEQUENTIAL_THREAD_ID: OFF
differential	Build GCC and Clang release fuzzers	2026-08-23T20:08:00.4692499Z -- QUILL_X86ARCH: OFF
differential	Build GCC and Clang release fuzzers	2026-08-23T20:08:00.4692792Z -- QUILL_DISABLE_NON_PREFIXED_MACROS: OFF
differential	Build GCC and Clang release fuzzers	2026-08-23T20:08:00.4693140Z -- QUILL_DISABLE_FUNCTION_NAME: OFF
differential	Build GCC and Clang release fuzzers	2026-08-23T20:08:00.4693461Z -- QUILL_DETAILED_FUNCTION_NAME: OFF
differential	Build GCC and Clang release fuzzers	2026-08-23T20:08:00.4693775Z -- QUILL_DISABLE_FILE_INFO: OFF
differential	Build GCC and Clang release fuzzers	2026-08-23T20:08:00.4694074Z -- QUILL_ENABLE_ASSERTIONS: OFF
differential	Build GCC and Clang release fuzzers	2026-08-23T20:08:00.4694365Z -- QUILL_ENABLE_INSTALL: OFF
differential	Build GCC and Clang release fuzzers	2026-08-23T20:08:00.4694905Z -- QUILL_BUILD_MODULE: OFF
differential	Build GCC and Clang release fuzzers	2026-08-23T20:08:00.4709976Z -- GMP: /usr/lib/x86_64-linux-gnu/libgmp.so, /usr/include/x86_64-linux-gnu
differential	Build GCC and Clang release fuzzers	2026-08-23T20:08:00.4717305Z CMake Deprecation Warning at third_party/silkpre/third_party/libff/CMakeLists.txt:1 (cmake_minimum_required):
differential	Build GCC and Clang release fuzzers	2026-08-23T20:08:00.4718489Z   Compatibility with CMake < 3.10 will be removed from a future version of
differential	Build GCC and Clang release fuzzers	2026-08-23T20:08:00.4719671Z   CMake.
differential	Build GCC and Clang release fuzzers	2026-08-23T20:08:00.4719860Z 
differential	Build GCC and Clang release fuzzers	2026-08-23T20:08:00.4720207Z   Update the VERSION argument <min> value.  Or, use the <min>...<max> syntax
differential	Build GCC and Clang release fuzzers	2026-08-23T20:08:00.4720947Z   to tell CMake that the project requires at least <min> but has been updated
differential	Build GCC and Clang release fuzzers	2026-08-23T20:08:00.4721428Z   to work with policies introduced by <max> or earlier.
differential	Build GCC and Clang release fuzzers	2026-08-23T20:08:00.4721684Z 
differential	Build GCC and Clang release fuzzers	2026-08-23T20:08:00.4721689Z 
differential	Build GCC and Clang release fuzzers	2026-08-23T20:08:00.4721903Z -- GMP: /usr/lib/x86_64-linux-gnu/libgmp.so, /usr/include/x86_64-linux-gnu
differential	Build GCC and Clang release fuzzers	2026-08-23T20:08:00.4806757Z fatal: detected dubious ownership in repository at '/src'
differential	Build GCC and Clang release fuzzers	2026-08-23T20:08:00.4807186Z To add an exception for this directory, call:
differential	Build GCC and Clang release fuzzers	2026-08-23T20:08:00.4807611Z 
differential	Build GCC and Clang release fuzzers	2026-08-23T20:08:00.4807986Z 	git config --global --add safe.directory /src
differential	Build GCC and Clang release fuzzers	2026-08-23T20:08:00.4848593Z -- Checking for module 'libcap'
differential	Build GCC and Clang release fuzzers	2026-08-23T20:08:00.4958043Z --   Found libcap, version 2.75
differential	Build GCC and Clang release fuzzers	2026-08-23T20:08:00.5342053Z -- Performing Test BOOST_FIBER_LINKS_WITHOUT_ADDITIONAL_MACROS
differential	Build GCC and Clang release fuzzers	2026-08-23T20:08:00.8958467Z -- Performing Test BOOST_FIBER_LINKS_WITHOUT_ADDITIONAL_MACROS - Success
differential	Build GCC and Clang release fuzzers	2026-08-23T20:08:00.9148135Z -- Checking for module 'libarchive'
differential	Build GCC and Clang release fuzzers	2026-08-23T20:08:00.9262561Z --   Found libarchive, version 3.8.5
differential	Build GCC and Clang release fuzzers	2026-08-23T20:08:01.0575638Z -- Configuring done (1.6s)
differential	Build GCC and Clang release fuzzers	2026-08-23T20:08:01.7870980Z -- Generating done (0.7s)
differential	Build GCC and Clang release fuzzers	2026-08-23T20:08:01.7878853Z -- Build files have been written to: /src/build-gcc_o2
differential	Build GCC and Clang release fuzzers	2026-08-23T20:08:01.8507377Z [0/2] Re-checking globbed directories...
differential	Build GCC and Clang release fuzzers	2026-08-23T20:08:01.9111633Z [1/382] Scanning /src/third_party/evmone/lib/evmone_precompiles/blake2b.cpp for CXX dependencies
differential	Build GCC and Clang release fuzzers	2026-08-23T20:08:01.9942583Z [2/382] Scanning /src/third_party/evmone/lib/evmone_precompiles/pairing/bn254/pairing.cpp for CXX dependencies
differential	Build GCC and Clang release fuzzers	2026-08-23T20:08:01.9960033Z [3/382] Scanning /src/third_party/evmone/lib/evmone_precompiles/bn254.cpp for CXX dependencies
differential	Build GCC and Clang release fuzzers	2026-08-23T20:08:02.0260356Z [4/382] Scanning /src/third_party/evmone/lib/evmone_precompiles/modexp.cpp for CXX dependencies
differential	Build GCC and Clang release fuzzers	2026-08-23T20:08:02.0288197Z [5/382] Scanning /src/third_party/evmone/lib/evmone_precompiles/bls.cpp for CXX dependencies
differential	Build GCC and Clang release fuzzers	2026-08-23T20:08:02.0636676Z [6/382] Scanning /src/third_party/evmone/lib/evmone_precompiles/ripemd160.cpp for CXX dependencies
differential	Build GCC and Clang release fuzzers	2026-08-23T20:08:02.1433159Z [7/382] Scanning /src/third_party/evmone/lib/evmone_precompiles/secp256r1.cpp for CXX dependencies
differential	Build GCC and Clang release fuzzers	2026-08-23T20:08:02.1549145Z [8/382] Scanning /src/third_party/evmone/lib/evmone_precompiles/secp256k1.cpp for CXX dependencies
differential	Build GCC and Clang release fuzzers	2026-08-23T20:08:02.1796146Z [9/382] Building ASM object CMakeFiles/blst.dir/third_party/blst/build/assembly.S.o
differential	Build GCC and Clang release fuzzers	2026-08-23T20:08:02.1814160Z [10/382] Scanning /src/third_party/evmone/lib/evmone_precompiles/kzg.cpp for CXX dependencies
differential	Build GCC and Clang release fuzzers	2026-08-23T20:08:02.2007838Z [11/382] Scanning /src/third_party/evmone/lib/evmone_precompiles/sha256.cpp for CXX dependencies
differential	Build GCC and Clang release fuzzers	2026-08-23T20:08:02.2152380Z [12/382] Generating CXX dyndep file third_party/evmone/lib/evmone_precompiles/CMakeFiles/evmone_precompiles.dir/CXX.dd
differential	Build GCC and Clang release fuzzers	2026-08-23T20:08:02.3730857Z [13/382] Scanning /src/third_party/evmone/lib/evmone/advanced_analysis.cpp for CXX dependencies
differential	Build GCC and Clang release fuzzers	2026-08-23T20:08:02.4215643Z [14/382] Building C object third_party/ethash/lib/keccak/CMakeFiles/keccak.dir/keccak.c.o
differential	Build GCC and Clang release fuzzers	2026-08-23T20:08:02.4233795Z [15/382] Scanning /src/third_party/evmone/lib/evmone/advanced_execution.cpp for CXX dependencies
differential	Build GCC and Clang release fuzzers	2026-08-23T20:08:02.5589354Z [16/382] Scanning /src/third_party/evmone/lib/evmone/advanced_instructions.cpp for CXX dependencies
differential	Build GCC and Clang release fuzzers	2026-08-23T20:08:02.6004863Z [17/382] Scanning /src/third_party/evmone/lib/evmone/baseline_analysis.cpp for CXX dependencies
differential	Build GCC and Clang release fuzzers	2026-08-23T20:08:02.6061125Z [18/382] Scanning /src/third_party/evmone/lib/evmone/baseline_instruction_table.cpp for CXX dependencies
differential	Build GCC and Clang release fuzzers	2026-08-23T20:08:02.6159147Z [19/382] Scanning /src/third_party/evmone/lib/evmone/instruction_stats.cpp for CXX dependencies
differential	Build GCC and Clang release fuzzers	2026-08-23T20:08:02.6465594Z [20/382] Scanning /src/third_party/evmone/lib/evmone/baseline_execution.cpp for CXX dependencies
differential	Build GCC and Clang release fuzzers	2026-08-23T20:08:02.7509491Z [21/382] Scanning /src/third_party/evmone/lib/evmone/delegation.cpp for CXX dependencies
differential	Build GCC and Clang release fuzzers	2026-08-23T20:08:02.8022899Z [22/382] Scanning /src/third_party/evmone/lib/evmone/instructions_calls.cpp for CXX dependencies
differential	Build GCC and Clang release fuzzers	2026-08-23T20:08:02.8378322Z [23/382] Scanning /src/third_party/evmone/lib/evmone/instructions_storage.cpp for CXX dependencies
differential	Build GCC and Clang release fuzzers	2026-08-23T20:08:02.8662463Z [24/382] Scanning /src/third_party/evmone/lib/evmone/cpu_check.cpp for CXX dependencies
differential	Build GCC and Clang release fuzzers	2026-08-23T20:08:02.9382971Z [25/382] Scanning /src/third_party/evmone/lib/evmone/tracing.cpp for CXX dependencies
differential	Build GCC and Clang release fuzzers	2026-08-23T20:08:02.9816413Z [26/382] Scanning /src/third_party/evmone/lib/evmone/vm.cpp for CXX dependencies
differential	Build GCC and Clang release fuzzers	2026-08-23T20:08:04.0372264Z [27/382] Building CXX object third_party/silkpre/third_party/libff/libff/CMakeFiles/ff.dir/algebra/curves/alt_bn128/alt_bn128_g1.cpp.o
differential	Build GCC and Clang release fuzzers	2026-08-23T20:08:04.0813515Z [28/382] Building CXX object third_party/silkpre/third_party/libff/libff/CMakeFiles/ff.dir/algebra/curves/alt_bn128/alt_bn128_g2.cpp.o
differential	Build GCC and Clang release fuzzers	2026-08-23T20:08:04.9536270Z [29/382] Building CXX object third_party/silkpre/third_party/libff/libff/CMakeFiles/ff.dir/algebra/curves/alt_bn128/alt_bn128_init.cpp.o
differential	Build GCC and Clang release fuzzers	2026-08-23T20:08:05.5387284Z [30/382] Building C object CMakeFiles/blst.dir/third_party/blst/src/server.c.o
differential	Build GCC and Clang release fuzzers	2026-08-23T20:08:05.5552343Z [31/382] Building CXX object third_party/silkpre/third_party/libff/libff/CMakeFiles/ff.dir/algebra/curves/alt_bn128/alt_bn128_pp.cpp.o
differential	Build GCC and Clang release fuzzers	2026-08-23T20:08:05.5730076Z [32/382] Building CXX object third_party/silkpre/third_party/libff/libff/CMakeFiles/ff.dir/algebra/curves/alt_bn128/alt_bn128_pairing.cpp.o
differential	Build GCC and Clang release fuzzers	2026-08-23T20:08:05.9370591Z [33/382] Building C object third_party/silkpre/CMakeFiles/secp256k1.dir/third_party/secp256k1/src/secp256k1.c.o
differential	Build GCC and Clang release fuzzers	2026-08-23T20:08:06.4219997Z [34/382] Building CXX object third_party/silkpre/third_party/libff/libff/CMakeFiles/ff.dir/algebra/curves/edwards/edwards_init.cpp.o
differential	Build GCC and Clang release fuzzers	2026-08-23T20:08:06.5790084Z [35/382] Building CXX object third_party/silkpre/third_party/libff/libff/CMakeFiles/ff.dir/algebra/curves/edwards/edwards_g1.cpp.o
differential	Build GCC and Clang release fuzzers	2026-08-23T20:08:06.7010441Z [36/382] Building CXX object third_party/silkpre/third_party/libff/libff/CMakeFiles/ff.dir/algebra/curves/edwards/edwards_g2.cpp.o
differential	Build GCC and Clang release fuzzers	2026-08-23T20:08:07.0211192Z [37/382] Building CXX object third_party/silkpre/third_party/libff/libff/CMakeFiles/ff.dir/algebra/curves/edwards/edwards_pp.cpp.o
differential	Build GCC and Clang release fuzzers	2026-08-23T20:08:07.6667361Z [38/382] Building CXX object third_party/silkpre/third_party/libff/libff/CMakeFiles/ff.dir/algebra/curves/edwards/edwards_pairing.cpp.o
differential	Build GCC and Clang release fuzzers	2026-08-23T20:08:07.7418545Z [39/382] Building CXX object third_party/silkpre/third_party/libff/libff/CMakeFiles/ff.dir/algebra/curves/mnt/mnt4/mnt4_g1.cpp.o
differential	Build GCC and Clang release fuzzers	2026-08-23T20:08:07.8114611Z [40/382] Building CXX object third_party/silkpre/third_party/libff/libff/CMakeFiles/ff.dir/algebra/curves/mnt/mnt4/mnt4_g2.cpp.o
differential	Build GCC and Clang release fuzzers	2026-08-23T20:08:07.8270449Z [41/382] Building CXX object third_party/silkpre/third_party/libff/libff/CMakeFiles/ff.dir/algebra/curves/mnt/mnt4/mnt4_init.cpp.o
differential	Build GCC and Clang release fuzzers	2026-08-23T20:08:08.3257840Z [42/382] Building CXX object third_party/silkpre/third_party/libff/libff/CMakeFiles/ff.dir/algebra/curves/mnt/mnt46_common.cpp.o
differential	Build GCC and Clang release fuzzers	2026-08-23T20:08:08.3892740Z [43/382] Building CXX object third_party/silkpre/third_party/libff/libff/CMakeFiles/ff.dir/algebra/curves/mnt/mnt4/mnt4_pp.cpp.o
differential	Build GCC and Clang release fuzzers	2026-08-23T20:08:09.1094393Z [44/382] Building CXX object third_party/silkpre/third_party/libff/libff/CMakeFiles/ff.dir/algebra/curves/mnt/mnt6/mnt6_g1.cpp.o
differential	Build GCC and Clang release fuzzers	2026-08-23T20:08:09.2986415Z [45/382] Building CXX object third_party/silkpre/third_party/libff/libff/CMakeFiles/ff.dir/algebra/curves/mnt/mnt4/mnt4_pairing.cpp.o
differential	Build GCC and Clang release fuzzers	2026-08-23T20:08:09.4067174Z [46/382] Building CXX object third_party/silkpre/third_party/libff/libff/CMakeFiles/ff.dir/algebra/curves/mnt/mnt6/mnt6_init.cpp.o
differential	Build GCC and Clang release fuzzers	2026-08-23T20:08:09.7549830Z [47/382] Building CXX object third_party/silkpre/third_party/libff/libff/CMakeFiles/ff.dir/algebra/curves/mnt/mnt6/mnt6_g2.cpp.o
differential	Build GCC and Clang release fuzzers	2026-08-23T20:08:10.1921419Z [48/382] Building CXX object third_party/silkpre/third_party/libff/libff/CMakeFiles/ff.dir/common/double.cpp.o
differential	Build GCC and Clang release fuzzers	2026-08-23T20:08:10.3216496Z [49/382] Building CXX object third_party/silkpre/third_party/libff/libff/CMakeFiles/ff.dir/algebra/curves/mnt/mnt6/mnt6_pp.cpp.o
differential	Build GCC and Clang release fuzzers	2026-08-23T20:08:10.4359651Z [50/382] Linking C static library libblst.a
differential	Build GCC and Clang release fuzzers	2026-08-23T20:08:10.6035682Z [51/382] Building CXX object third_party/silkpre/third_party/libff/libff/CMakeFiles/ff.dir/algebra/curves/mnt/mnt6/mnt6_pairing.cpp.o
differential	Build GCC and Clang release fuzzers	2026-08-23T20:08:10.9569968Z [52/382] Building CXX object third_party/silkpre/third_party/libff/libff/CMakeFiles/ff.dir/common/utils.cpp.o
differential	Build GCC and Clang release fuzzers	2026-08-23T20:08:11.0557036Z [53/382] Building CXX object third_party/asmjit/CMakeFiles/asmjit.dir/src/asmjit/core/assembler.cpp.o
differential	Build GCC and Clang release fuzzers	2026-08-23T20:08:11.0765755Z [54/382] Building CXX object third_party/asmjit/CMakeFiles/asmjit.dir/src/asmjit/core/archtraits.cpp.o
differential	Build GCC and Clang release fuzzers	2026-08-23T20:08:11.4244982Z [55/382] Building CXX object third_party/asmjit/CMakeFiles/asmjit.dir/src/asmjit/core/codewriter.cpp.o
differential	Build GCC and Clang release fuzzers	2026-08-23T20:08:11.5671172Z [56/382] Building CXX object third_party/silkpre/third_party/libff/libff/CMakeFiles/ff.dir/common/profiling.cpp.o
differential	Build GCC and Clang release fuzzers	2026-08-23T20:08:11.7645113Z [57/382] Building CXX object third_party/asmjit/CMakeFiles/asmjit.dir/src/asmjit/core/builder.cpp.o
differential	Build GCC and Clang release fuzzers	2026-08-23T20:08:11.8559552Z [58/382] Building CXX object third_party/asmjit/CMakeFiles/asmjit.dir/src/asmjit/core/constpool.cpp.o
differential	Build GCC and Clang release fuzzers	2026-08-23T20:08:11.8898556Z [59/382] Building CXX object third_party/asmjit/CMakeFiles/asmjit.dir/src/asmjit/core/codeholder.cpp.o
differential	Build GCC and Clang release fuzzers	2026-08-23T20:08:12.1376963Z [60/382] Building CXX object third_party/asmjit/CMakeFiles/asmjit.dir/src/asmjit/core/compiler.cpp.o
differential	Build GCC and Clang release fuzzers	2026-08-23T20:08:12.2373022Z [61/382] Building CXX object third_party/asmjit/CMakeFiles/asmjit.dir/src/asmjit/core/cpuinfo.cpp.o
differential	Build GCC and Clang release fuzzers	2026-08-23T20:08:12.3255283Z [62/382] Building CXX object third_party/asmjit/CMakeFiles/asmjit.dir/src/asmjit/core/emitter.cpp.o
differential	Build GCC and Clang release fuzzers	2026-08-23T20:08:12.3369236Z [63/382] Building CXX object third_party/asmjit/CMakeFiles/asmjit.dir/src/asmjit/core/emithelper.cpp.o
differential	Build GCC and Clang release fuzzers	2026-08-23T20:08:12.4149667Z [64/382] Building CXX object third_party/asmjit/CMakeFiles/asmjit.dir/src/asmjit/core/environment.cpp.o
differential	Build GCC and Clang release fuzzers	2026-08-23T20:08:12.4315507Z [65/382] Building CXX object third_party/asmjit/CMakeFiles/asmjit.dir/src/asmjit/core/errorhandler.cpp.o
differential	Build GCC and Clang release fuzzers	2026-08-23T20:08:12.5123386Z [66/382] Building CXX object third_party/asmjit/CMakeFiles/asmjit.dir/src/asmjit/core/emitterutils.cpp.o
differential	Build GCC and Clang release fuzzers	2026-08-23T20:08:12.6494132Z [67/382] Building CXX object third_party/asmjit/CMakeFiles/asmjit.dir/src/asmjit/core/globals.cpp.o
differential	Build GCC and Clang release fuzzers	2026-08-23T20:08:12.7982777Z [68/382] Building CXX object third_party/asmjit/CMakeFiles/asmjit.dir/src/asmjit/core/func.cpp.o
differential	Build GCC and Clang release fuzzers	2026-08-23T20:08:12.8675147Z [69/382] Building CXX object third_party/asmjit/CMakeFiles/asmjit.dir/src/asmjit/core/funcargscontext.cpp.o
differential	Build GCC and Clang release fuzzers	2026-08-23T20:08:12.8876540Z [70/382] Building CXX object third_party/asmjit/CMakeFiles/asmjit.dir/src/asmjit/core/formatter.cpp.o
differential	Build GCC and Clang release fuzzers	2026-08-23T20:08:12.8994637Z [71/382] Building CXX object third_party/asmjit/CMakeFiles/asmjit.dir/src/asmjit/core/inst.cpp.o
differential	Build GCC and Clang release fuzzers	2026-08-23T20:08:13.0961626Z [72/382] Building CXX object third_party/asmjit/CMakeFiles/asmjit.dir/src/asmjit/core/instdb.cpp.o
differential	Build GCC and Clang release fuzzers	2026-08-23T20:08:13.1624021Z [73/382] Building CXX object third_party/asmjit/CMakeFiles/asmjit.dir/src/asmjit/core/logger.cpp.o
differential	Build GCC and Clang release fuzzers	2026-08-23T20:08:13.1860621Z [74/382] Building CXX object third_party/asmjit/CMakeFiles/asmjit.dir/src/asmjit/core/jitruntime.cpp.o
differential	Build GCC and Clang release fuzzers	2026-08-23T20:08:13.2542890Z [75/382] Building CXX object third_party/asmjit/CMakeFiles/asmjit.dir/src/asmjit/core/operand.cpp.o
differential	Build GCC and Clang release fuzzers	2026-08-23T20:08:13.3335773Z [76/382] Building CXX object third_party/asmjit/CMakeFiles/asmjit.dir/src/asmjit/core/osutils.cpp.o
differential	Build GCC and Clang release fuzzers	2026-08-23T20:08:13.5989703Z [77/382] Building CXX object third_party/asmjit/CMakeFiles/asmjit.dir/src/asmjit/core/jitallocator.cpp.o
differential	Build GCC and Clang release fuzzers	2026-08-23T20:08:13.7067253Z [78/382] Building CXX object third_party/asmjit/CMakeFiles/asmjit.dir/src/asmjit/core/rastack.cpp.o
differential	Build GCC and Clang release fuzzers	2026-08-23T20:08:13.8291674Z [79/382] Building CXX object third_party/asmjit/CMakeFiles/asmjit.dir/src/asmjit/core/support.cpp.o
differential	Build GCC and Clang release fuzzers	2026-08-23T20:08:13.8967773Z [80/382] Building CXX object third_party/asmjit/CMakeFiles/asmjit.dir/src/asmjit/core/string.cpp.o
differential	Build GCC and Clang release fuzzers	2026-08-23T20:08:14.0574443Z [81/382] Building CXX object third_party/asmjit/CMakeFiles/asmjit.dir/src/asmjit/core/target.cpp.o
differential	Build GCC and Clang release fuzzers	2026-08-23T20:08:14.1173728Z [82/382] Building CXX object third_party/asmjit/CMakeFiles/asmjit.dir/src/asmjit/core/type.cpp.o
differential	Build GCC and Clang release fuzzers	2026-08-23T20:08:14.2896774Z [83/382] Building CXX object third_party/asmjit/CMakeFiles/asmjit.dir/src/asmjit/core/ralocal.cpp.o
differential	Build GCC and Clang release fuzzers	2026-08-23T20:08:14.3474365Z [84/382] Building CXX object third_party/asmjit/CMakeFiles/asmjit.dir/src/asmjit/core/zone.cpp.o
differential	Build GCC and Clang release fuzzers	2026-08-23T20:08:14.4062965Z [85/382] Building CXX object third_party/asmjit/CMakeFiles/asmjit.dir/src/asmjit/core/virtmem.cpp.o
differential	Build GCC and Clang release fuzzers	2026-08-23T20:08:14.4693794Z [86/382] Building CXX object third_party/asmjit/CMakeFiles/asmjit.dir/src/asmjit/core/zonehash.cpp.o
differential	Build GCC and Clang release fuzzers	2026-08-23T20:08:14.4698180Z [87/382] Building CXX object third_party/asmjit/CMakeFiles/asmjit.dir/src/asmjit/core/zonelist.cpp.o
differential	Build GCC and Clang release fuzzers	2026-08-23T20:08:14.5643289Z [88/382] Building CXX object third_party/asmjit/CMakeFiles/asmjit.dir/src/asmjit/core/zonestack.cpp.o
differential	Build GCC and Clang release fuzzers	2026-08-23T20:08:14.5927138Z [89/382] Building CXX object third_party/asmjit/CMakeFiles/asmjit.dir/src/asmjit/core/zonetree.cpp.o
differential	Build GCC and Clang release fuzzers	2026-08-23T20:08:14.7167476Z [90/382] Building CXX object third_party/asmjit/CMakeFiles/asmjit.dir/src/asmjit/core/zonevector.cpp.o
differential	Build GCC and Clang release fuzzers	2026-08-23T20:08:15.0791940Z [91/382] Building CXX object third_party/asmjit/CMakeFiles/asmjit.dir/src/asmjit/arm/armformatter.cpp.o
differential	Build GCC and Clang release fuzzers	2026-08-23T20:08:15.1117501Z [92/382] Building CXX object third_party/asmjit/CMakeFiles/asmjit.dir/src/asmjit/core/rapass.cpp.o
differential	Build GCC and Clang release fuzzers	2026-08-23T20:08:15.2230698Z [93/382] Building CXX object third_party/asmjit/CMakeFiles/asmjit.dir/src/asmjit/arm/a64builder.cpp.o
differential	Build GCC and Clang release fuzzers	2026-08-23T20:08:15.6291463Z [94/382] Building CXX object third_party/asmjit/CMakeFiles/asmjit.dir/src/asmjit/arm/a64formatter.cpp.o
differential	Build GCC and Clang release fuzzers	2026-08-23T20:08:15.6537480Z [95/382] Building CXX object third_party/asmjit/CMakeFiles/asmjit.dir/src/asmjit/arm/a64compiler.cpp.o
differential	Build GCC and Clang release fuzzers	2026-08-23T20:08:15.8187596Z [96/382] Building CXX object third_party/asmjit/CMakeFiles/asmjit.dir/src/asmjit/arm/a64emithelper.cpp.o
differential	Build GCC and Clang release fuzzers	2026-08-23T20:08:15.9814955Z [97/382] Building CXX object third_party/asmjit/CMakeFiles/asmjit.dir/src/asmjit/arm/a64func.cpp.o
differential	Build GCC and Clang release fuzzers	2026-08-23T20:08:16.0703749Z [98/382] Building CXX object third_party/asmjit/CMakeFiles/asmjit.dir/src/asmjit/arm/a64instapi.cpp.o
differential	Build GCC and Clang release fuzzers	2026-08-23T20:08:16.2008652Z [99/382] Building CXX object third_party/asmjit/CMakeFiles/asmjit.dir/src/asmjit/arm/a64instdb.cpp.o
differential	Build GCC and Clang release fuzzers	2026-08-23T20:08:16.2377169Z [100/382] Building CXX object third_party/asmjit/CMakeFiles/asmjit.dir/src/asmjit/arm/a64operand.cpp.o
differential	Build GCC and Clang release fuzzers	2026-08-23T20:08:17.2287326Z [101/382] Building CXX object third_party/asmjit/CMakeFiles/asmjit.dir/src/asmjit/arm/a64assembler.cpp.o
differential	Build GCC and Clang release fuzzers	2026-08-23T20:08:17.3885170Z [102/382] Building CXX object third_party/asmjit/CMakeFiles/asmjit.dir/src/asmjit/arm/a64rapass.cpp.o
differential	Build GCC and Clang release fuzzers	2026-08-23T20:08:18.0777125Z [103/382] Building CXX object third_party/asmjit/CMakeFiles/asmjit.dir/src/asmjit/x86/x86builder.cpp.o
differential	Build GCC and Clang release fuzzers	2026-08-23T20:08:18.7618333Z [104/382] Building CXX object third_party/asmjit/CMakeFiles/asmjit.dir/src/asmjit/x86/x86formatter.cpp.o
differential	Build GCC and Clang release fuzzers	2026-08-23T20:08:19.1663470Z [105/382] Building CXX object third_party/asmjit/CMakeFiles/asmjit.dir/src/asmjit/x86/x86compiler.cpp.o
differential	Build GCC and Clang release fuzzers	2026-08-23T20:08:19.3480578Z [106/382] Building CXX object third_party/asmjit/CMakeFiles/asmjit.dir/src/asmjit/x86/x86emithelper.cpp.o
differential	Build GCC and Clang release fuzzers	2026-08-23T20:08:19.8485075Z [107/382] Building CXX object third_party/asmjit/CMakeFiles/asmjit.dir/src/asmjit/x86/x86instdb.cpp.o
differential	Build GCC and Clang release fuzzers	2026-08-23T20:08:20.1439303Z [108/382] Building CXX object third_party/asmjit/CMakeFiles/asmjit.dir/src/asmjit/x86/x86operand.cpp.o
differential	Build GCC and Clang release fuzzers	2026-08-23T20:08:20.2209817Z [109/382] Building CXX object third_party/asmjit/CMakeFiles/asmjit.dir/src/asmjit/x86/x86assembler.cpp.o
differential	Build GCC and Clang release fuzzers	2026-08-23T20:08:20.4434399Z [110/382] Building CXX object third_party/asmjit/CMakeFiles/asmjit.dir/src/asmjit/x86/x86instapi.cpp.o
differential	Build GCC and Clang release fuzzers	2026-08-23T20:08:20.4799722Z [111/382] Building CXX object third_party/asmjit/CMakeFiles/asmjit.dir/src/asmjit/x86/x86func.cpp.o
differential	Build GCC and Clang release fuzzers	2026-08-23T20:08:20.6580050Z [112/382] Building C object third_party/BLAKE3/c/CMakeFiles/blake3.dir/blake3.c.o
differential	Build GCC and Clang release fuzzers	2026-08-23T20:08:20.6760366Z [113/382] Building ASM object third_party/BLAKE3/c/CMakeFiles/blake3.dir/blake3_avx2_x86-64_unix.S.o
differential	Build GCC and Clang release fuzzers	2026-08-23T20:08:20.7024147Z [114/382] Building ASM object third_party/BLAKE3/c/CMakeFiles/blake3.dir/blake3_avx512_x86-64_unix.S.o
differential	Build GCC and Clang release fuzzers	2026-08-23T20:08:20.7201027Z [115/382] Building ASM object third_party/BLAKE3/c/CMakeFiles/blake3.dir/blake3_sse2_x86-64_unix.S.o
differential	Build GCC and Clang release fuzzers	2026-08-23T20:08:20.7367473Z [116/382] Building ASM object third_party/BLAKE3/c/CMakeFiles/blake3.dir/blake3_sse41_x86-64_unix.S.o
differential	Build GCC and Clang release fuzzers	2026-08-23T20:08:20.8258307Z [117/382] Building C object third_party/BLAKE3/c/CMakeFiles/blake3.dir/blake3_portable.c.o
differential	Build GCC and Clang release fuzzers	2026-08-23T20:08:21.0192765Z [118/382] Building CXX object third_party/c-kzg-4844-builder/CMakeFiles/c-kzg-4844.dir/trusted_setup.cpp.o
differential	Build GCC and Clang release fuzzers	2026-08-23T20:08:21.0342821Z [119/382] Building C object third_party/BLAKE3/c/CMakeFiles/blake3.dir/blake3_dispatch.c.o
differential	Build GCC and Clang release fuzzers	2026-08-23T20:08:21.0663886Z [120/382] Linking C static library third_party/ethash/lib/keccak/libkeccak.a
differential	Build GCC and Clang release fuzzers	2026-08-23T20:08:21.7560739Z [121/382] Building C object third_party/c-kzg-4844-builder/CMakeFiles/c-kzg-4844.dir/__/c-kzg-4844/src/ckzg.c.o
differential	Build GCC and Clang release fuzzers	2026-08-23T20:08:22.1066798Z [122/382] Building CXX object third_party/fiber/CMakeFiles/boost_fiber.dir/src/algo/algorithm.cpp.o
differential	Build GCC and Clang release fuzzers	2026-08-23T20:08:22.2267050Z [123/382] Building CXX object third_party/fiber/CMakeFiles/boost_fiber.dir/src/algo/round_robin.cpp.o
differential	Build GCC and Clang release fuzzers	2026-08-23T20:08:23.0775314Z [124/382] Building CXX object third_party/fiber/CMakeFiles/boost_fiber.dir/src/algo/shared_work.cpp.o
differential	Build GCC and Clang release fuzzers	2026-08-23T20:08:23.1311671Z [125/382] Building CXX object third_party/asmjit/CMakeFiles/asmjit.dir/src/asmjit/x86/x86rapass.cpp.o
differential	Build GCC and Clang release fuzzers	2026-08-23T20:08:23.4714555Z [126/382] Building CXX object third_party/fiber/CMakeFiles/boost_fiber.dir/src/barrier.cpp.o
differential	Build GCC and Clang release fuzzers	2026-08-23T20:08:23.5042070Z [127/382] Building CXX object third_party/fiber/CMakeFiles/boost_fiber.dir/src/algo/work_stealing.cpp.o
differential	Build GCC and Clang release fuzzers	2026-08-23T20:08:24.0455969Z [128/382] Building CXX object third_party/fiber/CMakeFiles/boost_fiber.dir/src/future.cpp.o
differential	Build GCC and Clang release fuzzers	2026-08-23T20:08:24.2316725Z [129/382] Building CXX object third_party/fiber/CMakeFiles/boost_fiber.dir/src/condition_variable.cpp.o
differential	Build GCC and Clang release fuzzers	2026-08-23T20:08:24.6421532Z [130/382] Building CXX object third_party/fiber/CMakeFiles/boost_fiber.dir/src/fiber.cpp.o
differential	Build GCC and Clang release fuzzers	2026-08-23T20:08:24.7299811Z [131/382] Building CXX object third_party/fiber/CMakeFiles/boost_fiber.dir/src/context.cpp.o
differential	Build GCC and Clang release fuzzers	2026-08-23T20:08:25.2993075Z [132/382] Building CXX object third_party/fiber/CMakeFiles/boost_fiber.dir/src/mutex.cpp.o
differential	Build GCC and Clang release fuzzers	2026-08-23T20:08:25.3406435Z [133/382] Building CXX object third_party/fiber/CMakeFiles/boost_fiber.dir/src/properties.cpp.o
differential	Build GCC and Clang release fuzzers	2026-08-23T20:08:25.8783751Z [134/382] Building CXX object third_party/fiber/CMakeFiles/boost_fiber.dir/src/recursive_mutex.cpp.o
differential	Build GCC and Clang release fuzzers	2026-08-23T20:08:25.9753702Z [135/382] Building CXX object third_party/fiber/CMakeFiles/boost_fiber.dir/src/recursive_timed_mutex.cpp.o
differential	Build GCC and Clang release fuzzers	2026-08-23T20:08:26.1519399Z [136/382] Building CXX object third_party/evmone/lib/evmone_precompiles/CMakeFiles/evmone_precompiles.dir/blake2b.cpp.o
differential	Build GCC and Clang release fuzzers	2026-08-23T20:08:26.6225915Z [137/382] Building CXX object third_party/fiber/CMakeFiles/boost_fiber.dir/src/timed_mutex.cpp.o
differential	Build GCC and Clang release fuzzers	2026-08-23T20:08:26.8104795Z [138/382] Building CXX object third_party/fiber/CMakeFiles/boost_fiber.dir/src/scheduler.cpp.o
differential	Build GCC and Clang release fuzzers	2026-08-23T20:08:26.8234956Z [139/382] Building C object third_party/evmone/lib/evmone_precompiles/CMakeFiles/evmone_precompiles.dir/keccak.c.o
differential	Build GCC and Clang release fuzzers	2026-08-23T20:08:27.1070622Z [140/382] Building CXX object third_party/fiber/CMakeFiles/boost_fiber.dir/src/waker.cpp.o
differential	Build GCC and Clang release fuzzers	2026-08-23T20:08:27.3878147Z [141/382] Building CXX object third_party/evmone/lib/evmone_precompiles/CMakeFiles/evmone_precompiles.dir/bls.cpp.o
differential	Build GCC and Clang release fuzzers	2026-08-23T20:08:27.8145803Z [142/382] Building CXX object third_party/evmone/lib/evmone_precompiles/CMakeFiles/evmone_precompiles.dir/bn254.cpp.o
differential	Build GCC and Clang release fuzzers	2026-08-23T20:08:28.5712576Z [143/382] Building CXX object third_party/evmone/lib/evmone_precompiles/CMakeFiles/evmone_precompiles.dir/ripemd160.cpp.o
differential	Build GCC and Clang release fuzzers	2026-08-23T20:08:29.7007042Z [144/382] Building CXX object third_party/evmone/lib/evmone_precompiles/CMakeFiles/evmone_precompiles.dir/secp256k1.cpp.o
differential	Build GCC and Clang release fuzzers	2026-08-23T20:08:29.9991948Z [145/382] Building CXX object third_party/evmone/lib/evmone_precompiles/CMakeFiles/evmone_precompiles.dir/modexp.cpp.o
differential	Build GCC and Clang release fuzzers	2026-08-23T20:08:30.2170381Z [146/382] Building CXX object third_party/evmone/lib/evmone_precompiles/CMakeFiles/evmone_precompiles.dir/secp256r1.cpp.o
differential	Build GCC and Clang release fuzzers	2026-08-23T20:08:30.2320438Z [147/382] Generating CXX dyndep file third_party/evmone/lib/evmone/CMakeFiles/evmone.dir/CXX.dd
differential	Build GCC and Clang release fuzzers	2026-08-23T20:08:30.2837489Z [148/382] Linking C static library third_party/silkpre/libsecp256k1.a
differential	Build GCC and Clang release fuzzers	2026-08-23T20:08:30.3608647Z [149/382] Linking CXX static library third_party/silkpre/third_party/libff/libff/libff.a
differential	Build GCC and Clang release fuzzers	2026-08-23T20:08:30.4540527Z [150/382] Building C object third_party/silkpre/lib/CMakeFiles/silkpre.dir/silkpre/blake2b.c.o
differential	Build GCC and Clang release fuzzers	2026-08-23T20:08:30.4978801Z [151/382] Building C object third_party/silkpre/lib/CMakeFiles/silkpre.dir/silkpre/ecdsa.c.o
differential	Build GCC and Clang release fuzzers	2026-08-23T20:08:30.6717175Z [152/382] Building CXX object third_party/evmone/lib/evmone_precompiles/CMakeFiles/evmone_precompiles.dir/kzg.cpp.o
differential	Build GCC and Clang release fuzzers	2026-08-23T20:08:30.7786986Z [153/382] Building CXX object third_party/evmone/lib/evmone_precompiles/CMakeFiles/evmone_precompiles.dir/sha256.cpp.o
differential	Build GCC and Clang release fuzzers	2026-08-23T20:08:30.9010536Z [154/382] Building C object third_party/silkpre/lib/CMakeFiles/silkpre.dir/silkpre/rmd160.c.o
differential	Build GCC and Clang release fuzzers	2026-08-23T20:08:31.3482040Z [155/382] Building CXX object third_party/silkpre/lib/CMakeFiles/silkpre.dir/silkpre/secp256k1n.cpp.o
differential	Build GCC and Clang release fuzzers	2026-08-23T20:08:31.4146650Z [156/382] Building CXX object third_party/evmone/lib/evmone_precompiles/CMakeFiles/evmone_precompiles.dir/pairing/bn254/pairing.cpp.o
differential	Build GCC and Clang release fuzzers	2026-08-23T20:08:31.5907392Z [157/382] Building C object third_party/silkpre_vendor/CMakeFiles/monad_crypto.dir/src/silkpre_vendor/rmd160.c.o
differential	Build GCC and Clang release fuzzers	2026-08-23T20:08:31.6127966Z [158/382] Building C object third_party/silkpre/lib/CMakeFiles/silkpre.dir/silkpre/sha256.c.o
differential	Build GCC and Clang release fuzzers	2026-08-23T20:08:31.6863368Z [159/382] Building C object third_party/silkpre_vendor/CMakeFiles/monad_crypto.dir/src/silkpre_vendor/blake2b.c.o
differential	Build GCC and Clang release fuzzers	2026-08-23T20:08:31.6979206Z [160/382] Linking CXX static library third_party/asmjit/libasmjit.a
differential	Build GCC and Clang release fuzzers	2026-08-23T20:08:31.7385825Z [161/382] Linking C static library third_party/BLAKE3/c/libblake3.a
differential	Build GCC and Clang release fuzzers	2026-08-23T20:08:31.7489969Z [162/382] Linking CXX static library third_party/c-kzg-4844-builder/libc-kzg-4844.a
differential	Build GCC and Clang release fuzzers	2026-08-23T20:08:31.7994345Z [163/382] Linking CXX static library third_party/evmone/lib/evmone_precompiles/libevmone_precompiles.a
differential	Build GCC and Clang release fuzzers	2026-08-23T20:08:31.8008918Z [164/382] Linking CXX static library third_party/fiber/libboost_fiber.a
differential	Build GCC and Clang release fuzzers	2026-08-23T20:08:32.1151511Z [165/382] Building C object third_party/silkpre_vendor/CMakeFiles/monad_crypto.dir/src/silkpre_vendor/sha256.c.o
differential	Build GCC and Clang release fuzzers	2026-08-23T20:08:32.5262850Z [166/382] Building CXX object third_party/silkpre/lib/CMakeFiles/silkpre.dir/silkpre/precompile.cpp.o
differential	Build GCC and Clang release fuzzers	2026-08-23T20:08:32.9509621Z [167/382] Building CXX object third_party/evmone/lib/evmone/CMakeFiles/evmone.dir/advanced_execution.cpp.o
differential	Build GCC and Clang release fuzzers	2026-08-23T20:08:33.0341986Z [168/382] Building CXX object third_party/evmone/lib/evmone/CMakeFiles/evmone.dir/advanced_analysis.cpp.o
differential	Build GCC and Clang release fuzzers	2026-08-23T20:08:33.3372343Z [169/382] Building CXX object third_party/evmone/lib/evmone/CMakeFiles/evmone.dir/baseline_instruction_table.cpp.o
differential	Build GCC and Clang release fuzzers	2026-08-23T20:08:33.6087755Z [170/382] Building CXX object third_party/evmone/lib/evmone/CMakeFiles/evmone.dir/baseline_analysis.cpp.o
differential	Build GCC and Clang release fuzzers	2026-08-23T20:08:33.6230127Z [171/382] Building CXX object third_party/evmone/lib/evmone/CMakeFiles/evmone.dir/instruction_stats.cpp.o
differential	Build GCC and Clang release fuzzers	2026-08-23T20:08:34.0876459Z [172/382] Building CXX object third_party/evmone/lib/evmone/CMakeFiles/evmone.dir/delegation.cpp.o
differential	Build GCC and Clang release fuzzers	2026-08-23T20:08:35.1835275Z [173/382] Building CXX object third_party/evmone/lib/evmone/CMakeFiles/evmone.dir/advanced_instructions.cpp.o
differential	Build GCC and Clang release fuzzers	2026-08-23T20:08:35.1858325Z [174/382] Building CXX object third_party/evmone/lib/evmone/CMakeFiles/evmone.dir/instructions_calls.cpp.o
differential	Build GCC and Clang release fuzzers	2026-08-23T20:08:35.2107528Z [175/382] Building CXX object third_party/evmone/lib/evmone/CMakeFiles/evmone.dir/instructions_storage.cpp.o
differential	Build GCC and Clang release fuzzers	2026-08-23T20:08:35.2641057Z [176/382] Building CXX object third_party/evmone/lib/evmone/CMakeFiles/evmone.dir/cpu_check.cpp.o
differential	Build GCC and Clang release fuzzers	2026-08-23T20:08:35.3137624Z [177/382] Linking CXX static library third_party/silkpre/lib/libsilkpre.a
differential	Build GCC and Clang release fuzzers	2026-08-23T20:08:35.3632619Z [178/382] Linking C static library third_party/silkpre_vendor/libmonad_crypto.a
differential	Build GCC and Clang release fuzzers	2026-08-23T20:08:36.3755666Z [179/382] Building CXX object third_party/evmone/lib/evmone/CMakeFiles/evmone.dir/vm.cpp.o
differential	Build GCC and Clang release fuzzers	2026-08-23T20:08:37.0798696Z [180/382] Building CXX object third_party/evmone/lib/evmone/CMakeFiles/evmone.dir/tracing.cpp.o
differential	Build GCC and Clang release fuzzers	2026-08-23T20:08:38.7066986Z [181/382] Building CXX object category/async/CMakeFiles/monad_async.dir/util.cpp.o
differential	Build GCC and Clang release fuzzers	2026-08-23T20:08:38.7726935Z [182/382] Building C object category/core/CMakeFiles/monad_core.dir/assert.c.o
differential	Build GCC and Clang release fuzzers	2026-08-23T20:08:39.0755960Z [183/382] Building CXX object category/async/CMakeFiles/monad_async.dir/io.cpp.o
differential	Build GCC and Clang release fuzzers	2026-08-23T20:08:39.6681061Z [184/382] Building CXX object category/core/CMakeFiles/monad_core.dir/backtrace.cpp.o
differential	Build GCC and Clang release fuzzers	2026-08-23T20:08:39.7265866Z [185/382] Building C object category/core/CMakeFiles/monad_core.dir/cleanup.c.o
differential	Build GCC and Clang release fuzzers	2026-08-23T20:08:39.7813955Z [186/382] Building C object category/core/CMakeFiles/monad_core.dir/format_err.c.o
differential	Build GCC and Clang release fuzzers	2026-08-23T20:08:40.4513892Z [187/382] Building CXX object category/core/CMakeFiles/monad_core.dir/hex.cpp.o
differential	Build GCC and Clang release fuzzers	2026-08-23T20:08:40.4777630Z [188/382] Building CXX object category/async/CMakeFiles/monad_async.dir/storage_pool.cpp.o
differential	Build GCC and Clang release fuzzers	2026-08-23T20:08:40.4858541Z [189/382] Building C object category/core/CMakeFiles/monad_core.dir/keccak.c.o
differential	Build GCC and Clang release fuzzers	2026-08-23T20:08:41.6178845Z [190/382] Building CXX object category/core/CMakeFiles/monad_core.dir/checked_math.cpp.o
differential	Build GCC and Clang release fuzzers	2026-08-23T20:08:42.2464121Z [191/382] Building CXX object category/core/CMakeFiles/monad_core.dir/monad_exception.cpp.o
differential	Build GCC and Clang release fuzzers	2026-08-23T20:08:42.3449875Z [192/382] Building C object category/core/CMakeFiles/monad_core.dir/path_util.c.o
differential	Build GCC and Clang release fuzzers	2026-08-23T20:08:42.3795556Z [193/382] Building C object category/core/CMakeFiles/monad_core.dir/tl_tid.c.o
differential	Build GCC and Clang release fuzzers	2026-08-23T20:08:43.9277834Z [194/382] Building CXX object third_party/evmone/lib/evmone/CMakeFiles/evmone.dir/baseline_execution.cpp.o
differential	Build GCC and Clang release fuzzers	2026-08-23T20:08:44.1062706Z [195/382] Building C object category/core/CMakeFiles/monad_core.dir/event/event_ring.c.o
differential	Build GCC and Clang release fuzzers	2026-08-23T20:08:44.2976658Z [196/382] Building C object category/core/CMakeFiles/monad_core.dir/event/event_ring_util.c.o
differential	Build GCC and Clang release fuzzers	2026-08-23T20:08:44.3160457Z [197/382] Building C object category/core/CMakeFiles/monad_core.dir/event/test_event_ctypes_metadata.c.o
differential	Build GCC and Clang release fuzzers	2026-08-23T20:08:48.3289324Z [198/382] Building CXX object category/core/CMakeFiles/monad_core.dir/fiber/fiber_group.cpp.o
differential	Build GCC and Clang release fuzzers	2026-08-23T20:08:52.1984123Z [199/382] Building CXX object category/core/CMakeFiles/monad_core.dir/fiber/fiber_thread_pool.cpp.o
differential	Build GCC and Clang release fuzzers	2026-08-23T20:08:55.3369034Z [200/382] Building CXX object category/core/CMakeFiles/monad_core.dir/fiber/priority_algorithm.cpp.o
differential	Build GCC and Clang release fuzzers	2026-08-23T20:08:56.1053737Z [201/382] Building CXX object category/core/CMakeFiles/monad_core.dir/log.cpp.o
differential	Build GCC and Clang release fuzzers	2026-08-23T20:08:56.1575377Z [202/382] Building CXX object category/core/CMakeFiles/monad_core.dir/cli/help_formatter.cpp.o
differential	Build GCC and Clang release fuzzers	2026-08-23T20:08:56.3150096Z [203/382] Building CXX object category/core/CMakeFiles/monad_core.dir/io/buffer_pool.cpp.o
differential	Build GCC and Clang release fuzzers	2026-08-23T20:08:56.5378090Z [204/382] Building CXX object category/core/CMakeFiles/monad_core.dir/rlp/decode_error.cpp.o
differential	Build GCC and Clang release fuzzers	2026-08-23T20:08:56.5961309Z [205/382] Building C object category/core/CMakeFiles/monad_core.dir/cpuset.c.o
differential	Build GCC and Clang release fuzzers	2026-08-23T20:08:56.6900769Z [206/382] Building C object category/core/CMakeFiles/monad_core.dir/event/event_ring_util_linux.c.o
differential	Build GCC and Clang release fuzzers	2026-08-23T20:08:57.9793299Z [207/382] Building CXX object category/core/CMakeFiles/monad_core.dir/io/buffers.cpp.o
differential	Build GCC and Clang release fuzzers	2026-08-23T20:08:58.0885647Z [208/382] Building CXX object category/core/CMakeFiles/monad_core.dir/log_ffi.cpp.o
differential	Build GCC and Clang release fuzzers	2026-08-23T20:08:58.2124038Z [209/382] Building CXX object category/core/CMakeFiles/monad_core.dir/mem/huge_mem.cpp.o
differential	Build GCC and Clang release fuzzers	2026-08-23T20:08:58.2517161Z [210/382] Building CXX object category/core/CMakeFiles/monad_core.dir/io/ring.cpp.o
differential	Build GCC and Clang release fuzzers	2026-08-23T20:08:58.3034421Z [211/382] Building C object category/core/CMakeFiles/monad_core.dir/procfs/statm.c.o
differential	Build GCC and Clang release fuzzers	2026-08-23T20:08:58.3180528Z [212/382] Building ASM object category/core/CMakeFiles/monad_core.dir/keccak_impl.S.o
differential	Build GCC and Clang release fuzzers	2026-08-23T20:08:58.3559117Z [213/382] Building C object category/core/CMakeFiles/monad_core.dir/mem/hugetlb_path.c.o
differential	Build GCC and Clang release fuzzers	2026-08-23T20:08:58.6612826Z [214/382] Building CXX object category/core/CMakeFiles/monad_core.dir/fiber/priority_pool.cpp.o
differential	Build GCC and Clang release fuzzers	2026-08-23T20:08:59.2237023Z [215/382] Building CXX object category/core/CMakeFiles/monad_core.dir/fiber/priority_queue.cpp.o
differential	Build GCC and Clang release fuzzers	2026-08-23T20:09:00.1776339Z [216/382] Building CXX object category/mpt/CMakeFiles/monad_trie.dir/compute.cpp.o
differential	Build GCC and Clang release fuzzers	2026-08-23T20:09:03.7544404Z [217/382] Building CXX object category/mpt/CMakeFiles/monad_trie.dir/copy_trie.cpp.o
differential	Build GCC and Clang release fuzzers	2026-08-23T20:09:04.9323207Z [218/382] Building CXX object category/mpt/CMakeFiles/monad_trie.dir/find.cpp.o
differential	Build GCC and Clang release fuzzers	2026-08-23T20:09:06.8562209Z [219/382] Building CXX object category/mpt/CMakeFiles/monad_trie.dir/db_metadata_context.cpp.o
differential	Build GCC and Clang release fuzzers	2026-08-23T20:09:07.5150737Z [220/382] Building CXX object category/mpt/CMakeFiles/monad_trie.dir/node.cpp.o
differential	Build GCC and Clang release fuzzers	2026-08-23T20:09:08.2692200Z [221/382] Building CXX object category/mpt/CMakeFiles/monad_trie.dir/state_machine_kind.cpp.o
differential	Build GCC and Clang release fuzzers	2026-08-23T20:09:11.6845767Z [222/382] Building CXX object category/mpt/CMakeFiles/monad_trie.dir/read_node_blocking.cpp.o
differential	Build GCC and Clang release fuzzers	2026-08-23T20:09:12.0460173Z [223/382] Building CXX object category/mpt/CMakeFiles/monad_trie.dir/find_notify_fiber.cpp.o
differential	Build GCC and Clang release fuzzers	2026-08-23T20:09:15.0499701Z [224/382] Building CXX object category/mpt/CMakeFiles/monad_trie.dir/db.cpp.o
differential	Build GCC and Clang release fuzzers	2026-08-23T20:09:18.4856860Z [225/382] Building CXX object category/execution/CMakeFiles/monad_execution_ethereum.dir/ethereum/chain/ethereum_mainnet.cpp.o
differential	Build GCC and Clang release fuzzers	2026-08-23T20:09:21.2166745Z [226/382] Building CXX object category/execution/CMakeFiles/monad_execution_ethereum.dir/ethereum/chain/hive_net.cpp.o
differential	Build GCC and Clang release fuzzers	2026-08-23T20:09:21.3260052Z [227/382] Building CXX object category/mpt/CMakeFiles/monad_trie.dir/trie.cpp.o
differential	Build GCC and Clang release fuzzers	2026-08-23T20:09:21.4403871Z [228/382] Building CXX object category/execution/CMakeFiles/monad_execution_ethereum.dir/ethereum/core/contract/abi_decode_error.cpp.o
differential	Build GCC and Clang release fuzzers	2026-08-23T20:09:22.9481604Z [229/382] Building CXX object category/mpt/CMakeFiles/monad_trie.dir/update_aux.cpp.o
differential	Build GCC and Clang release fuzzers	2026-08-23T20:09:23.6782122Z [230/382] Building CXX object category/execution/CMakeFiles/monad_execution_ethereum.dir/ethereum/core/ecrecover.cpp.o
differential	Build GCC and Clang release fuzzers	2026-08-23T20:09:23.9494559Z [231/382] Building CXX object category/execution/CMakeFiles/monad_execution_ethereum.dir/ethereum/core/receipt.cpp.o
differential	Build GCC and Clang release fuzzers	2026-08-23T20:09:26.4242166Z [232/382] Building CXX object category/execution/CMakeFiles/monad_execution_ethereum.dir/ethereum/core/rlp/account_rlp.cpp.o
differential	Build GCC and Clang release fuzzers	2026-08-23T20:09:28.4154424Z [233/382] Building CXX object category/execution/CMakeFiles/monad_execution_ethereum.dir/ethereum/core/rlp/receipt_rlp.cpp.o
differential	Build GCC and Clang release fuzzers	2026-08-23T20:09:28.6571653Z [234/382] Building CXX object category/execution/CMakeFiles/monad_execution_ethereum.dir/ethereum/core/rlp/block_rlp.cpp.o
differential	Build GCC and Clang release fuzzers	2026-08-23T20:09:28.8979792Z [235/382] Building CXX object category/execution/CMakeFiles/monad_execution_ethereum.dir/ethereum/chain/genesis_state.cpp.o
differential	Build GCC and Clang release fuzzers	2026-08-23T20:09:29.3768505Z [236/382] Building CXX object category/execution/CMakeFiles/monad_execution_ethereum.dir/ethereum/core/rlp/signature_rlp.cpp.o
differential	Build GCC and Clang release fuzzers	2026-08-23T20:09:31.1674606Z [237/382] Building CXX object category/execution/CMakeFiles/monad_execution_ethereum.dir/ethereum/core/signature.cpp.o
differential	Build GCC and Clang release fuzzers	2026-08-23T20:09:32.1135898Z [238/382] Building CXX object category/execution/CMakeFiles/monad_execution_ethereum.dir/ethereum/core/rlp/withdrawal_rlp.cpp.o
differential	Build GCC and Clang release fuzzers	2026-08-23T20:09:33.1386471Z [239/382] Building CXX object category/execution/CMakeFiles/monad_execution_ethereum.dir/ethereum/core/transaction.cpp.o
differential	Build GCC and Clang release fuzzers	2026-08-23T20:09:34.4070108Z [240/382] Building CXX object category/execution/CMakeFiles/monad_execution_ethereum.dir/ethereum/core/rlp/transaction_rlp.cpp.o
differential	Build GCC and Clang release fuzzers	2026-08-23T20:09:35.4669284Z [241/382] Building CXX object category/execution/CMakeFiles/monad_execution_ethereum.dir/ethereum/db/block_db.cpp.o
differential	Build GCC and Clang release fuzzers	2026-08-23T20:09:37.0261250Z [242/382] Building CXX object category/execution/CMakeFiles/monad_execution_ethereum.dir/ethereum/db/file_db.cpp.o
differential	Build GCC and Clang release fuzzers	2026-08-23T20:09:37.9390663Z [243/382] Building CXX object category/execution/CMakeFiles/monad_execution_ethereum.dir/ethereum/db/commit_builder.cpp.o
differential	Build GCC and Clang release fuzzers	2026-08-23T20:09:41.1760634Z [244/382] Building CXX object category/execution/CMakeFiles/monad_execution_ethereum.dir/ethereum/db/state_machine_init.cpp.o
differential	Build GCC and Clang release fuzzers	2026-08-23T20:09:42.2485030Z [245/382] Building CXX object category/execution/CMakeFiles/monad_execution_ethereum.dir/ethereum/db/db_snapshot.cpp.o
differential	Build GCC and Clang release fuzzers	2026-08-23T20:09:44.4439528Z [246/382] Building CXX object category/execution/CMakeFiles/monad_execution_ethereum.dir/ethereum/db/partial_trie_db.cpp.o
differential	Build GCC and Clang release fuzzers	2026-08-23T20:09:44.4684691Z [247/382] Building C object category/execution/CMakeFiles/monad_execution_ethereum.dir/ethereum/event/exec_event_ctypes_metadata.c.o
differential	Build GCC and Clang release fuzzers	2026-08-23T20:09:46.3407714Z [248/382] Building CXX object category/execution/CMakeFiles/monad_execution_ethereum.dir/ethereum/db/db_snapshot_filesystem.cpp.o
differential	Build GCC and Clang release fuzzers	2026-08-23T20:09:46.9040350Z [249/382] Building CXX object category/execution/CMakeFiles/monad_execution_ethereum.dir/ethereum/event/exec_event_recorder.cpp.o
differential	Build GCC and Clang release fuzzers	2026-08-23T20:09:49.2595809Z [250/382] Building CXX object category/execution/CMakeFiles/monad_execution_ethereum.dir/ethereum/event/record_block_events.cpp.o
differential	Build GCC and Clang release fuzzers	2026-08-23T20:09:49.4524088Z [251/382] Building CXX object category/execution/CMakeFiles/monad_execution_ethereum.dir/ethereum/event/record_consensus_events.cpp.o
differential	Build GCC and Clang release fuzzers	2026-08-23T20:09:52.5728831Z [252/382] Building CXX object category/execution/CMakeFiles/monad_execution_ethereum.dir/ethereum/block_hash_buffer.cpp.o
differential	Build GCC and Clang release fuzzers	2026-08-23T20:09:56.9294520Z [253/382] Building CXX object category/execution/CMakeFiles/monad_execution_ethereum.dir/ethereum/db/util.cpp.o
differential	Build GCC and Clang release fuzzers	2026-08-23T20:09:57.1284283Z [254/382] Building CXX object category/execution/CMakeFiles/monad_execution_ethereum.dir/ethereum/event/record_txn_events.cpp.o
differential	Build GCC and Clang release fuzzers	2026-08-23T20:09:59.8046246Z [255/382] Building CXX object category/execution/CMakeFiles/monad_execution_ethereum.dir/ethereum/block_hash_buffer/util.cpp.o
differential	Build GCC and Clang release fuzzers	2026-08-23T20:10:02.7962518Z [256/382] Building CXX object category/execution/CMakeFiles/monad_execution_ethereum.dir/ethereum/create_contract_address.cpp.o
differential	Build GCC and Clang release fuzzers	2026-08-23T20:10:03.1459989Z [257/382] Building CXX object category/execution/CMakeFiles/monad_execution_ethereum.dir/ethereum/block_hash_history.cpp.o
differential	Build GCC and Clang release fuzzers	2026-08-23T20:10:04.0038486Z [258/382] Building CXX object category/execution/CMakeFiles/monad_execution_ethereum.dir/ethereum/db/trie_db.cpp.o
differential	Build GCC and Clang release fuzzers	2026-08-23T20:10:04.0237772Z [259/382] Building CXX object category/execution/CMakeFiles/monad_execution_ethereum.dir/ethereum/block_reward.cpp.o
differential	Build GCC and Clang release fuzzers	2026-08-23T20:10:09.0466528Z [260/382] Building CXX object category/execution/CMakeFiles/monad_execution_ethereum.dir/ethereum/dispatch_transaction.cpp.o
differential	Build GCC and Clang release fuzzers	2026-08-23T20:10:10.4247925Z [261/382] Building CXX object category/execution/CMakeFiles/monad_execution_ethereum.dir/ethereum/evmc_host.cpp.o
differential	Build GCC and Clang release fuzzers	2026-08-23T20:10:11.0639287Z [262/382] Building CXX object category/execution/CMakeFiles/monad_execution_ethereum.dir/ethereum/execute_block_header.cpp.o
differential	Build GCC and Clang release fuzzers	2026-08-23T20:10:19.9011966Z [263/382] Building CXX object category/execution/CMakeFiles/monad_execution_ethereum.dir/ethereum/execute_message.cpp.o
differential	Build GCC and Clang release fuzzers	2026-08-23T20:10:21.3558384Z [264/382] Building CXX object category/execution/CMakeFiles/monad_execution_ethereum.dir/ethereum/process_requests.cpp.o
differential	Build GCC and Clang release fuzzers	2026-08-23T20:10:23.9385079Z [265/382] Building CXX object category/execution/CMakeFiles/monad_execution_ethereum.dir/ethereum/execute_block.cpp.o
differential	Build GCC and Clang release fuzzers	2026-08-23T20:10:27.2151758Z [266/382] Building CXX object category/execution/CMakeFiles/monad_execution_ethereum.dir/ethereum/execute_transaction.cpp.o
differential	Build GCC and Clang release fuzzers	2026-08-23T20:10:27.4409541Z [267/382] Building CXX object category/execution/CMakeFiles/monad_execution_ethereum.dir/ethereum/precompiles.cpp.o
differential	Build GCC and Clang release fuzzers	2026-08-23T20:10:28.0789225Z [268/382] Building CXX object category/execution/CMakeFiles/monad_execution_ethereum.dir/ethereum/precompiles_bls12.cpp.o
differential	Build GCC and Clang release fuzzers	2026-08-23T20:10:30.8486282Z [269/382] Building CXX object category/execution/CMakeFiles/monad_execution_ethereum.dir/ethereum/reserve_balance.cpp.o
differential	Build GCC and Clang release fuzzers	2026-08-23T20:10:31.4993961Z [270/382] Building CXX object category/execution/CMakeFiles/monad_execution_ethereum.dir/ethereum/precompiles_impl.cpp.o
differential	Build GCC and Clang release fuzzers	2026-08-23T20:10:35.0638730Z [271/382] Building CXX object category/execution/CMakeFiles/monad_execution_ethereum.dir/ethereum/precompiles_gas_cost_impl.cpp.o
differential	Build GCC and Clang release fuzzers	2026-08-23T20:10:35.5861707Z [272/382] Building CXX object category/execution/CMakeFiles/monad_execution_ethereum.dir/ethereum/trace/event_trace.cpp.o
differential	Build GCC and Clang release fuzzers	2026-08-23T20:10:38.1867318Z [273/382] Building CXX object category/execution/CMakeFiles/monad_execution_ethereum.dir/ethereum/trace/call_frame.cpp.o
differential	Build GCC and Clang release fuzzers	2026-08-23T20:10:40.6335251Z [274/382] Building CXX object category/execution/CMakeFiles/monad_execution_ethereum.dir/ethereum/trace/rlp/call_frame_rlp.cpp.o
differential	Build GCC and Clang release fuzzers	2026-08-23T20:10:41.7379420Z [275/382] Building CXX object category/execution/CMakeFiles/monad_execution_ethereum.dir/ethereum/trace/call_tracer.cpp.o
differential	Build GCC and Clang release fuzzers	2026-08-23T20:10:42.2023173Z [276/382] Building CXX object category/execution/CMakeFiles/monad_execution_ethereum.dir/ethereum/transaction_gas.cpp.o
differential	Build GCC and Clang release fuzzers	2026-08-23T20:10:43.6961501Z [277/382] Building CXX object category/execution/CMakeFiles/monad_execution_ethereum.dir/ethereum/tx_context.cpp.o
differential	Build GCC and Clang release fuzzers	2026-08-23T20:10:44.3580101Z [278/382] Building CXX object category/execution/CMakeFiles/monad_execution_ethereum.dir/ethereum/validate_transaction_error.cpp.o
differential	Build GCC and Clang release fuzzers	2026-08-23T20:10:46.7501720Z [279/382] Building CXX object category/execution/CMakeFiles/monad_execution_ethereum.dir/ethereum/validate_block.cpp.o
differential	Build GCC and Clang release fuzzers	2026-08-23T20:10:47.7209941Z [280/382] Building CXX object category/execution/CMakeFiles/monad_execution_ethereum.dir/ethereum/rlp/execution_witness.cpp.o
differential	Build GCC and Clang release fuzzers	2026-08-23T20:10:50.9619539Z [281/382] Building CXX object category/execution/CMakeFiles/monad_execution_ethereum.dir/ethereum/state3/account_state.cpp.o
differential	Build GCC and Clang release fuzzers	2026-08-23T20:10:51.0568131Z [282/382] Building CXX object category/execution/CMakeFiles/monad_execution_ethereum.dir/ethereum/validate_transaction.cpp.o
differential	Build GCC and Clang release fuzzers	2026-08-23T20:10:55.2411377Z [283/382] Building CXX object category/execution/CMakeFiles/monad_execution_native.dir/monad/db/commit_block_migration.cpp.o
differential	Build GCC and Clang release fuzzers	2026-08-23T20:10:56.5084605Z [284/382] Building CXX object category/execution/CMakeFiles/monad_execution_ethereum.dir/ethereum/trace/state_tracer.cpp.o
differential	Build GCC and Clang release fuzzers	2026-08-23T20:10:59.6716494Z [285/382] Building CXX object category/execution/CMakeFiles/monad_execution_native.dir/monad/db/state_machine_init.cpp.o
differential	Build GCC and Clang release fuzzers	2026-08-23T20:11:00.2462023Z [286/382] Building CXX object category/execution/CMakeFiles/monad_execution_native.dir/monad/db/page_commit_builder.cpp.o
differential	Build GCC and Clang release fuzzers	2026-08-23T20:11:01.5118518Z [287/382] Building CXX object category/execution/CMakeFiles/monad_execution_ethereum.dir/ethereum/state3/state.cpp.o
differential	Build GCC and Clang release fuzzers	2026-08-23T20:11:02.0182851Z [288/382] Building CXX object category/execution/CMakeFiles/monad_execution_ethereum.dir/ethereum/state2/block_state.cpp.o
differential	Build GCC and Clang release fuzzers	2026-08-23T20:11:02.9293439Z [289/382] Building CXX object category/execution/CMakeFiles/monad_execution_native.dir/monad/chain/chain_factory.cpp.o
differential	Build GCC and Clang release fuzzers	2026-08-23T20:11:03.2704501Z [290/382] Building CXX object category/execution/CMakeFiles/monad_execution_native.dir/monad/db/storage_page.cpp.o
differential	Build GCC and Clang release fuzzers	2026-08-23T20:11:04.7540937Z [291/382] Building CXX object category/execution/CMakeFiles/monad_execution_native.dir/monad/chain/monad_devnet.cpp.o
differential	Build GCC and Clang release fuzzers	2026-08-23T20:11:05.6383071Z [292/382] Building CXX object category/execution/CMakeFiles/monad_execution_native.dir/monad/chain/monad_mainnet.cpp.o
differential	Build GCC and Clang release fuzzers	2026-08-23T20:11:05.9870578Z [293/382] Building CXX object category/execution/CMakeFiles/monad_execution_native.dir/monad/chain/monad_testnet.cpp.o
differential	Build GCC and Clang release fuzzers	2026-08-23T20:11:08.2270360Z [294/382] Building CXX object category/execution/CMakeFiles/monad_execution_native.dir/monad/event/record_consensus_events.cpp.o
differential	Build GCC and Clang release fuzzers	2026-08-23T20:11:08.8948533Z [295/382] Building CXX object category/execution/CMakeFiles/monad_execution_native.dir/monad/chain/monad_chain.cpp.o
differential	Build GCC and Clang release fuzzers	2026-08-23T20:11:08.9230521Z [296/382] Building CXX object category/execution/CMakeFiles/monad_execution_native.dir/monad/min_base_fee.cpp.o
differential	Build GCC and Clang release fuzzers	2026-08-23T20:11:10.7081897Z [297/382] Building CXX object category/execution/CMakeFiles/monad_execution_native.dir/monad/core/rlp/monad_block_rlp.cpp.o
differential	Build GCC and Clang release fuzzers	2026-08-23T20:11:14.8266506Z [298/382] Building CXX object category/execution/CMakeFiles/monad_execution_native.dir/monad/dispatch_transaction.cpp.o
differential	Build GCC and Clang release fuzzers	2026-08-23T20:11:16.1832496Z [299/382] Building CXX object category/execution/CMakeFiles/monad_execution_native.dir/monad/monad_precompiles.cpp.o
differential	Build GCC and Clang release fuzzers	2026-08-23T20:11:16.7654248Z [300/382] Building CXX object category/execution/CMakeFiles/monad_execution_native.dir/monad/execute_system_transaction.cpp.o
differential	Build GCC and Clang release fuzzers	2026-08-23T20:11:16.9647190Z [301/382] Building CXX object category/execution/CMakeFiles/monad_execution_native.dir/monad/monad_precompiles_gas_cost_impl.cpp.o
differential	Build GCC and Clang release fuzzers	2026-08-23T20:11:17.0500091Z [302/382] Building CXX object category/execution/CMakeFiles/monad_execution_native.dir/monad/monad_transaction_gas.cpp.o
differential	Build GCC and Clang release fuzzers	2026-08-23T20:11:23.8245677Z [303/382] Building CXX object category/execution/CMakeFiles/monad_execution_native.dir/monad/validate_monad_block.cpp.o
differential	Build GCC and Clang release fuzzers	2026-08-23T20:11:23.9366218Z [304/382] Building CXX object category/execution/CMakeFiles/monad_execution_native.dir/monad/validate_system_transaction.cpp.o
differential	Build GCC and Clang release fuzzers	2026-08-23T20:11:24.1353031Z [305/382] Building CXX object category/execution/CMakeFiles/monad_execution_native.dir/monad/reserve_balance/reserve_balance_error.cpp.o
differential	Build GCC and Clang release fuzzers	2026-08-23T20:11:25.0954268Z [306/382] Building CXX object category/execution/CMakeFiles/monad_execution_native.dir/monad/reserve_balance.cpp.o
differential	Build GCC and Clang release fuzzers	2026-08-23T20:11:25.1089910Z [307/382] Building CXX object category/execution/CMakeFiles/monad_execution_native.dir/monad/validate_monad_transaction.cpp.o
differential	Build GCC and Clang release fuzzers	2026-08-23T20:11:30.3993967Z [308/382] Building CXX object category/execution/CMakeFiles/monad_execution_native.dir/monad/staking/execute_block_prelude.cpp.o
differential	Build GCC and Clang release fuzzers	2026-08-23T20:11:31.2765275Z [309/382] Building CXX object category/execution/CMakeFiles/monad_execution_native.dir/monad/reserve_balance/reserve_balance_contract.cpp.o
differential	Build GCC and Clang release fuzzers	2026-08-23T20:11:33.2757480Z [310/382] Building CXX object category/execution/CMakeFiles/monad_execution_native.dir/monad/staking/priority_fee.cpp.o
differential	Build GCC and Clang release fuzzers	2026-08-23T20:11:41.8413185Z [311/382] Building CXX object category/execution/CMakeFiles/monad_execution_native.dir/monad/staking/read_valset.cpp.o
differential	Build GCC and Clang release fuzzers	2026-08-23T20:11:44.5730934Z [312/382] Building CXX object category/execution/CMakeFiles/monad_execution_native.dir/monad/staking/test/input_generation.cpp.o
differential	Build GCC and Clang release fuzzers	2026-08-23T20:11:47.0479938Z [313/382] Building CXX object category/execution/CMakeFiles/monad_execution_native.dir/monad/staking/util/bls.cpp.o
differential	Build GCC and Clang release fuzzers	2026-08-23T20:11:49.8972840Z [314/382] Building CXX object category/execution/CMakeFiles/monad_execution_native.dir/monad/staking/fuzzer/staking_contract_model.cpp.o
differential	Build GCC and Clang release fuzzers	2026-08-23T20:11:53.1769412Z [315/382] Building CXX object category/execution/CMakeFiles/monad_execution_native.dir/monad/staking/util/consensus_view.cpp.o
differential	Build GCC and Clang release fuzzers	2026-08-23T20:11:55.3843364Z [316/382] Building CXX object category/execution/CMakeFiles/monad_execution_native.dir/monad/staking/staking_contract.cpp.o
differential	Build GCC and Clang release fuzzers	2026-08-23T20:11:56.4551569Z [317/382] Building CXX object category/execution/CMakeFiles/monad_execution_native.dir/monad/staking/util/constants.cpp.o
differential	Build GCC and Clang release fuzzers	2026-08-23T20:11:56.6956886Z [318/382] Building CXX object category/execution/CMakeFiles/monad_execution_native.dir/monad/staking/util/staking_error.cpp.o
differential	Build GCC and Clang release fuzzers	2026-08-23T20:11:57.8284960Z [319/382] Building CXX object category/execution/CMakeFiles/monad_execution_native.dir/monad/staking/util/secp256k1.cpp.o
differential	Build GCC and Clang release fuzzers	2026-08-23T20:11:59.1656077Z [320/382] Building CXX object category/execution/CMakeFiles/monad_execution_native.dir/monad/staking/util/delegator.cpp.o
differential	Build GCC and Clang release fuzzers	2026-08-23T20:12:02.1497548Z [321/382] Building CXX object category/execution/CMakeFiles/monad_execution_runloop.dir/runloop/file_io.cpp.o
differential	Build GCC and Clang release fuzzers	2026-08-23T20:12:02.7408994Z [322/382] Building CXX object category/execution/CMakeFiles/monad_execution_native.dir/monad/staking/util/val_execution.cpp.o
differential	Build GCC and Clang release fuzzers	2026-08-23T20:12:13.3362205Z [323/382] Building CXX object category/execution/CMakeFiles/monad_execution_runloop.dir/runloop/runloop_ethereum.cpp.o
differential	Build GCC and Clang release fuzzers	2026-08-23T20:12:16.2397857Z [324/382] Building CXX object category/execution/CMakeFiles/monad_execution_runloop.dir/runloop/runloop_interface_monad.cpp.o
differential	Build GCC and Clang release fuzzers	2026-08-23T20:12:19.2429901Z [325/382] Building CXX object category/rpc/CMakeFiles/monad_rpc.dir/chain_context_buffer.cpp.o
differential	Build GCC and Clang release fuzzers	2026-08-23T20:12:24.5061083Z [326/382] Building CXX object category/rpc/CMakeFiles/monad_rpc.dir/eth_simulate_block_hash_buffer.cpp.o
differential	Build GCC and Clang release fuzzers	2026-08-23T20:12:28.6495094Z [327/382] Building CXX object category/execution/CMakeFiles/monad_execution_runloop.dir/runloop/runloop_monad_ethblocks.cpp.o
differential	Build GCC and Clang release fuzzers	2026-08-23T20:12:30.1130008Z [328/382] Building CXX object category/rpc/CMakeFiles/monad_rpc.dir/lazy_block_hash.cpp.o
differential	Build GCC and Clang release fuzzers	2026-08-23T20:12:32.1232471Z [329/382] Building CXX object category/execution/CMakeFiles/monad_execution_native.dir/monad/staking/fuzzer/staking_contract_machine.cpp.o
differential	Build GCC and Clang release fuzzers	2026-08-23T20:12:33.3963856Z [330/382] Building CXX object category/rpc/CMakeFiles/monad_rpc.dir/overrides.cpp.o
differential	Build GCC and Clang release fuzzers	2026-08-23T20:12:35.3868032Z [331/382] Building CXX object category/execution/CMakeFiles/monad_execution_runloop.dir/runloop/runloop_monad.cpp.o
differential	Build GCC and Clang release fuzzers	2026-08-23T20:12:41.5596565Z [332/382] Building CXX object category/statesync/CMakeFiles/monad_statesync.dir/statesync_client.cpp.o
differential	Build GCC and Clang release fuzzers	2026-08-23T20:12:44.3739498Z [333/382] Building CXX object category/statesync/CMakeFiles/monad_statesync.dir/statesync_client_context.cpp.o
differential	Build GCC and Clang release fuzzers	2026-08-23T20:12:46.0021259Z [334/382] Building CXX object category/statesync/CMakeFiles/monad_statesync.dir/statesync_protocol.cpp.o
differential	Build GCC and Clang release fuzzers	2026-08-23T20:12:51.3930958Z [335/382] Building CXX object category/statesync/CMakeFiles/monad_statesync.dir/statesync_server.cpp.o
differential	Build GCC and Clang release fuzzers	2026-08-23T20:12:51.4198138Z [336/382] Building CXX object category/statesync/CMakeFiles/monad_statesync.dir/statesync_version.cpp.o
differential	Build GCC and Clang release fuzzers	2026-08-23T20:12:59.0164848Z [337/382] Building CXX object category/statesync/CMakeFiles/monad_statesync.dir/statesync_server_context.cpp.o
differential	Build GCC and Clang release fuzzers	2026-08-23T20:12:59.1369217Z [338/382] Building CXX object category/vm/CMakeFiles/monad-vm.dir/compiler.cpp.o
differential	Build GCC and Clang release fuzzers	2026-08-23T20:12:59.2291404Z [339/382] Building CXX object category/statesync/CMakeFiles/monad_statesync.dir/statesync_thread.cpp.o
differential	Build GCC and Clang release fuzzers	2026-08-23T20:13:00.4907837Z [340/382] Building CXX object category/vm/CMakeFiles/monad-vm.dir/memory_pool.cpp.o
differential	Build GCC and Clang release fuzzers	2026-08-23T20:13:03.1570629Z [341/382] Building CXX object category/vm/compiler/CMakeFiles/monad-vm-compiler.dir/ir/basic_blocks.cpp.o
differential	Build GCC and Clang release fuzzers	2026-08-23T20:13:04.5583222Z [342/382] Building CXX object category/vm/CMakeFiles/monad-vm.dir/varcode_cache.cpp.o
differential	Build GCC and Clang release fuzzers	2026-08-23T20:13:08.5724598Z [343/382] Building CXX object category/vm/CMakeFiles/monad-vm.dir/vm.cpp.o
differential	Build GCC and Clang release fuzzers	2026-08-23T20:13:12.2998741Z [344/382] Building CXX object category/rpc/CMakeFiles/monad_rpc.dir/monad_executor.cpp.o
differential	Build GCC and Clang release fuzzers	2026-08-23T20:13:12.6219592Z [345/382] Building CXX object category/vm/compiler/CMakeFiles/monad-vm-compiler.dir/ir/x86/virtual_stack.cpp.o
differential	Build GCC and Clang release fuzzers	2026-08-23T20:13:12.7340720Z [346/382] Building CXX object category/vm/evm/CMakeFiles/monad-vm-evm.dir/revision.cpp.o
differential	Build GCC and Clang release fuzzers	2026-08-23T20:13:12.7472065Z [347/382] Building ASM object category/vm/interpreter/CMakeFiles/monad-vm-interpreter.dir/entry.S.o
differential	Build GCC and Clang release fuzzers	2026-08-23T20:13:13.8347766Z [348/382] Building CXX object category/vm/evm/CMakeFiles/monad-vm-evm.dir/delegation.cpp.o
differential	Build GCC and Clang release fuzzers	2026-08-23T20:13:13.8493096Z [349/382] Building CXX object category/vm/interpreter/CMakeFiles/monad-vm-interpreter.dir/instruction_stats.cpp.o
differential	Build GCC and Clang release fuzzers	2026-08-23T20:13:15.3504991Z [350/382] Building CXX object category/vm/interpreter/CMakeFiles/monad-vm-interpreter.dir/intercode.cpp.o
differential	Build GCC and Clang release fuzzers	2026-08-23T20:13:17.5551204Z [351/382] Building CXX object category/vm/runtime/CMakeFiles/monad-vm-runtime.dir/allocator.cpp.o
differential	Build GCC and Clang release fuzzers	2026-08-23T20:13:17.9579056Z [352/382] Building CXX object category/vm/compiler/CMakeFiles/monad-vm-compiler.dir/ir/x86.cpp.o
differential	Build GCC and Clang release fuzzers	2026-08-23T20:13:17.9723974Z [353/382] Building ASM object category/vm/runtime/CMakeFiles/monad-vm-runtime.dir/context.S.o
differential	Build GCC and Clang release fuzzers	2026-08-23T20:13:21.4924901Z [354/382] Building CXX object category/vm/runtime/CMakeFiles/monad-vm-runtime.dir/context.cpp.o
differential	Build GCC and Clang release fuzzers	2026-08-23T20:13:21.9470729Z [355/382] Building CXX object category/vm/runtime/CMakeFiles/monad-vm-runtime.dir/call.cpp.o
differential	Build GCC and Clang release fuzzers	2026-08-23T20:13:25.0109766Z [356/382] Building CXX object category/vm/runtime/CMakeFiles/monad-vm-runtime.dir/create.cpp.o
differential	Build GCC and Clang release fuzzers	2026-08-23T20:13:26.6008002Z [357/382] Building CXX object category/vm/compiler/CMakeFiles/monad-vm-compiler.dir/ir/x86/emitter.cpp.o
differential	Build GCC and Clang release fuzzers	2026-08-23T20:13:26.6140030Z [358/382] Building ASM object category/vm/runtime/CMakeFiles/monad-vm-runtime.dir/exit.S.o
differential	Build GCC and Clang release fuzzers	2026-08-23T20:13:26.6395136Z [359/382] Building CXX object category/vm/runtime/CMakeFiles/monad-vm-runtime.dir/data.cpp.o
differential	Build GCC and Clang release fuzzers	2026-08-23T20:13:27.4930549Z [360/382] Building CXX object category/vm/runtime/CMakeFiles/monad-vm-runtime.dir/environment.cpp.o
differential	Build GCC and Clang release fuzzers	2026-08-23T20:13:27.5063461Z [361/382] Building ASM object category/vm/runtime/CMakeFiles/monad-vm-runtime.dir/math.S.o
differential	Build GCC and Clang release fuzzers	2026-08-23T20:13:29.0809732Z [362/382] Building CXX object category/vm/runtime/CMakeFiles/monad-vm-runtime.dir/exit.cpp.o
differential	Build GCC and Clang release fuzzers	2026-08-23T20:13:30.1008729Z [363/382] Building CXX object category/vm/runtime/CMakeFiles/monad-vm-runtime.dir/log.cpp.o
differential	Build GCC and Clang release fuzzers	2026-08-23T20:13:30.1138168Z [364/382] Building ASM object category/vm/runtime/CMakeFiles/monad-vm-runtime.dir/transmute.S.o
differential	Build GCC and Clang release fuzzers	2026-08-23T20:13:30.2561499Z [365/382] Building CXX object category/vm/runtime/CMakeFiles/monad-vm-runtime.dir/selfdestruct.cpp.o
differential	Build GCC and Clang release fuzzers	2026-08-23T20:13:32.2178599Z [366/382] Building CXX object category/vm/runtime/CMakeFiles/monad-vm-runtime.dir/storage.cpp.o
differential	Build GCC and Clang release fuzzers	2026-08-23T20:13:32.7542850Z [367/382] Building CXX object category/vm/utils/CMakeFiles/monad-vm-utils.dir/debug.cpp.o
differential	Build GCC and Clang release fuzzers	2026-08-23T20:13:32.8201182Z [368/382] Linking CXX static library lib/libevmone.a
differential	Build GCC and Clang release fuzzers	2026-08-23T20:13:38.3267156Z [369/382] Building CXX object category/vm/utils/CMakeFiles/monad-vm-utils.dir/evm-as/compiler.cpp.o
differential	Build GCC and Clang release fuzzers	2026-08-23T20:13:39.1906941Z [370/382] Building CXX object category/vm/utils/CMakeFiles/monad-vm-utils.dir/parser.cpp.o
differential	Build GCC and Clang release fuzzers	2026-08-23T20:13:45.6805630Z [371/382] Building CXX object test/vm/vm/CMakeFiles/blockchain-test-vm.dir/test_vm.cpp.o
differential	Build GCC and Clang release fuzzers	2026-08-23T20:13:47.3320984Z [372/382] Building CXX object category/vm/fuzzing/CMakeFiles/monad-vm-fuzzing.dir/generator/instruction_data.cpp.o
differential	Build GCC and Clang release fuzzers	2026-08-23T20:13:48.5723738Z [373/382] Building CXX object category/vm/interpreter/CMakeFiles/monad-vm-interpreter.dir/execute.cpp.o
differential	Build GCC and Clang release fuzzers	2026-08-23T20:13:49.2010657Z [374/382] Linking CXX static library libmonad_execution.a
differential	Build GCC and Clang release fuzzers	2026-08-23T20:13:49.8994508Z [375/382] Building CXX object test/utils/CMakeFiles/monad-test-utils.dir/from_json.cpp.o
differential	Build GCC and Clang release fuzzers	2026-08-23T20:13:50.0770521Z [376/382] Linking CXX static library test/vm/vm/libblockchain-test-vm.a
differential	Build GCC and Clang release fuzzers	2026-08-23T20:13:51.0701316Z [377/382] Building CXX object test/utils/CMakeFiles/monad-test-utils.dir/json_state.cpp.o
differential	Build GCC and Clang release fuzzers	2026-08-23T20:13:51.1298213Z [378/382] Linking CXX static library test/utils/libmonad-test-utils.a
differential	Build GCC and Clang release fuzzers	2026-08-23T20:13:52.8701477Z [379/382] Building CXX object test/vm/fuzzer/CMakeFiles/monad-compiler-fuzzer.dir/assertions.cpp.o
differential	Build GCC and Clang release fuzzers	2026-08-23T20:14:13.0254016Z [380/382] Building CXX object test/vm/fuzzer/CMakeFiles/monad-compiler-fuzzer.dir/fuzzer.cpp.o
differential	Build GCC and Clang release fuzzers	2026-08-23T20:14:13.4464648Z [381/382] Linking CXX executable test/vm/fuzzer/monad-compiler-fuzzer
differential	Build GCC and Clang release fuzzers	2026-08-23T20:14:13.5304343Z -- The C compiler identification is Clang 19.1.7
differential	Build GCC and Clang release fuzzers	2026-08-23T20:14:13.6531228Z -- The CXX compiler identification is Clang 19.1.7
differential	Build GCC and Clang release fuzzers	2026-08-23T20:14:13.6603312Z -- Detecting C compiler ABI info
differential	Build GCC and Clang release fuzzers	2026-08-23T20:14:13.7288767Z -- Detecting C compiler ABI info - done
differential	Build GCC and Clang release fuzzers	2026-08-23T20:14:13.7388860Z -- Check for working C compiler: /usr/bin/clang-19 - skipped
differential	Build GCC and Clang release fuzzers	2026-08-23T20:14:13.7392639Z -- Detecting C compile features
differential	Build GCC and Clang release fuzzers	2026-08-23T20:14:13.7397803Z -- Detecting C compile features - done
differential	Build GCC and Clang release fuzzers	2026-08-23T20:14:13.7534532Z -- Detecting CXX compiler ABI info
differential	Build GCC and Clang release fuzzers	2026-08-23T20:14:13.8459543Z -- Detecting CXX compiler ABI info - done
differential	Build GCC and Clang release fuzzers	2026-08-23T20:14:13.8566039Z -- Check for working CXX compiler: /usr/bin/clang++-19 - skipped
differential	Build GCC and Clang release fuzzers	2026-08-23T20:14:13.8570018Z -- Detecting CXX compile features
differential	Build GCC and Clang release fuzzers	2026-08-23T20:14:13.8582574Z -- Detecting CXX compile features - done
differential	Build GCC and Clang release fuzzers	2026-08-23T20:14:13.9488168Z -- Found GTest: /usr/lib/x86_64-linux-gnu/cmake/GTest/GTestConfig.cmake (found version "1.17.0")
differential	Build GCC and Clang release fuzzers	2026-08-23T20:14:13.9525930Z -- Found PkgConfig: /usr/bin/pkg-config (found version "2.5.1")
differential	Build GCC and Clang release fuzzers	2026-08-23T20:14:13.9532642Z -- Checking for module 'gmock'
differential	Build GCC and Clang release fuzzers	2026-08-23T20:14:13.9630632Z --   Found gmock, version 1.17.0
differential	Build GCC and Clang release fuzzers	2026-08-23T20:14:14.0043661Z -- Checking for modules 'libbrotlienc;libbrotlidec'
differential	Build GCC and Clang release fuzzers	2026-08-23T20:14:14.0161419Z --   Found libbrotlienc, version 1.2.0
differential	Build GCC and Clang release fuzzers	2026-08-23T20:14:14.0240474Z --   Found libbrotlidec, version 1.2.0
differential	Build GCC and Clang release fuzzers	2026-08-23T20:14:14.0515583Z -- Checking for module 'libcrypto++'
differential	Build GCC and Clang release fuzzers	2026-08-23T20:14:14.0614611Z --   Found libcrypto++, version 8.9
differential	Build GCC and Clang release fuzzers	2026-08-23T20:14:14.0865702Z -- Checking for module 'libzstd'
differential	Build GCC and Clang release fuzzers	2026-08-23T20:14:14.0964101Z --   Found libzstd, version 1.5.7
differential	Build GCC and Clang release fuzzers	2026-08-23T20:14:14.1263943Z -- Performing Test __CxxFlag__fno_threadsafe_statics
differential	Build GCC and Clang release fuzzers	2026-08-23T20:14:14.2193917Z -- Performing Test __CxxFlag__fno_threadsafe_statics - Success
differential	Build GCC and Clang release fuzzers	2026-08-23T20:14:14.2203261Z -- Performing Test __CxxFlag__fno_semantic_interposition
differential	Build GCC and Clang release fuzzers	2026-08-23T20:14:14.3112392Z -- Performing Test __CxxFlag__fno_semantic_interposition - Success
differential	Build GCC and Clang release fuzzers	2026-08-23T20:14:14.3119785Z -- Performing Test __CxxFlag__fmerge_all_constants
differential	Build GCC and Clang release fuzzers	2026-08-23T20:14:14.4048066Z -- Performing Test __CxxFlag__fmerge_all_constants - Success
differential	Build GCC and Clang release fuzzers	2026-08-23T20:14:14.4055605Z -- Performing Test __CxxFlag__fno_enforce_eh_specs
differential	Build GCC and Clang release fuzzers	2026-08-23T20:14:14.4425322Z -- Performing Test __CxxFlag__fno_enforce_eh_specs - Failed
differential	Build GCC and Clang release fuzzers	2026-08-23T20:14:14.4427760Z -- Dependency: adding libc (Linux, BSD, or other UNIX/POSIX environment)
differential	Build GCC and Clang release fuzzers	2026-08-23T20:14:14.4428756Z -- Performing Test ASMJIT_LIBC_HAS_LIBPTHREAD
differential	Build GCC and Clang release fuzzers	2026-08-23T20:14:14.5447222Z -- Dependency: libpthread provided by libc (not linking to libpthread)
differential	Build GCC and Clang release fuzzers	2026-08-23T20:14:14.5448071Z -- Performing Test ASMJIT_LIBC_HAS_LIBPTHREAD - Success
differential	Build GCC and Clang release fuzzers	2026-08-23T20:14:14.5448627Z -- Performing Test ASMJIT_LIBC_HAS_LIBRT
differential	Build GCC and Clang release fuzzers	2026-08-23T20:14:14.6410399Z -- Dependency: shm_open provided by libc (not linking to librt)
differential	Build GCC and Clang release fuzzers	2026-08-23T20:14:14.6411115Z -- Performing Test ASMJIT_LIBC_HAS_LIBRT - Success
differential	Build GCC and Clang release fuzzers	2026-08-23T20:14:14.6428889Z ** AsmJit Summary **
differential	Build GCC and Clang release fuzzers	2026-08-23T20:14:14.6429330Z    ASMJIT_DIR=/src/third_party/asmjit
differential	Build GCC and Clang release fuzzers	2026-08-23T20:14:14.6429777Z    ASMJIT_TEST=FALSE
differential	Build GCC and Clang release fuzzers	2026-08-23T20:14:14.6430204Z    ASMJIT_TARGET_TYPE=STATIC
differential	Build GCC and Clang release fuzzers	2026-08-23T20:14:14.6430487Z    ASMJIT_DEPS=c
differential	Build GCC and Clang release fuzzers	2026-08-23T20:14:14.6430688Z    ASMJIT_LIBS=asmjit;c
differential	Build GCC and Clang release fuzzers	2026-08-23T20:14:14.6430916Z    ASMJIT_CFLAGS=-DASMJIT_STATIC
differential	Build GCC and Clang release fuzzers	2026-08-23T20:14:14.6431530Z    ASMJIT_PRIVATE_CFLAGS=-Wall;-Wextra;-Wconversion;-fno-math-errno;-fno-threadsafe-statics;-fno-semantic-interposition;-DASMJIT_STATIC
differential	Build GCC and Clang release fuzzers	2026-08-23T20:14:14.6432175Z    ASMJIT_PRIVATE_CFLAGS_DBG=
differential	Build GCC and Clang release fuzzers	2026-08-23T20:14:14.6432471Z    ASMJIT_PRIVATE_CFLAGS_REL=-O2;-fmerge-all-constants
differential	Build GCC and Clang release fuzzers	2026-08-23T20:14:14.6467079Z CMake Deprecation Warning at third_party/BLAKE3/c/CMakeLists.txt:1 (cmake_minimum_required):
differential	Build GCC and Clang release fuzzers	2026-08-23T20:14:14.6468157Z   Compatibility with CMake < 3.10 will be removed from a future version of
differential	Build GCC and Clang release fuzzers	2026-08-23T20:14:14.6468554Z   CMake.
differential	Build GCC and Clang release fuzzers	2026-08-23T20:14:14.6468660Z 
differential	Build GCC and Clang release fuzzers	2026-08-23T20:14:14.6469098Z   Update the VERSION argument <min> value.  Or, use the <min>...<max> syntax
differential	Build GCC and Clang release fuzzers	2026-08-23T20:14:14.6469626Z   to tell CMake that the project requires at least <min> but has been updated
differential	Build GCC and Clang release fuzzers	2026-08-23T20:14:14.6470323Z   to work with policies introduced by <max> or earlier.
differential	Build GCC and Clang release fuzzers	2026-08-23T20:14:14.6470569Z 
differential	Build GCC and Clang release fuzzers	2026-08-23T20:14:14.6470574Z 
differential	Build GCC and Clang release fuzzers	2026-08-23T20:14:14.7143692Z -- The ASM compiler identification is Clang with GNU-like command-line
differential	Build GCC and Clang release fuzzers	2026-08-23T20:14:14.7173283Z -- Found assembler: /usr/bin/clang-19
differential	Build GCC and Clang release fuzzers	2026-08-23T20:14:14.7220637Z -- BLAKE3 SIMD configuration: x86_64
differential	Build GCC and Clang release fuzzers	2026-08-23T20:14:14.7240006Z -- 
differential	Build GCC and Clang release fuzzers	2026-08-23T20:14:14.7240720Z  * AMD64 assembly, The library uses hand written amd64 SIMD assembly.
differential	Build GCC and Clang release fuzzers	2026-08-23T20:14:14.7241270Z 
differential	Build GCC and Clang release fuzzers	2026-08-23T20:14:14.7285895Z CMake Deprecation Warning at third_party/concurrentqueue/CMakeLists.txt:1 (cmake_minimum_required):
differential	Build GCC and Clang release fuzzers	2026-08-23T20:14:14.7286573Z   Compatibility with CMake < 3.10 will be removed from a future version of
differential	Build GCC and Clang release fuzzers	2026-08-23T20:14:14.7286976Z   CMake.
differential	Build GCC and Clang release fuzzers	2026-08-23T20:14:14.7287092Z 
differential	Build GCC and Clang release fuzzers	2026-08-23T20:14:14.7287304Z   Update the VERSION argument <min> value.  Or, use the <min>...<max> syntax
differential	Build GCC and Clang release fuzzers	2026-08-23T20:14:14.7287828Z   to tell CMake that the project requires at least <min> but has been updated
differential	Build GCC and Clang release fuzzers	2026-08-23T20:14:14.7288297Z   to work with policies introduced by <max> or earlier.
differential	Build GCC and Clang release fuzzers	2026-08-23T20:14:14.7288538Z 
differential	Build GCC and Clang release fuzzers	2026-08-23T20:14:14.7288542Z 
differential	Build GCC and Clang release fuzzers	2026-08-23T20:14:14.7640285Z CMake Deprecation Warning at third_party/immer/CMakeLists.txt:2 (cmake_minimum_required):
differential	Build GCC and Clang release fuzzers	2026-08-23T20:14:14.7641815Z   Compatibility with CMake < 3.10 will be removed from a future version of
differential	Build GCC and Clang release fuzzers	2026-08-23T20:14:14.7642637Z   CMake.
differential	Build GCC and Clang release fuzzers	2026-08-23T20:14:14.7642863Z 
differential	Build GCC and Clang release fuzzers	2026-08-23T20:14:14.7643310Z   Update the VERSION argument <min> value.  Or, use the <min>...<max> syntax
differential	Build GCC and Clang release fuzzers	2026-08-23T20:14:14.7644296Z   to tell CMake that the project requires at least <min> but has been updated
differential	Build GCC and Clang release fuzzers	2026-08-23T20:14:14.7645048Z   to work with policies introduced by <max> or earlier.
differential	Build GCC and Clang release fuzzers	2026-08-23T20:14:14.7645448Z 
differential	Build GCC and Clang release fuzzers	2026-08-23T20:14:14.7645455Z 
differential	Build GCC and Clang release fuzzers	2026-08-23T20:14:14.7677693Z -- Found Threads: TRUE
differential	Build GCC and Clang release fuzzers	2026-08-23T20:14:14.7788806Z -- Found GC library: BOEHM_GC_LIBRARIES-NOTFOUND
differential	Build GCC and Clang release fuzzers	2026-08-23T20:14:14.7797966Z CMake Warning (dev) at /usr/share/cmake-4.2/Modules/FindPackageHandleStandardArgs.cmake:493 (message):
differential	Build GCC and Clang release fuzzers	2026-08-23T20:14:14.7799259Z   The package name passed to find_package_handle_standard_args() (Boehm_GC)
differential	Build GCC and Clang release fuzzers	2026-08-23T20:14:14.7800327Z   does not match the name of the calling package (BoehmGC).  This can lead to
differential	Build GCC and Clang release fuzzers	2026-08-23T20:14:14.7801205Z   problems in calling code that expects find_package() result variables
differential	Build GCC and Clang release fuzzers	2026-08-23T20:14:14.7801926Z   (e.g., `_FOUND`) to follow a certain pattern.
differential	Build GCC and Clang release fuzzers	2026-08-23T20:14:14.7802449Z Call Stack (most recent call first):
differential	Build GCC and Clang release fuzzers	2026-08-23T20:14:14.7803161Z   third_party/immer/cmake/FindBoehmGC.cmake:105 (FIND_PACKAGE_HANDLE_STANDARD_ARGS)
differential	Build GCC and Clang release fuzzers	2026-08-23T20:14:14.7803973Z   third_party/immer/CMakeLists.txt:73 (find_package)
differential	Build GCC and Clang release fuzzers	2026-08-23T20:14:14.7804670Z This warning is for project developers.  Use -Wno-dev to suppress it.
differential	Build GCC and Clang release fuzzers	2026-08-23T20:14:14.7804961Z 
differential	Build GCC and Clang release fuzzers	2026-08-23T20:14:14.7805167Z -- Could NOT find Boehm_GC (missing: BOEHM_GC_LIBRARIES BOEHM_GC_INCLUDE_DIR) 
differential	Build GCC and Clang release fuzzers	2026-08-23T20:14:14.7805668Z CMake Warning (dev) at third_party/immer/CMakeLists.txt:74 (find_package):
differential	Build GCC and Clang release fuzzers	2026-08-23T20:14:14.7806140Z   Policy CMP0167 is not set: The FindBoost module is removed.  Run "cmake
differential	Build GCC and Clang release fuzzers	2026-08-23T20:14:14.7806623Z   --help-policy CMP0167" for policy details.  Use the cmake_policy command to
differential	Build GCC and Clang release fuzzers	2026-08-23T20:14:14.7807030Z   set the policy and suppress this warning.
differential	Build GCC and Clang release fuzzers	2026-08-23T20:14:14.7807227Z 
differential	Build GCC and Clang release fuzzers	2026-08-23T20:14:14.7807408Z This warning is for project developers.  Use -Wno-dev to suppress it.
differential	Build GCC and Clang release fuzzers	2026-08-23T20:14:14.7807683Z 
differential	Build GCC and Clang release fuzzers	2026-08-23T20:14:14.7838660Z -- Found Boost: /usr/lib/x86_64-linux-gnu/cmake/Boost-1.83.0/BoostConfig.cmake (found suitable version "1.83.0", minimum required is "1.56")
differential	Build GCC and Clang release fuzzers	2026-08-23T20:14:14.7847419Z -- Could not find ccache
differential	Build GCC and Clang release fuzzers	2026-08-23T20:14:14.8072082Z -- [cable ] Cable 0.5.0 initialized
differential	Build GCC and Clang release fuzzers	2026-08-23T20:14:14.8097663Z -- x86_64 micro-architecture level: 2
differential	Build GCC and Clang release fuzzers	2026-08-23T20:14:14.8302386Z -- Found Git: /usr/bin/git (found version "2.53.0")
differential	Build GCC and Clang release fuzzers	2026-08-23T20:14:14.8450513Z CMake Deprecation Warning at third_party/nanobench/CMakeLists.txt:1 (cmake_minimum_required):
differential	Build GCC and Clang release fuzzers	2026-08-23T20:14:14.8452134Z   Compatibility with CMake < 3.10 will be removed from a future version of
differential	Build GCC and Clang release fuzzers	2026-08-23T20:14:14.8452938Z   CMake.
differential	Build GCC and Clang release fuzzers	2026-08-23T20:14:14.8453151Z 
differential	Build GCC and Clang release fuzzers	2026-08-23T20:14:14.8453581Z   Update the VERSION argument <min> value.  Or, use the <min>...<max> syntax
differential	Build GCC and Clang release fuzzers	2026-08-23T20:14:14.8454758Z   to tell CMake that the project requires at least <min> but has been updated
differential	Build GCC and Clang release fuzzers	2026-08-23T20:14:14.8455524Z   to work with policies introduced by <max> or earlier.
differential	Build GCC and Clang release fuzzers	2026-08-23T20:14:14.8455779Z 
differential	Build GCC and Clang release fuzzers	2026-08-23T20:14:14.8455783Z 
differential	Build GCC and Clang release fuzzers	2026-08-23T20:14:14.8522533Z -- Using the multi-header code from /src/third_party/nlohmann_json/include/
differential	Build GCC and Clang release fuzzers	2026-08-23T20:14:14.8562570Z -- QUILL_NO_EXCEPTIONS: OFF
differential	Build GCC and Clang release fuzzers	2026-08-23T20:14:14.8563016Z -- QUILL_NO_THREAD_NAME_SUPPORT: OFF
differential	Build GCC and Clang release fuzzers	2026-08-23T20:14:14.8563464Z -- QUILL_USE_SEQUENTIAL_THREAD_ID: OFF
differential	Build GCC and Clang release fuzzers	2026-08-23T20:14:14.8563748Z -- QUILL_X86ARCH: OFF
differential	Build GCC and Clang release fuzzers	2026-08-23T20:14:14.8563991Z -- QUILL_DISABLE_NON_PREFIXED_MACROS: OFF
differential	Build GCC and Clang release fuzzers	2026-08-23T20:14:14.8564301Z -- QUILL_DISABLE_FUNCTION_NAME: OFF
differential	Build GCC and Clang release fuzzers	2026-08-23T20:14:14.8564578Z -- QUILL_DETAILED_FUNCTION_NAME: OFF
differential	Build GCC and Clang release fuzzers	2026-08-23T20:14:14.8564850Z -- QUILL_DISABLE_FILE_INFO: OFF
differential	Build GCC and Clang release fuzzers	2026-08-23T20:14:14.8565114Z -- QUILL_ENABLE_ASSERTIONS: OFF
differential	Build GCC and Clang release fuzzers	2026-08-23T20:14:14.8565370Z -- QUILL_ENABLE_INSTALL: OFF
differential	Build GCC and Clang release fuzzers	2026-08-23T20:14:14.8565620Z -- QUILL_BUILD_MODULE: OFF
differential	Build GCC and Clang release fuzzers	2026-08-23T20:14:14.8579950Z -- GMP: /usr/lib/x86_64-linux-gnu/libgmp.so, /usr/include/x86_64-linux-gnu
differential	Build GCC and Clang release fuzzers	2026-08-23T20:14:14.8587860Z CMake Deprecation Warning at third_party/silkpre/third_party/libff/CMakeLists.txt:1 (cmake_minimum_required):
differential	Build GCC and Clang release fuzzers	2026-08-23T20:14:14.8589169Z   Compatibility with CMake < 3.10 will be removed from a future version of
differential	Build GCC and Clang release fuzzers	2026-08-23T20:14:14.8589820Z   CMake.
differential	Build GCC and Clang release fuzzers	2026-08-23T20:14:14.8589996Z 
differential	Build GCC and Clang release fuzzers	2026-08-23T20:14:14.8590329Z   Update the VERSION argument <min> value.  Or, use the <min>...<max> syntax
differential	Build GCC and Clang release fuzzers	2026-08-23T20:14:14.8591188Z   to tell CMake that the project requires at least <min> but has been updated
differential	Build GCC and Clang release fuzzers	2026-08-23T20:14:14.8591931Z   to work with policies introduced by <max> or earlier.
differential	Build GCC and Clang release fuzzers	2026-08-23T20:14:14.8592327Z 
differential	Build GCC and Clang release fuzzers	2026-08-23T20:14:14.8592334Z 
differential	Build GCC and Clang release fuzzers	2026-08-23T20:14:14.8592663Z -- GMP: /usr/lib/x86_64-linux-gnu/libgmp.so, /usr/include/x86_64-linux-gnu
differential	Build GCC and Clang release fuzzers	2026-08-23T20:14:14.8676971Z fatal: detected dubious ownership in repository at '/src'
differential	Build GCC and Clang release fuzzers	2026-08-23T20:14:14.8677663Z To add an exception for this directory, call:
differential	Build GCC and Clang release fuzzers	2026-08-23T20:14:14.8678026Z 
differential	Build GCC and Clang release fuzzers	2026-08-23T20:14:14.8678236Z 	git config --global --add safe.directory /src
differential	Build GCC and Clang release fuzzers	2026-08-23T20:14:14.8718163Z -- Checking for module 'libcap'
differential	Build GCC and Clang release fuzzers	2026-08-23T20:14:14.8828234Z --   Found libcap, version 2.75
differential	Build GCC and Clang release fuzzers	2026-08-23T20:14:14.9212510Z -- Performing Test BOOST_FIBER_LINKS_WITHOUT_ADDITIONAL_MACROS
differential	Build GCC and Clang release fuzzers	2026-08-23T20:14:15.5174679Z -- Performing Test BOOST_FIBER_LINKS_WITHOUT_ADDITIONAL_MACROS - Success
differential	Build GCC and Clang release fuzzers	2026-08-23T20:14:15.5362933Z -- Checking for module 'libarchive'
differential	Build GCC and Clang release fuzzers	2026-08-23T20:14:15.5477995Z --   Found libarchive, version 3.8.5
differential	Build GCC and Clang release fuzzers	2026-08-23T20:14:15.6803690Z -- Configuring done (2.2s)
differential	Build GCC and Clang release fuzzers	2026-08-23T20:14:16.4269443Z -- Generating done (0.7s)
differential	Build GCC and Clang release fuzzers	2026-08-23T20:14:16.4277368Z -- Build files have been written to: /src/build-clang_o2
differential	Build GCC and Clang release fuzzers	2026-08-23T20:14:16.4916887Z [0/2] Re-checking globbed directories...
differential	Build GCC and Clang release fuzzers	2026-08-23T20:14:16.5587062Z [1/382] Scanning /src/third_party/evmone/lib/evmone_precompiles/blake2b.cpp for CXX dependencies
differential	Build GCC and Clang release fuzzers	2026-08-23T20:14:16.5880588Z [2/382] Scanning /src/third_party/evmone/lib/evmone_precompiles/bn254.cpp for CXX dependencies
differential	Build GCC and Clang release fuzzers	2026-08-23T20:14:16.5905015Z [3/382] Scanning /src/third_party/evmone/lib/evmone_precompiles/pairing/bn254/pairing.cpp for CXX dependencies
differential	Build GCC and Clang release fuzzers	2026-08-23T20:14:16.6027519Z [4/382] Scanning /src/third_party/evmone/lib/evmone_precompiles/bls.cpp for CXX dependencies
differential	Build GCC and Clang release fuzzers	2026-08-23T20:14:16.6361139Z [5/382] Scanning /src/third_party/evmone/lib/evmone_precompiles/modexp.cpp for CXX dependencies
differential	Build GCC and Clang release fuzzers	2026-08-23T20:14:16.6425670Z [6/382] Scanning /src/third_party/evmone/lib/evmone_precompiles/ripemd160.cpp for CXX dependencies
differential	Build GCC and Clang release fuzzers	2026-08-23T20:14:16.6757213Z [7/382] Scanning /src/third_party/evmone/lib/evmone_precompiles/secp256r1.cpp for CXX dependencies
differential	Build GCC and Clang release fuzzers	2026-08-23T20:14:16.6810644Z [8/382] Scanning /src/third_party/evmone/lib/evmone_precompiles/secp256k1.cpp for CXX dependencies
differential	Build GCC and Clang release fuzzers	2026-08-23T20:14:16.7138988Z [9/382] Scanning /src/third_party/evmone/lib/evmone_precompiles/sha256.cpp for CXX dependencies
differential	Build GCC and Clang release fuzzers	2026-08-23T20:14:16.7160932Z [10/382] Scanning /src/third_party/evmone/lib/evmone_precompiles/kzg.cpp for CXX dependencies
differential	Build GCC and Clang release fuzzers	2026-08-23T20:14:16.7292009Z [11/382] Generating CXX dyndep file third_party/evmone/lib/evmone_precompiles/CMakeFiles/evmone_precompiles.dir/CXX.dd
differential	Build GCC and Clang release fuzzers	2026-08-23T20:14:16.7860858Z [12/382] Building ASM object CMakeFiles/blst.dir/third_party/blst/build/assembly.S.o
differential	Build GCC and Clang release fuzzers	2026-08-23T20:14:16.8429692Z [13/382] Scanning /src/third_party/evmone/lib/evmone/advanced_analysis.cpp for CXX dependencies
differential	Build GCC and Clang release fuzzers	2026-08-23T20:14:16.9009845Z [14/382] Scanning /src/third_party/evmone/lib/evmone/advanced_execution.cpp for CXX dependencies
differential	Build GCC and Clang release fuzzers	2026-08-23T20:14:16.9506053Z [15/382] Scanning /src/third_party/evmone/lib/evmone/advanced_instructions.cpp for CXX dependencies
differential	Build GCC and Clang release fuzzers	2026-08-23T20:14:17.0082768Z [16/382] Scanning /src/third_party/evmone/lib/evmone/baseline_analysis.cpp for CXX dependencies
differential	Build GCC and Clang release fuzzers	2026-08-23T20:14:17.0607259Z [17/382] Scanning /src/third_party/evmone/lib/evmone/baseline_instruction_table.cpp for CXX dependencies
differential	Build GCC and Clang release fuzzers	2026-08-23T20:14:17.0646906Z [18/382] Scanning /src/third_party/evmone/lib/evmone/baseline_execution.cpp for CXX dependencies
differential	Build GCC and Clang release fuzzers	2026-08-23T20:14:17.0920867Z [19/382] Scanning /src/third_party/evmone/lib/evmone/instruction_stats.cpp for CXX dependencies
differential	Build GCC and Clang release fuzzers	2026-08-23T20:14:17.1598088Z [20/382] Scanning /src/third_party/evmone/lib/evmone/delegation.cpp for CXX dependencies
differential	Build GCC and Clang release fuzzers	2026-08-23T20:14:17.2004375Z [21/382] Scanning /src/third_party/evmone/lib/evmone/instructions_calls.cpp for CXX dependencies
differential	Build GCC and Clang release fuzzers	2026-08-23T20:14:17.2716997Z [22/382] Scanning /src/third_party/evmone/lib/evmone/instructions_storage.cpp for CXX dependencies
differential	Build GCC and Clang release fuzzers	2026-08-23T20:14:17.3107764Z [23/382] Scanning /src/third_party/evmone/lib/evmone/tracing.cpp for CXX dependencies
differential	Build GCC and Clang release fuzzers	2026-08-23T20:14:17.3511661Z [24/382] Scanning /src/third_party/evmone/lib/evmone/cpu_check.cpp for CXX dependencies
differential	Build GCC and Clang release fuzzers	2026-08-23T20:14:17.3834843Z [25/382] Scanning /src/third_party/evmone/lib/evmone/vm.cpp for CXX dependencies
differential	Build GCC and Clang release fuzzers	2026-08-23T20:14:18.1930061Z [26/382] Building C object third_party/ethash/lib/keccak/CMakeFiles/keccak.dir/keccak.c.o
differential	Build GCC and Clang release fuzzers	2026-08-23T20:14:18.9570711Z [27/382] Building C object CMakeFiles/blst.dir/third_party/blst/src/server.c.o
differential	Build GCC and Clang release fuzzers	2026-08-23T20:14:19.0076901Z [28/382] Building CXX object third_party/silkpre/third_party/libff/libff/CMakeFiles/ff.dir/algebra/curves/alt_bn128/alt_bn128_g1.cpp.o
differential	Build GCC and Clang release fuzzers	2026-08-23T20:14:19.7587158Z [29/382] Building CXX object third_party/silkpre/third_party/libff/libff/CMakeFiles/ff.dir/algebra/curves/alt_bn128/alt_bn128_g2.cpp.o
differential	Build GCC and Clang release fuzzers	2026-08-23T20:14:20.1621617Z [30/382] Building C object third_party/silkpre/CMakeFiles/secp256k1.dir/third_party/secp256k1/src/secp256k1.c.o
differential	Build GCC and Clang release fuzzers	2026-08-23T20:14:20.8229971Z [31/382] Building CXX object third_party/silkpre/third_party/libff/libff/CMakeFiles/ff.dir/algebra/curves/alt_bn128/alt_bn128_pp.cpp.o
differential	Build GCC and Clang release fuzzers	2026-08-23T20:14:20.9512948Z [32/382] Building CXX object third_party/silkpre/third_party/libff/libff/CMakeFiles/ff.dir/algebra/curves/alt_bn128/alt_bn128_init.cpp.o
differential	Build GCC and Clang release fuzzers	2026-08-23T20:14:21.0192568Z [33/382] Building CXX object third_party/silkpre/third_party/libff/libff/CMakeFiles/ff.dir/algebra/curves/alt_bn128/alt_bn128_pairing.cpp.o
differential	Build GCC and Clang release fuzzers	2026-08-23T20:14:21.8897992Z [34/382] Building CXX object third_party/silkpre/third_party/libff/libff/CMakeFiles/ff.dir/algebra/curves/edwards/edwards_g1.cpp.o
differential	Build GCC and Clang release fuzzers	2026-08-23T20:14:22.6807159Z [35/382] Building CXX object third_party/silkpre/third_party/libff/libff/CMakeFiles/ff.dir/algebra/curves/edwards/edwards_g2.cpp.o
differential	Build GCC and Clang release fuzzers	2026-08-23T20:14:22.7550112Z [36/382] Building CXX object third_party/silkpre/third_party/libff/libff/CMakeFiles/ff.dir/algebra/curves/edwards/edwards_init.cpp.o
differential	Build GCC and Clang release fuzzers	2026-08-23T20:14:22.9676384Z [37/382] Building CXX object third_party/silkpre/third_party/libff/libff/CMakeFiles/ff.dir/algebra/curves/edwards/edwards_pp.cpp.o
differential	Build GCC and Clang release fuzzers	2026-08-23T20:14:23.3639456Z [38/382] Building CXX object third_party/silkpre/third_party/libff/libff/CMakeFiles/ff.dir/algebra/curves/edwards/edwards_pairing.cpp.o
differential	Build GCC and Clang release fuzzers	2026-08-23T20:14:24.4795060Z [39/382] Building CXX object third_party/silkpre/third_party/libff/libff/CMakeFiles/ff.dir/algebra/curves/mnt/mnt4/mnt4_g2.cpp.o
differential	Build GCC and Clang release fuzzers	2026-08-23T20:14:24.5205458Z [40/382] Building CXX object third_party/silkpre/third_party/libff/libff/CMakeFiles/ff.dir/algebra/curves/mnt/mnt4/mnt4_g1.cpp.o
differential	Build GCC and Clang release fuzzers	2026-08-23T20:14:24.7255028Z [41/382] Building CXX object third_party/silkpre/third_party/libff/libff/CMakeFiles/ff.dir/algebra/curves/mnt/mnt4/mnt4_init.cpp.o
differential	Build GCC and Clang release fuzzers	2026-08-23T20:14:25.4884727Z [42/382] Building CXX object third_party/silkpre/third_party/libff/libff/CMakeFiles/ff.dir/algebra/curves/mnt/mnt46_common.cpp.o
differential	Build GCC and Clang release fuzzers	2026-08-23T20:14:25.5804349Z [43/382] Building CXX object third_party/silkpre/third_party/libff/libff/CMakeFiles/ff.dir/algebra/curves/mnt/mnt4/mnt4_pairing.cpp.o
differential	Build GCC and Clang release fuzzers	2026-08-23T20:14:25.6815937Z [44/382] Building CXX object third_party/silkpre/third_party/libff/libff/CMakeFiles/ff.dir/algebra/curves/mnt/mnt4/mnt4_pp.cpp.o
differential	Build GCC and Clang release fuzzers	2026-08-23T20:14:26.6708067Z [45/382] Building CXX object third_party/silkpre/third_party/libff/libff/CMakeFiles/ff.dir/algebra/curves/mnt/mnt6/mnt6_g1.cpp.o
differential	Build GCC and Clang release fuzzers	2026-08-23T20:14:27.3855621Z [46/382] Building CXX object third_party/silkpre/third_party/libff/libff/CMakeFiles/ff.dir/algebra/curves/mnt/mnt6/mnt6_g2.cpp.o
differential	Build GCC and Clang release fuzzers	2026-08-23T20:14:27.4335607Z [47/382] Building CXX object third_party/silkpre/third_party/libff/libff/CMakeFiles/ff.dir/algebra/curves/mnt/mnt6/mnt6_init.cpp.o
differential	Build GCC and Clang release fuzzers	2026-08-23T20:14:27.8715373Z [48/382] Building CXX object third_party/silkpre/third_party/libff/libff/CMakeFiles/ff.dir/algebra/curves/mnt/mnt6/mnt6_pp.cpp.o
differential	Build GCC and Clang release fuzzers	2026-08-23T20:14:28.0873853Z [49/382] Building CXX object third_party/silkpre/third_party/libff/libff/CMakeFiles/ff.dir/algebra/curves/mnt/mnt6/mnt6_pairing.cpp.o
differential	Build GCC and Clang release fuzzers	2026-08-23T20:14:28.1317655Z [50/382] Linking C static library libblst.a
differential	Build GCC and Clang release fuzzers	2026-08-23T20:14:28.5007119Z [51/382] Building CXX object third_party/silkpre/third_party/libff/libff/CMakeFiles/ff.dir/common/double.cpp.o
differential	Build GCC and Clang release fuzzers	2026-08-23T20:14:28.6507036Z [52/382] Building CXX object third_party/silkpre/third_party/libff/libff/CMakeFiles/ff.dir/common/utils.cpp.o
differential	Build GCC and Clang release fuzzers	2026-08-23T20:14:29.0101775Z [53/382] Building CXX object third_party/asmjit/CMakeFiles/asmjit.dir/src/asmjit/core/archtraits.cpp.o
differential	Build GCC and Clang release fuzzers	2026-08-23T20:14:29.2313175Z [54/382] Building CXX object third_party/asmjit/CMakeFiles/asmjit.dir/src/asmjit/core/assembler.cpp.o
differential	Build GCC and Clang release fuzzers	2026-08-23T20:14:29.2994455Z [55/382] Building CXX object third_party/silkpre/third_party/libff/libff/CMakeFiles/ff.dir/common/profiling.cpp.o
differential	Build GCC and Clang release fuzzers	2026-08-23T20:14:29.6224836Z [56/382] Building CXX object third_party/asmjit/CMakeFiles/asmjit.dir/src/asmjit/core/builder.cpp.o
differential	Build GCC and Clang release fuzzers	2026-08-23T20:14:29.8660543Z [57/382] Building CXX object third_party/asmjit/CMakeFiles/asmjit.dir/src/asmjit/core/codewriter.cpp.o
differential	Build GCC and Clang release fuzzers	2026-08-23T20:14:29.9759244Z [58/382] Building CXX object third_party/asmjit/CMakeFiles/asmjit.dir/src/asmjit/core/constpool.cpp.o
differential	Build GCC and Clang release fuzzers	2026-08-23T20:14:30.1450144Z [59/382] Building CXX object third_party/asmjit/CMakeFiles/asmjit.dir/src/asmjit/core/codeholder.cpp.o
differential	Build GCC and Clang release fuzzers	2026-08-23T20:14:30.2989865Z [60/382] Building CXX object third_party/asmjit/CMakeFiles/asmjit.dir/src/asmjit/core/compiler.cpp.o
differential	Build GCC and Clang release fuzzers	2026-08-23T20:14:30.5773916Z [61/382] Building CXX object third_party/asmjit/CMakeFiles/asmjit.dir/src/asmjit/core/cpuinfo.cpp.o
differential	Build GCC and Clang release fuzzers	2026-08-23T20:14:30.7002697Z [62/382] Building CXX object third_party/asmjit/CMakeFiles/asmjit.dir/src/asmjit/core/emithelper.cpp.o
differential	Build GCC and Clang release fuzzers	2026-08-23T20:14:30.8043220Z [63/382] Building CXX object third_party/asmjit/CMakeFiles/asmjit.dir/src/asmjit/core/emitter.cpp.o
differential	Build GCC and Clang release fuzzers	2026-08-23T20:14:30.8584634Z [64/382] Building CXX object third_party/asmjit/CMakeFiles/asmjit.dir/src/asmjit/core/errorhandler.cpp.o
differential	Build GCC and Clang release fuzzers	2026-08-23T20:14:30.8978535Z [65/382] Building CXX object third_party/asmjit/CMakeFiles/asmjit.dir/src/asmjit/core/environment.cpp.o
differential	Build GCC and Clang release fuzzers	2026-08-23T20:14:30.9055530Z [66/382] Building CXX object third_party/asmjit/CMakeFiles/asmjit.dir/src/asmjit/core/emitterutils.cpp.o
differential	Build GCC and Clang release fuzzers	2026-08-23T20:14:31.1266885Z [67/382] Building CXX object third_party/asmjit/CMakeFiles/asmjit.dir/src/asmjit/core/globals.cpp.o
differential	Build GCC and Clang release fuzzers	2026-08-23T20:14:31.4835473Z [68/382] Building CXX object third_party/asmjit/CMakeFiles/asmjit.dir/src/asmjit/core/func.cpp.o
differential	Build GCC and Clang release fuzzers	2026-08-23T20:14:31.5657711Z [69/382] Building CXX object third_party/asmjit/CMakeFiles/asmjit.dir/src/asmjit/core/inst.cpp.o
differential	Build GCC and Clang release fuzzers	2026-08-23T20:14:31.5783797Z [70/382] Building CXX object third_party/asmjit/CMakeFiles/asmjit.dir/src/asmjit/core/funcargscontext.cpp.o
differential	Build GCC and Clang release fuzzers	2026-08-23T20:14:31.6842800Z [71/382] Building CXX object third_party/asmjit/CMakeFiles/asmjit.dir/src/asmjit/core/formatter.cpp.o
differential	Build GCC and Clang release fuzzers	2026-08-23T20:14:31.9705383Z [72/382] Building CXX object third_party/asmjit/CMakeFiles/asmjit.dir/src/asmjit/core/instdb.cpp.o
differential	Build GCC and Clang release fuzzers	2026-08-23T20:14:32.1335806Z [73/382] Building CXX object third_party/asmjit/CMakeFiles/asmjit.dir/src/asmjit/core/jitruntime.cpp.o
differential	Build GCC and Clang release fuzzers	2026-08-23T20:14:32.1434957Z [74/382] Building CXX object third_party/asmjit/CMakeFiles/asmjit.dir/src/asmjit/core/logger.cpp.o
differential	Build GCC and Clang release fuzzers	2026-08-23T20:14:32.2600334Z [75/382] Building CXX object third_party/asmjit/CMakeFiles/asmjit.dir/src/asmjit/core/operand.cpp.o
differential	Build GCC and Clang release fuzzers	2026-08-23T20:14:32.3358609Z [76/382] Building CXX object third_party/asmjit/CMakeFiles/asmjit.dir/src/asmjit/core/jitallocator.cpp.o
differential	Build GCC and Clang release fuzzers	2026-08-23T20:14:32.3928296Z [77/382] Building CXX object third_party/asmjit/CMakeFiles/asmjit.dir/src/asmjit/core/osutils.cpp.o
differential	Build GCC and Clang release fuzzers	2026-08-23T20:14:32.8557754Z [78/382] Building CXX object third_party/asmjit/CMakeFiles/asmjit.dir/src/asmjit/core/string.cpp.o
differential	Build GCC and Clang release fuzzers	2026-08-23T20:14:32.8999502Z [79/382] Building CXX object third_party/asmjit/CMakeFiles/asmjit.dir/src/asmjit/core/rastack.cpp.o
differential	Build GCC and Clang release fuzzers	2026-08-23T20:14:33.0642710Z [80/382] Building CXX object third_party/asmjit/CMakeFiles/asmjit.dir/src/asmjit/core/support.cpp.o
differential	Build GCC and Clang release fuzzers	2026-08-23T20:14:33.3471605Z [81/382] Building CXX object third_party/asmjit/CMakeFiles/asmjit.dir/src/asmjit/core/target.cpp.o
differential	Build GCC and Clang release fuzzers	2026-08-23T20:14:33.4112425Z [82/382] Building CXX object third_party/asmjit/CMakeFiles/asmjit.dir/src/asmjit/core/ralocal.cpp.o
differential	Build GCC and Clang release fuzzers	2026-08-23T20:14:33.5508971Z [83/382] Building CXX object third_party/asmjit/CMakeFiles/asmjit.dir/src/asmjit/core/type.cpp.o
differential	Build GCC and Clang release fuzzers	2026-08-23T20:14:33.7208585Z [84/382] Building CXX object third_party/asmjit/CMakeFiles/asmjit.dir/src/asmjit/core/zone.cpp.o
differential	Build GCC and Clang release fuzzers	2026-08-23T20:14:33.8028367Z [85/382] Building CXX object third_party/asmjit/CMakeFiles/asmjit.dir/src/asmjit/core/virtmem.cpp.o
differential	Build GCC and Clang release fuzzers	2026-08-23T20:14:33.8284585Z [86/382] Building CXX object third_party/asmjit/CMakeFiles/asmjit.dir/src/asmjit/core/zonehash.cpp.o
differential	Build GCC and Clang release fuzzers	2026-08-23T20:14:33.9444452Z [87/382] Building CXX object third_party/asmjit/CMakeFiles/asmjit.dir/src/asmjit/core/zonelist.cpp.o
differential	Build GCC and Clang release fuzzers	2026-08-23T20:14:34.0596932Z [88/382] Building CXX object third_party/asmjit/CMakeFiles/asmjit.dir/src/asmjit/core/zonestack.cpp.o
differential	Build GCC and Clang release fuzzers	2026-08-23T20:14:34.0722529Z [89/382] Building CXX object third_party/asmjit/CMakeFiles/asmjit.dir/src/asmjit/core/zonetree.cpp.o
differential	Build GCC and Clang release fuzzers	2026-08-23T20:14:34.0922745Z [90/382] Building CXX object third_party/asmjit/CMakeFiles/asmjit.dir/src/asmjit/core/rapass.cpp.o
differential	Build GCC and Clang release fuzzers	2026-08-23T20:14:34.2924687Z [91/382] Building CXX object third_party/asmjit/CMakeFiles/asmjit.dir/src/asmjit/core/zonevector.cpp.o
differential	Build GCC and Clang release fuzzers	2026-08-23T20:14:34.9288762Z [92/382] Building CXX object third_party/asmjit/CMakeFiles/asmjit.dir/src/asmjit/arm/armformatter.cpp.o
differential	Build GCC and Clang release fuzzers	2026-08-23T20:14:34.9300304Z [93/382] Building CXX object third_party/asmjit/CMakeFiles/asmjit.dir/src/asmjit/arm/a64builder.cpp.o
differential	Build GCC and Clang release fuzzers	2026-08-23T20:14:35.2843339Z [94/382] Building CXX object third_party/asmjit/CMakeFiles/asmjit.dir/src/asmjit/arm/a64compiler.cpp.o
differential	Build GCC and Clang release fuzzers	2026-08-23T20:14:35.6879807Z [95/382] Building CXX object third_party/asmjit/CMakeFiles/asmjit.dir/src/asmjit/arm/a64formatter.cpp.o
differential	Build GCC and Clang release fuzzers	2026-08-23T20:14:35.9094063Z [96/382] Building CXX object third_party/asmjit/CMakeFiles/asmjit.dir/src/asmjit/arm/a64func.cpp.o
differential	Build GCC and Clang release fuzzers	2026-08-23T20:14:35.9222103Z [97/382] Building CXX object third_party/asmjit/CMakeFiles/asmjit.dir/src/asmjit/arm/a64emithelper.cpp.o
differential	Build GCC and Clang release fuzzers	2026-08-23T20:14:36.4008429Z [98/382] Building CXX object third_party/asmjit/CMakeFiles/asmjit.dir/src/asmjit/arm/a64instapi.cpp.o
differential	Build GCC and Clang release fuzzers	2026-08-23T20:14:36.4327520Z [99/382] Building CXX object third_party/asmjit/CMakeFiles/asmjit.dir/src/asmjit/arm/a64operand.cpp.o
differential	Build GCC and Clang release fuzzers	2026-08-23T20:14:36.6115685Z [100/382] Building CXX object third_party/asmjit/CMakeFiles/asmjit.dir/src/asmjit/arm/a64assembler.cpp.o
differential	Build GCC and Clang release fuzzers	2026-08-23T20:14:36.6815039Z [101/382] Building CXX object third_party/asmjit/CMakeFiles/asmjit.dir/src/asmjit/arm/a64instdb.cpp.o
differential	Build GCC and Clang release fuzzers	2026-08-23T20:14:37.7135198Z [102/382] Building CXX object third_party/asmjit/CMakeFiles/asmjit.dir/src/asmjit/x86/x86builder.cpp.o
differential	Build GCC and Clang release fuzzers	2026-08-23T20:14:37.9673251Z [103/382] Building CXX object third_party/asmjit/CMakeFiles/asmjit.dir/src/asmjit/x86/x86compiler.cpp.o
differential	Build GCC and Clang release fuzzers	2026-08-23T20:14:37.9744136Z [104/382] Building CXX object third_party/asmjit/CMakeFiles/asmjit.dir/src/asmjit/arm/a64rapass.cpp.o
differential	Build GCC and Clang release fuzzers	2026-08-23T20:14:38.9051653Z [105/382] Building CXX object third_party/asmjit/CMakeFiles/asmjit.dir/src/asmjit/x86/x86emithelper.cpp.o
differential	Build GCC and Clang release fuzzers	2026-08-23T20:14:39.0194999Z [106/382] Building CXX object third_party/asmjit/CMakeFiles/asmjit.dir/src/asmjit/x86/x86formatter.cpp.o
differential	Build GCC and Clang release fuzzers	2026-08-23T20:14:39.1179872Z [107/382] Building CXX object third_party/asmjit/CMakeFiles/asmjit.dir/src/asmjit/x86/x86func.cpp.o
differential	Build GCC and Clang release fuzzers	2026-08-23T20:14:39.4992577Z [108/382] Building CXX object third_party/asmjit/CMakeFiles/asmjit.dir/src/asmjit/x86/x86assembler.cpp.o
differential	Build GCC and Clang release fuzzers	2026-08-23T20:14:39.7597419Z [109/382] Building CXX object third_party/asmjit/CMakeFiles/asmjit.dir/src/asmjit/x86/x86operand.cpp.o
differential	Build GCC and Clang release fuzzers	2026-08-23T20:14:40.0544468Z [110/382] Building C object third_party/BLAKE3/c/CMakeFiles/blake3.dir/blake3.c.o
differential	Build GCC and Clang release fuzzers	2026-08-23T20:14:40.2645690Z [111/382] Building CXX object third_party/asmjit/CMakeFiles/asmjit.dir/src/asmjit/x86/x86instapi.cpp.o
differential	Build GCC and Clang release fuzzers	2026-08-23T20:14:40.6600851Z [112/382] Building C object third_party/BLAKE3/c/CMakeFiles/blake3.dir/blake3_dispatch.c.o
differential	Build GCC and Clang release fuzzers	2026-08-23T20:14:40.6649857Z [113/382] Building C object third_party/BLAKE3/c/CMakeFiles/blake3.dir/blake3_portable.c.o
differential	Build GCC and Clang release fuzzers	2026-08-23T20:14:40.7340300Z [114/382] Building ASM object third_party/BLAKE3/c/CMakeFiles/blake3.dir/blake3_avx2_x86-64_unix.S.o
differential	Build GCC and Clang release fuzzers	2026-08-23T20:14:40.7416735Z [115/382] Building ASM object third_party/BLAKE3/c/CMakeFiles/blake3.dir/blake3_avx512_x86-64_unix.S.o
differential	Build GCC and Clang release fuzzers	2026-08-23T20:14:40.8085909Z [116/382] Building ASM object third_party/BLAKE3/c/CMakeFiles/blake3.dir/blake3_sse41_x86-64_unix.S.o
differential	Build GCC and Clang release fuzzers	2026-08-23T20:14:40.8094822Z [117/382] Building ASM object third_party/BLAKE3/c/CMakeFiles/blake3.dir/blake3_sse2_x86-64_unix.S.o
differential	Build GCC and Clang release fuzzers	2026-08-23T20:14:40.9921927Z [118/382] Building CXX object third_party/asmjit/CMakeFiles/asmjit.dir/src/asmjit/x86/x86instdb.cpp.o
differential	Build GCC and Clang release fuzzers	2026-08-23T20:14:41.0376046Z [119/382] Linking C static library third_party/ethash/lib/keccak/libkeccak.a
differential	Build GCC and Clang release fuzzers	2026-08-23T20:14:41.2117780Z [120/382] Building CXX object third_party/c-kzg-4844-builder/CMakeFiles/c-kzg-4844.dir/trusted_setup.cpp.o
differential	Build GCC and Clang release fuzzers	2026-08-23T20:14:41.4369785Z [121/382] Building CXX object third_party/asmjit/CMakeFiles/asmjit.dir/src/asmjit/x86/x86rapass.cpp.o
differential	Build GCC and Clang release fuzzers	2026-08-23T20:14:41.5878182Z [122/382] Building C object third_party/c-kzg-4844-builder/CMakeFiles/c-kzg-4844.dir/__/c-kzg-4844/src/ckzg.c.o
differential	Build GCC and Clang release fuzzers	2026-08-23T20:14:43.1523988Z [123/382] Building CXX object third_party/fiber/CMakeFiles/boost_fiber.dir/src/algo/algorithm.cpp.o
differential	Build GCC and Clang release fuzzers	2026-08-23T20:14:43.4451461Z [124/382] Building CXX object third_party/fiber/CMakeFiles/boost_fiber.dir/src/algo/round_robin.cpp.o
differential	Build GCC and Clang release fuzzers	2026-08-23T20:14:43.8160827Z [125/382] Building CXX object third_party/fiber/CMakeFiles/boost_fiber.dir/src/algo/shared_work.cpp.o
differential	Build GCC and Clang release fuzzers	2026-08-23T20:14:44.0570750Z [126/382] Building CXX object third_party/fiber/CMakeFiles/boost_fiber.dir/src/algo/work_stealing.cpp.o
differential	Build GCC and Clang release fuzzers	2026-08-23T20:14:45.4799411Z [127/382] Building CXX object third_party/fiber/CMakeFiles/boost_fiber.dir/src/barrier.cpp.o
differential	Build GCC and Clang release fuzzers	2026-08-23T20:14:45.6519377Z [128/382] Building CXX object third_party/fiber/CMakeFiles/boost_fiber.dir/src/condition_variable.cpp.o
differential	Build GCC and Clang release fuzzers	2026-08-23T20:14:46.2687667Z [129/382] Building CXX object third_party/fiber/CMakeFiles/boost_fiber.dir/src/fiber.cpp.o
differential	Build GCC and Clang release fuzzers	2026-08-23T20:14:46.4534345Z [130/382] Building CXX object third_party/fiber/CMakeFiles/boost_fiber.dir/src/future.cpp.o
differential	Build GCC and Clang release fuzzers	2026-08-23T20:14:46.5585590Z [131/382] Building CXX object third_party/fiber/CMakeFiles/boost_fiber.dir/src/context.cpp.o
differential	Build GCC and Clang release fuzzers	2026-08-23T20:14:47.8984330Z [132/382] Building CXX object third_party/fiber/CMakeFiles/boost_fiber.dir/src/mutex.cpp.o
differential	Build GCC and Clang release fuzzers	2026-08-23T20:14:48.4404176Z [133/382] Building CXX object third_party/fiber/CMakeFiles/boost_fiber.dir/src/properties.cpp.o
differential	Build GCC and Clang release fuzzers	2026-08-23T20:14:48.7153001Z [134/382] Building CXX object third_party/fiber/CMakeFiles/boost_fiber.dir/src/recursive_mutex.cpp.o
differential	Build GCC and Clang release fuzzers	2026-08-23T20:14:48.8695963Z [135/382] Building CXX object third_party/fiber/CMakeFiles/boost_fiber.dir/src/recursive_timed_mutex.cpp.o
differential	Build GCC and Clang release fuzzers	2026-08-23T20:14:49.1481827Z [136/382] Building CXX object third_party/evmone/lib/evmone_precompiles/CMakeFiles/evmone_precompiles.dir/blake2b.cpp.o
differential	Build GCC and Clang release fuzzers	2026-08-23T20:14:50.4810524Z [137/382] Building CXX object third_party/fiber/CMakeFiles/boost_fiber.dir/src/scheduler.cpp.o
differential	Build GCC and Clang release fuzzers	2026-08-23T20:14:50.6608387Z [138/382] Building CXX object third_party/fiber/CMakeFiles/boost_fiber.dir/src/timed_mutex.cpp.o
differential	Build GCC and Clang release fuzzers	2026-08-23T20:14:50.6923020Z [139/382] Building C object third_party/evmone/lib/evmone_precompiles/CMakeFiles/evmone_precompiles.dir/keccak.c.o
differential	Build GCC and Clang release fuzzers	2026-08-23T20:14:50.9686801Z [140/382] Building CXX object third_party/fiber/CMakeFiles/boost_fiber.dir/src/waker.cpp.o
differential	Build GCC and Clang release fuzzers	2026-08-23T20:14:51.1840035Z [141/382] Building CXX object third_party/evmone/lib/evmone_precompiles/CMakeFiles/evmone_precompiles.dir/bls.cpp.o
differential	Build GCC and Clang release fuzzers	2026-08-23T20:14:52.0241574Z [142/382] Building CXX object third_party/evmone/lib/evmone_precompiles/CMakeFiles/evmone_precompiles.dir/bn254.cpp.o
differential	Build GCC and Clang release fuzzers	2026-08-23T20:14:52.2133756Z [143/382] Building CXX object third_party/evmone/lib/evmone_precompiles/CMakeFiles/evmone_precompiles.dir/ripemd160.cpp.o
differential	Build GCC and Clang release fuzzers	2026-08-23T20:14:54.0264951Z [144/382] Building CXX object third_party/evmone/lib/evmone_precompiles/CMakeFiles/evmone_precompiles.dir/secp256r1.cpp.o
differential	Build GCC and Clang release fuzzers	2026-08-23T20:14:54.3710675Z [145/382] Building CXX object third_party/evmone/lib/evmone_precompiles/CMakeFiles/evmone_precompiles.dir/secp256k1.cpp.o
differential	Build GCC and Clang release fuzzers	2026-08-23T20:14:54.4259546Z [146/382] Building CXX object third_party/evmone/lib/evmone_precompiles/CMakeFiles/evmone_precompiles.dir/modexp.cpp.o
differential	Build GCC and Clang release fuzzers	2026-08-23T20:14:54.4422369Z [147/382] Generating CXX dyndep file third_party/evmone/lib/evmone/CMakeFiles/evmone.dir/CXX.dd
differential	Build GCC and Clang release fuzzers	2026-08-23T20:14:54.4852830Z [148/382] Linking C static library third_party/silkpre/libsecp256k1.a
differential	Build GCC and Clang release fuzzers	2026-08-23T20:14:54.5327486Z [149/382] Linking CXX static library third_party/silkpre/third_party/libff/libff/libff.a
differential	Build GCC and Clang release fuzzers	2026-08-23T20:14:54.6369172Z [150/382] Building C object third_party/silkpre/lib/CMakeFiles/silkpre.dir/silkpre/blake2b.c.o
differential	Build GCC and Clang release fuzzers	2026-08-23T20:14:54.6924333Z [151/382] Building C object third_party/silkpre/lib/CMakeFiles/silkpre.dir/silkpre/ecdsa.c.o
differential	Build GCC and Clang release fuzzers	2026-08-23T20:14:55.0697719Z [152/382] Building CXX object third_party/evmone/lib/evmone_precompiles/CMakeFiles/evmone_precompiles.dir/sha256.cpp.o
differential	Build GCC and Clang release fuzzers	2026-08-23T20:14:55.3486246Z [153/382] Building C object third_party/silkpre/lib/CMakeFiles/silkpre.dir/silkpre/rmd160.c.o
differential	Build GCC and Clang release fuzzers	2026-08-23T20:14:55.7397244Z [154/382] Building CXX object third_party/evmone/lib/evmone_precompiles/CMakeFiles/evmone_precompiles.dir/kzg.cpp.o
differential	Build GCC and Clang release fuzzers	2026-08-23T20:14:56.3978933Z [155/382] Building CXX object third_party/silkpre/lib/CMakeFiles/silkpre.dir/silkpre/secp256k1n.cpp.o
differential	Build GCC and Clang release fuzzers	2026-08-23T20:14:56.5067373Z [156/382] Building C object third_party/silkpre/lib/CMakeFiles/silkpre.dir/silkpre/sha256.c.o
differential	Build GCC and Clang release fuzzers	2026-08-23T20:14:56.6824256Z [157/382] Building C object third_party/silkpre_vendor/CMakeFiles/monad_crypto.dir/src/silkpre_vendor/rmd160.c.o
differential	Build GCC and Clang release fuzzers	2026-08-23T20:14:56.7834605Z [158/382] Building C object third_party/silkpre_vendor/CMakeFiles/monad_crypto.dir/src/silkpre_vendor/blake2b.c.o
differential	Build GCC and Clang release fuzzers	2026-08-23T20:14:56.8291184Z [159/382] Linking CXX static library third_party/asmjit/libasmjit.a
differential	Build GCC and Clang release fuzzers	2026-08-23T20:14:56.8709991Z [160/382] Linking C static library third_party/BLAKE3/c/libblake3.a
differential	Build GCC and Clang release fuzzers	2026-08-23T20:14:56.9135521Z [161/382] Linking CXX static library third_party/c-kzg-4844-builder/libc-kzg-4844.a
differential	Build GCC and Clang release fuzzers	2026-08-23T20:14:56.9578685Z [162/382] Linking CXX static library third_party/fiber/libboost_fiber.a
differential	Build GCC and Clang release fuzzers	2026-08-23T20:14:57.2763690Z [163/382] Building C object third_party/silkpre_vendor/CMakeFiles/monad_crypto.dir/src/silkpre_vendor/sha256.c.o
differential	Build GCC and Clang release fuzzers	2026-08-23T20:14:57.6961651Z [164/382] Building CXX object third_party/silkpre/lib/CMakeFiles/silkpre.dir/silkpre/precompile.cpp.o
differential	Build GCC and Clang release fuzzers	2026-08-23T20:14:59.0799113Z [165/382] Building CXX object third_party/evmone/lib/evmone/CMakeFiles/evmone.dir/advanced_analysis.cpp.o
differential	Build GCC and Clang release fuzzers	2026-08-23T20:14:59.3324759Z [166/382] Building CXX object third_party/evmone/lib/evmone/CMakeFiles/evmone.dir/advanced_execution.cpp.o
differential	Build GCC and Clang release fuzzers	2026-08-23T20:15:01.0238973Z [167/382] Building CXX object third_party/evmone/lib/evmone/CMakeFiles/evmone.dir/baseline_analysis.cpp.o
differential	Build GCC and Clang release fuzzers	2026-08-23T20:15:01.5387093Z [168/382] Building CXX object third_party/evmone/lib/evmone/CMakeFiles/evmone.dir/advanced_instructions.cpp.o
differential	Build GCC and Clang release fuzzers	2026-08-23T20:15:01.8212889Z [169/382] Building CXX object third_party/evmone/lib/evmone/CMakeFiles/evmone.dir/baseline_instruction_table.cpp.o
differential	Build GCC and Clang release fuzzers	2026-08-23T20:15:01.8518998Z [170/382] Building CXX object third_party/evmone/lib/evmone/CMakeFiles/evmone.dir/instruction_stats.cpp.o
differential	Build GCC and Clang release fuzzers	2026-08-23T20:15:02.8870779Z [171/382] Building CXX object third_party/evmone/lib/evmone/CMakeFiles/evmone.dir/delegation.cpp.o
differential	Build GCC and Clang release fuzzers	2026-08-23T20:15:04.1931669Z [172/382] Building CXX object third_party/evmone/lib/evmone/CMakeFiles/evmone.dir/instructions_calls.cpp.o
differential	Build GCC and Clang release fuzzers	2026-08-23T20:15:04.3917341Z [173/382] Building CXX object third_party/evmone/lib/evmone_precompiles/CMakeFiles/evmone_precompiles.dir/pairing/bn254/pairing.cpp.o
differential	Build GCC and Clang release fuzzers	2026-08-23T20:15:04.4381891Z [174/382] Linking CXX static library third_party/evmone/lib/evmone_precompiles/libevmone_precompiles.a
differential	Build GCC and Clang release fuzzers	2026-08-23T20:15:04.7772538Z [175/382] Building CXX object third_party/evmone/lib/evmone/CMakeFiles/evmone.dir/instructions_storage.cpp.o
differential	Build GCC and Clang release fuzzers	2026-08-23T20:15:04.8476385Z [176/382] Building CXX object third_party/evmone/lib/evmone/CMakeFiles/evmone.dir/cpu_check.cpp.o
differential	Build GCC and Clang release fuzzers	2026-08-23T20:15:04.8926254Z [177/382] Linking CXX static library third_party/silkpre/lib/libsilkpre.a
differential	Build GCC and Clang release fuzzers	2026-08-23T20:15:04.9384024Z [178/382] Linking C static library third_party/silkpre_vendor/libmonad_crypto.a
differential	Build GCC and Clang release fuzzers	2026-08-23T20:15:06.4937231Z [179/382] Building CXX object third_party/evmone/lib/evmone/CMakeFiles/evmone.dir/vm.cpp.o
differential	Build GCC and Clang release fuzzers	2026-08-23T20:15:07.0213969Z [180/382] Building CXX object third_party/evmone/lib/evmone/CMakeFiles/evmone.dir/tracing.cpp.o
differential	Build GCC and Clang release fuzzers	2026-08-23T20:15:09.6638921Z [181/382] Building CXX object third_party/evmone/lib/evmone/CMakeFiles/evmone.dir/baseline_execution.cpp.o
differential	Build GCC and Clang release fuzzers	2026-08-23T20:15:09.7251464Z [182/382] Building CXX object category/async/CMakeFiles/monad_async.dir/util.cpp.o
differential	Build GCC and Clang release fuzzers	2026-08-23T20:15:09.7367267Z [183/382] Building C object category/core/CMakeFiles/monad_core.dir/assert.c.o
differential	Build GCC and Clang release fuzzers	2026-08-23T20:15:10.5372813Z [184/382] Building CXX object category/async/CMakeFiles/monad_async.dir/io.cpp.o
differential	Build GCC and Clang release fuzzers	2026-08-23T20:15:10.6051720Z [185/382] Building C object category/core/CMakeFiles/monad_core.dir/cleanup.c.o
differential	Build GCC and Clang release fuzzers	2026-08-23T20:15:10.6664327Z [186/382] Building C object category/core/CMakeFiles/monad_core.dir/format_err.c.o
differential	Build GCC and Clang release fuzzers	2026-08-23T20:15:11.3449783Z [187/382] Building CXX object category/core/CMakeFiles/monad_core.dir/backtrace.cpp.o
differential	Build GCC and Clang release fuzzers	2026-08-23T20:15:11.3866823Z [188/382] Building C object category/core/CMakeFiles/monad_core.dir/keccak.c.o
differential	Build GCC and Clang release fuzzers	2026-08-23T20:15:11.7805291Z [189/382] Building CXX object category/core/CMakeFiles/monad_core.dir/hex.cpp.o
differential	Build GCC and Clang release fuzzers	2026-08-23T20:15:12.5449629Z [190/382] Building CXX object category/async/CMakeFiles/monad_async.dir/storage_pool.cpp.o
differential	Build GCC and Clang release fuzzers	2026-08-23T20:15:13.3386495Z [191/382] Building CXX object category/core/CMakeFiles/monad_core.dir/checked_math.cpp.o
differential	Build GCC and Clang release fuzzers	2026-08-23T20:15:13.4276842Z [192/382] Building C object category/core/CMakeFiles/monad_core.dir/path_util.c.o
differential	Build GCC and Clang release fuzzers	2026-08-23T20:15:13.4730281Z [193/382] Building C object category/core/CMakeFiles/monad_core.dir/tl_tid.c.o
differential	Build GCC and Clang release fuzzers	2026-08-23T20:15:13.6847696Z [194/382] Building CXX object category/core/CMakeFiles/monad_core.dir/monad_exception.cpp.o
differential	Build GCC and Clang release fuzzers	2026-08-23T20:15:13.8466562Z [195/382] Building C object category/core/CMakeFiles/monad_core.dir/event/event_ring.c.o
differential	Build GCC and Clang release fuzzers	2026-08-23T20:15:14.0128920Z [196/382] Building C object category/core/CMakeFiles/monad_core.dir/event/event_ring_util.c.o
differential	Build GCC and Clang release fuzzers	2026-08-23T20:15:14.0500241Z [197/382] Building C object category/core/CMakeFiles/monad_core.dir/event/test_event_ctypes_metadata.c.o
differential	Build GCC and Clang release fuzzers	2026-08-23T20:15:19.7876812Z [198/382] Building CXX object category/core/CMakeFiles/monad_core.dir/fiber/fiber_group.cpp.o
differential	Build GCC and Clang release fuzzers	2026-08-23T20:15:25.4505373Z [199/382] Building CXX object category/core/CMakeFiles/monad_core.dir/fiber/fiber_thread_pool.cpp.o
differential	Build GCC and Clang release fuzzers	2026-08-23T20:15:26.3769433Z [200/382] Building CXX object category/core/CMakeFiles/monad_core.dir/cli/help_formatter.cpp.o
differential	Build GCC and Clang release fuzzers	2026-08-23T20:15:28.1821708Z [201/382] Building CXX object category/core/CMakeFiles/monad_core.dir/log.cpp.o
differential	Build GCC and Clang release fuzzers	2026-08-23T20:15:29.6077433Z [202/382] Building CXX object category/core/CMakeFiles/monad_core.dir/log_ffi.cpp.o
differential	Build GCC and Clang release fuzzers	2026-08-23T20:15:29.8667395Z [203/382] Building CXX object category/core/CMakeFiles/monad_core.dir/io/buffer_pool.cpp.o
differential	Build GCC and Clang release fuzzers	2026-08-23T20:15:30.2245332Z [204/382] Building CXX object category/core/CMakeFiles/monad_core.dir/rlp/decode_error.cpp.o
differential	Build GCC and Clang release fuzzers	2026-08-23T20:15:30.2941110Z [205/382] Building C object category/core/CMakeFiles/monad_core.dir/cpuset.c.o
differential	Build GCC and Clang release fuzzers	2026-08-23T20:15:30.3909273Z [206/382] Building C object category/core/CMakeFiles/monad_core.dir/event/event_ring_util_linux.c.o
differential	Build GCC and Clang release fuzzers	2026-08-23T20:15:30.4706145Z [207/382] Building CXX object category/core/CMakeFiles/monad_core.dir/fiber/priority_algorithm.cpp.o
differential	Build GCC and Clang release fuzzers	2026-08-23T20:15:30.8767655Z [208/382] Building CXX object category/core/CMakeFiles/monad_core.dir/io/ring.cpp.o
differential	Build GCC and Clang release fuzzers	2026-08-23T20:15:31.0613152Z [209/382] Building CXX object category/core/CMakeFiles/monad_core.dir/mem/huge_mem.cpp.o
differential	Build GCC and Clang release fuzzers	2026-08-23T20:15:31.2037986Z [210/382] Building C object category/core/CMakeFiles/monad_core.dir/mem/hugetlb_path.c.o
differential	Build GCC and Clang release fuzzers	2026-08-23T20:15:31.2624571Z [211/382] Building C object category/core/CMakeFiles/monad_core.dir/procfs/statm.c.o
differential	Build GCC and Clang release fuzzers	2026-08-23T20:15:31.3402066Z [212/382] Building ASM object category/core/CMakeFiles/monad_core.dir/keccak_impl.S.o
differential	Build GCC and Clang release fuzzers	2026-08-23T20:15:31.4007219Z [213/382] Building CXX object category/core/CMakeFiles/monad_core.dir/fiber/priority_pool.cpp.o
differential	Build GCC and Clang release fuzzers	2026-08-23T20:15:32.6134917Z [214/382] Building CXX object category/core/CMakeFiles/monad_core.dir/io/buffers.cpp.o
differential	Build GCC and Clang release fuzzers	2026-08-23T20:15:33.3583161Z [215/382] Building CXX object category/core/CMakeFiles/monad_core.dir/fiber/priority_queue.cpp.o
differential	Build GCC and Clang release fuzzers	2026-08-23T20:15:34.7550131Z [216/382] Building CXX object category/mpt/CMakeFiles/monad_trie.dir/compute.cpp.o
differential	Build GCC and Clang release fuzzers	2026-08-23T20:15:40.0535513Z [217/382] Building CXX object category/mpt/CMakeFiles/monad_trie.dir/copy_trie.cpp.o
differential	Build GCC and Clang release fuzzers	2026-08-23T20:15:42.7169078Z [218/382] Building CXX object category/mpt/CMakeFiles/monad_trie.dir/find.cpp.o
differential	Build GCC and Clang release fuzzers	2026-08-23T20:15:43.9368556Z [219/382] Building CXX object category/mpt/CMakeFiles/monad_trie.dir/db_metadata_context.cpp.o
differential	Build GCC and Clang release fuzzers	2026-08-23T20:15:47.0480659Z [220/382] Building CXX object category/mpt/CMakeFiles/monad_trie.dir/node.cpp.o
differential	Build GCC and Clang release fuzzers	2026-08-23T20:15:48.4248625Z [221/382] Building CXX object category/mpt/CMakeFiles/monad_trie.dir/state_machine_kind.cpp.o
differential	Build GCC and Clang release fuzzers	2026-08-23T20:15:51.2834006Z [222/382] Building CXX object category/mpt/CMakeFiles/monad_trie.dir/find_notify_fiber.cpp.o
differential	Build GCC and Clang release fuzzers	2026-08-23T20:15:51.8751020Z [223/382] Building CXX object category/mpt/CMakeFiles/monad_trie.dir/read_node_blocking.cpp.o
differential	Build GCC and Clang release fuzzers	2026-08-23T20:15:53.2536313Z [224/382] Building CXX object category/mpt/CMakeFiles/monad_trie.dir/db.cpp.o
differential	Build GCC and Clang release fuzzers	2026-08-23T20:16:00.3034634Z [225/382] Building CXX object category/execution/CMakeFiles/monad_execution_ethereum.dir/ethereum/chain/ethereum_mainnet.cpp.o
differential	Build GCC and Clang release fuzzers	2026-08-23T20:16:04.4254533Z [226/382] Building CXX object category/execution/CMakeFiles/monad_execution_ethereum.dir/ethereum/chain/hive_net.cpp.o
differential	Build GCC and Clang release fuzzers	2026-08-23T20:16:04.7420843Z [227/382] Building CXX object category/execution/CMakeFiles/monad_execution_ethereum.dir/ethereum/core/contract/abi_decode_error.cpp.o
differential	Build GCC and Clang release fuzzers	2026-08-23T20:16:04.8974692Z [228/382] Building CXX object category/mpt/CMakeFiles/monad_trie.dir/update_aux.cpp.o
differential	Build GCC and Clang release fuzzers	2026-08-23T20:16:04.9223054Z [229/382] Building CXX object category/mpt/CMakeFiles/monad_trie.dir/trie.cpp.o
differential	Build GCC and Clang release fuzzers	2026-08-23T20:16:08.4228232Z [230/382] Building CXX object category/execution/CMakeFiles/monad_execution_ethereum.dir/ethereum/core/ecrecover.cpp.o
differential	Build GCC and Clang release fuzzers	2026-08-23T20:16:08.8286495Z [231/382] Building CXX object category/execution/CMakeFiles/monad_execution_ethereum.dir/ethereum/core/receipt.cpp.o
differential	Build GCC and Clang release fuzzers	2026-08-23T20:16:09.8146810Z [232/382] Building CXX object category/execution/CMakeFiles/monad_execution_ethereum.dir/ethereum/core/rlp/account_rlp.cpp.o
differential	Build GCC and Clang release fuzzers	2026-08-23T20:16:11.7390077Z [233/382] Building CXX object category/execution/CMakeFiles/monad_execution_ethereum.dir/ethereum/chain/genesis_state.cpp.o
differential	Build GCC and Clang release fuzzers	2026-08-23T20:16:14.3326339Z [234/382] Building CXX object category/execution/CMakeFiles/monad_execution_ethereum.dir/ethereum/core/rlp/signature_rlp.cpp.o
differential	Build GCC and Clang release fuzzers	2026-08-23T20:16:14.5780018Z [235/382] Building CXX object category/execution/CMakeFiles/monad_execution_ethereum.dir/ethereum/core/rlp/block_rlp.cpp.o
differential	Build GCC and Clang release fuzzers	2026-08-23T20:16:14.5843084Z [236/382] Building CXX object category/execution/CMakeFiles/monad_execution_ethereum.dir/ethereum/core/rlp/receipt_rlp.cpp.o
differential	Build GCC and Clang release fuzzers	2026-08-23T20:16:17.8540104Z [237/382] Building CXX object category/execution/CMakeFiles/monad_execution_ethereum.dir/ethereum/core/signature.cpp.o
differential	Build GCC and Clang release fuzzers	2026-08-23T20:16:18.8410929Z [238/382] Building CXX object category/execution/CMakeFiles/monad_execution_ethereum.dir/ethereum/core/rlp/transaction_rlp.cpp.o
differential	Build GCC and Clang release fuzzers	2026-08-23T20:16:19.2933164Z [239/382] Building CXX object category/execution/CMakeFiles/monad_execution_ethereum.dir/ethereum/core/rlp/withdrawal_rlp.cpp.o
differential	Build GCC and Clang release fuzzers	2026-08-23T20:16:20.6150494Z [240/382] Building CXX object category/execution/CMakeFiles/monad_execution_ethereum.dir/ethereum/core/transaction.cpp.o
differential	Build GCC and Clang release fuzzers	2026-08-23T20:16:23.4844124Z [241/382] Building CXX object category/execution/CMakeFiles/monad_execution_ethereum.dir/ethereum/db/block_db.cpp.o
differential	Build GCC and Clang release fuzzers	2026-08-23T20:16:26.1056465Z [242/382] Building CXX object category/execution/CMakeFiles/monad_execution_ethereum.dir/ethereum/db/file_db.cpp.o
differential	Build GCC and Clang release fuzzers	2026-08-23T20:16:27.0715800Z [243/382] Building CXX object category/execution/CMakeFiles/monad_execution_ethereum.dir/ethereum/db/commit_builder.cpp.o
differential	Build GCC and Clang release fuzzers	2026-08-23T20:16:32.0741713Z [244/382] Building CXX object category/execution/CMakeFiles/monad_execution_ethereum.dir/ethereum/db/db_snapshot.cpp.o
differential	Build GCC and Clang release fuzzers	2026-08-23T20:16:32.1254134Z [245/382] Building CXX object category/execution/CMakeFiles/monad_execution_ethereum.dir/ethereum/db/state_machine_init.cpp.o
differential	Build GCC and Clang release fuzzers	2026-08-23T20:16:32.7267611Z [246/382] Building CXX object category/execution/CMakeFiles/monad_execution_ethereum.dir/ethereum/db/db_snapshot_filesystem.cpp.o
differential	Build GCC and Clang release fuzzers	2026-08-23T20:16:32.7672212Z [247/382] Building C object category/execution/CMakeFiles/monad_execution_ethereum.dir/ethereum/event/exec_event_ctypes_metadata.c.o
differential	Build GCC and Clang release fuzzers	2026-08-23T20:16:35.4341090Z [248/382] Building CXX object category/execution/CMakeFiles/monad_execution_ethereum.dir/ethereum/db/partial_trie_db.cpp.o
differential	Build GCC and Clang release fuzzers	2026-08-23T20:16:36.4553509Z [249/382] Building CXX object category/execution/CMakeFiles/monad_execution_ethereum.dir/ethereum/event/exec_event_recorder.cpp.o
differential	Build GCC and Clang release fuzzers	2026-08-23T20:16:39.9726643Z [250/382] Building CXX object category/execution/CMakeFiles/monad_execution_ethereum.dir/ethereum/event/record_block_events.cpp.o
differential	Build GCC and Clang release fuzzers	2026-08-23T20:16:40.3953894Z [251/382] Building CXX object category/execution/CMakeFiles/monad_execution_ethereum.dir/ethereum/event/record_consensus_events.cpp.o
differential	Build GCC and Clang release fuzzers	2026-08-23T20:16:44.7055660Z [252/382] Building CXX object category/execution/CMakeFiles/monad_execution_ethereum.dir/ethereum/block_hash_buffer.cpp.o
differential	Build GCC and Clang release fuzzers	2026-08-23T20:16:49.7560981Z [253/382] Building CXX object category/execution/CMakeFiles/monad_execution_ethereum.dir/ethereum/event/record_txn_events.cpp.o
differential	Build GCC and Clang release fuzzers	2026-08-23T20:16:51.2399972Z [254/382] Building CXX object category/execution/CMakeFiles/monad_execution_ethereum.dir/ethereum/db/util.cpp.o
differential	Build GCC and Clang release fuzzers	2026-08-23T20:16:55.6120476Z [255/382] Building CXX object category/execution/CMakeFiles/monad_execution_ethereum.dir/ethereum/block_hash_buffer/util.cpp.o
differential	Build GCC and Clang release fuzzers	2026-08-23T20:16:57.5949739Z [256/382] Building CXX object category/execution/CMakeFiles/monad_execution_ethereum.dir/ethereum/db/trie_db.cpp.o
differential	Build GCC and Clang release fuzzers	2026-08-23T20:16:57.8220417Z [257/382] Building CXX object category/execution/CMakeFiles/monad_execution_ethereum.dir/ethereum/block_hash_history.cpp.o
differential	Build GCC and Clang release fuzzers	2026-08-23T20:16:59.2934573Z [258/382] Building CXX object category/execution/CMakeFiles/monad_execution_ethereum.dir/ethereum/block_reward.cpp.o
differential	Build GCC and Clang release fuzzers	2026-08-23T20:17:00.1820915Z [259/382] Building CXX object category/execution/CMakeFiles/monad_execution_ethereum.dir/ethereum/create_contract_address.cpp.o
differential	Build GCC and Clang release fuzzers	2026-08-23T20:17:05.9954461Z [260/382] Building CXX object category/execution/CMakeFiles/monad_execution_ethereum.dir/ethereum/dispatch_transaction.cpp.o
differential	Build GCC and Clang release fuzzers	2026-08-23T20:17:07.1944297Z [261/382] Building CXX object category/execution/CMakeFiles/monad_execution_ethereum.dir/ethereum/evmc_host.cpp.o
differential	Build GCC and Clang release fuzzers	2026-08-23T20:17:09.2497412Z [262/382] Building CXX object category/execution/CMakeFiles/monad_execution_ethereum.dir/ethereum/execute_block_header.cpp.o
differential	Build GCC and Clang release fuzzers	2026-08-23T20:17:20.4001128Z [263/382] Building CXX object category/execution/CMakeFiles/monad_execution_ethereum.dir/ethereum/execute_block.cpp.o
differential	Build GCC and Clang release fuzzers	2026-08-23T20:17:21.9625814Z [264/382] Building CXX object category/execution/CMakeFiles/monad_execution_ethereum.dir/ethereum/execute_message.cpp.o
differential	Build GCC and Clang release fuzzers	2026-08-23T20:17:22.9780655Z [265/382] Building CXX object category/execution/CMakeFiles/monad_execution_ethereum.dir/ethereum/process_requests.cpp.o
differential	Build GCC and Clang release fuzzers	2026-08-23T20:17:29.6533069Z [266/382] Building CXX object category/execution/CMakeFiles/monad_execution_ethereum.dir/ethereum/precompiles.cpp.o
differential	Build GCC and Clang release fuzzers	2026-08-23T20:17:29.8211288Z [267/382] Building CXX object category/execution/CMakeFiles/monad_execution_ethereum.dir/ethereum/execute_transaction.cpp.o
differential	Build GCC and Clang release fuzzers	2026-08-23T20:17:30.6482196Z [268/382] Building CXX object category/execution/CMakeFiles/monad_execution_ethereum.dir/ethereum/precompiles_bls12.cpp.o
differential	Build GCC and Clang release fuzzers	2026-08-23T20:17:31.8135435Z [269/382] Building CXX object category/execution/CMakeFiles/monad_execution_ethereum.dir/ethereum/precompiles_impl.cpp.o
differential	Build GCC and Clang release fuzzers	2026-08-23T20:17:34.9810199Z [270/382] Building CXX object category/execution/CMakeFiles/monad_execution_ethereum.dir/ethereum/reserve_balance.cpp.o
differential	Build GCC and Clang release fuzzers	2026-08-23T20:17:39.3316957Z [271/382] Building CXX object category/execution/CMakeFiles/monad_execution_ethereum.dir/ethereum/precompiles_gas_cost_impl.cpp.o
differential	Build GCC and Clang release fuzzers	2026-08-23T20:17:40.5122631Z [272/382] Building CXX object category/execution/CMakeFiles/monad_execution_ethereum.dir/ethereum/trace/event_trace.cpp.o
differential	Build GCC and Clang release fuzzers	2026-08-23T20:17:43.1697162Z [273/382] Building CXX object category/execution/CMakeFiles/monad_execution_ethereum.dir/ethereum/trace/call_frame.cpp.o
differential	Build GCC and Clang release fuzzers	2026-08-23T20:17:46.3866854Z [274/382] Building CXX object category/execution/CMakeFiles/monad_execution_ethereum.dir/ethereum/trace/call_tracer.cpp.o
differential	Build GCC and Clang release fuzzers	2026-08-23T20:17:46.6039700Z [275/382] Building CXX object category/execution/CMakeFiles/monad_execution_ethereum.dir/ethereum/trace/rlp/call_frame_rlp.cpp.o
differential	Build GCC and Clang release fuzzers	2026-08-23T20:17:48.2339586Z [276/382] Building CXX object category/execution/CMakeFiles/monad_execution_ethereum.dir/ethereum/transaction_gas.cpp.o
differential	Build GCC and Clang release fuzzers	2026-08-23T20:17:50.8153139Z [277/382] Building CXX object category/execution/CMakeFiles/monad_execution_ethereum.dir/ethereum/tx_context.cpp.o
differential	Build GCC and Clang release fuzzers	2026-08-23T20:17:51.9751338Z [278/382] Building CXX object category/execution/CMakeFiles/monad_execution_ethereum.dir/ethereum/validate_transaction_error.cpp.o
differential	Build GCC and Clang release fuzzers	2026-08-23T20:17:52.5698291Z [279/382] Building CXX object category/execution/CMakeFiles/monad_execution_ethereum.dir/ethereum/validate_block.cpp.o
differential	Build GCC and Clang release fuzzers	2026-08-23T20:17:56.8235984Z [280/382] Building CXX object category/execution/CMakeFiles/monad_execution_ethereum.dir/ethereum/rlp/execution_witness.cpp.o
differential	Build GCC and Clang release fuzzers	2026-08-23T20:17:57.8075947Z [281/382] Building CXX object category/execution/CMakeFiles/monad_execution_ethereum.dir/ethereum/validate_transaction.cpp.o
differential	Build GCC and Clang release fuzzers	2026-08-23T20:18:01.4116523Z [282/382] Building CXX object category/execution/CMakeFiles/monad_execution_ethereum.dir/ethereum/state3/account_state.cpp.o
differential	Build GCC and Clang release fuzzers	2026-08-23T20:18:02.3845216Z [283/382] Building CXX object category/execution/CMakeFiles/monad_execution_ethereum.dir/ethereum/trace/state_tracer.cpp.o
differential	Build GCC and Clang release fuzzers	2026-08-23T20:18:07.1605671Z [284/382] Building CXX object category/execution/CMakeFiles/monad_execution_native.dir/monad/db/commit_block_migration.cpp.o
differential	Build GCC and Clang release fuzzers	2026-08-23T20:18:09.1673950Z [285/382] Building CXX object category/execution/CMakeFiles/monad_execution_ethereum.dir/ethereum/state3/state.cpp.o
differential	Build GCC and Clang release fuzzers	2026-08-23T20:18:09.3463158Z [286/382] Building CXX object category/execution/CMakeFiles/monad_execution_ethereum.dir/ethereum/state2/block_state.cpp.o
differential	Build GCC and Clang release fuzzers	2026-08-23T20:18:09.4389834Z [287/382] Building CXX object category/execution/CMakeFiles/monad_execution_native.dir/monad/db/page_commit_builder.cpp.o
differential	Build GCC and Clang release fuzzers	2026-08-23T20:18:12.1683252Z [288/382] Building CXX object category/execution/CMakeFiles/monad_execution_native.dir/monad/db/state_machine_init.cpp.o
differential	Build GCC and Clang release fuzzers	2026-08-23T20:18:13.6741924Z [289/382] Building CXX object category/execution/CMakeFiles/monad_execution_native.dir/monad/chain/chain_factory.cpp.o
differential	Build GCC and Clang release fuzzers	2026-08-23T20:18:14.2912463Z [290/382] Building CXX object category/execution/CMakeFiles/monad_execution_native.dir/monad/db/storage_page.cpp.o
differential	Build GCC and Clang release fuzzers	2026-08-23T20:18:16.3335886Z [291/382] Building CXX object category/execution/CMakeFiles/monad_execution_native.dir/monad/chain/monad_devnet.cpp.o
differential	Build GCC and Clang release fuzzers	2026-08-23T20:18:17.7884186Z [292/382] Building CXX object category/execution/CMakeFiles/monad_execution_native.dir/monad/chain/monad_mainnet.cpp.o
differential	Build GCC and Clang release fuzzers	2026-08-23T20:18:18.2878156Z [293/382] Building CXX object category/execution/CMakeFiles/monad_execution_native.dir/monad/chain/monad_testnet.cpp.o
differential	Build GCC and Clang release fuzzers	2026-08-23T20:18:19.0435311Z [294/382] Building CXX object category/execution/CMakeFiles/monad_execution_native.dir/monad/chain/monad_chain.cpp.o
differential	Build GCC and Clang release fuzzers	2026-08-23T20:18:21.8783328Z [295/382] Building CXX object category/execution/CMakeFiles/monad_execution_native.dir/monad/event/record_consensus_events.cpp.o
differential	Build GCC and Clang release fuzzers	2026-08-23T20:18:21.9169815Z [296/382] Building CXX object category/execution/CMakeFiles/monad_execution_native.dir/monad/min_base_fee.cpp.o
differential	Build GCC and Clang release fuzzers	2026-08-23T20:18:23.4547212Z [297/382] Building CXX object category/execution/CMakeFiles/monad_execution_native.dir/monad/core/rlp/monad_block_rlp.cpp.o
differential	Build GCC and Clang release fuzzers	2026-08-23T20:18:27.4774416Z [298/382] Building CXX object category/execution/CMakeFiles/monad_execution_native.dir/monad/dispatch_transaction.cpp.o
differential	Build GCC and Clang release fuzzers	2026-08-23T20:18:30.8064185Z [299/382] Building CXX object category/execution/CMakeFiles/monad_execution_native.dir/monad/monad_transaction_gas.cpp.o
differential	Build GCC and Clang release fuzzers	2026-08-23T20:18:30.8515901Z [300/382] Building CXX object category/execution/CMakeFiles/monad_execution_native.dir/monad/monad_precompiles.cpp.o
differential	Build GCC and Clang release fuzzers	2026-08-23T20:18:31.7325672Z [301/382] Building CXX object category/execution/CMakeFiles/monad_execution_native.dir/monad/monad_precompiles_gas_cost_impl.cpp.o
differential	Build GCC and Clang release fuzzers	2026-08-23T20:18:31.7516428Z [302/382] Building CXX object category/execution/CMakeFiles/monad_execution_native.dir/monad/execute_system_transaction.cpp.o
differential	Build GCC and Clang release fuzzers	2026-08-23T20:18:39.7367201Z [303/382] Building CXX object category/execution/CMakeFiles/monad_execution_native.dir/monad/validate_monad_block.cpp.o
differential	Build GCC and Clang release fuzzers	2026-08-23T20:18:40.0646435Z [304/382] Building CXX object category/execution/CMakeFiles/monad_execution_native.dir/monad/validate_system_transaction.cpp.o
differential	Build GCC and Clang release fuzzers	2026-08-23T20:18:40.4125967Z [305/382] Building CXX object category/execution/CMakeFiles/monad_execution_native.dir/monad/reserve_balance/reserve_balance_error.cpp.o
differential	Build GCC and Clang release fuzzers	2026-08-23T20:18:41.1438221Z [306/382] Building CXX object category/execution/CMakeFiles/monad_execution_native.dir/monad/reserve_balance.cpp.o
differential	Build GCC and Clang release fuzzers	2026-08-23T20:18:41.2966772Z [307/382] Building CXX object category/execution/CMakeFiles/monad_execution_native.dir/monad/validate_monad_transaction.cpp.o
differential	Build GCC and Clang release fuzzers	2026-08-23T20:18:48.7919757Z [308/382] Building CXX object category/execution/CMakeFiles/monad_execution_native.dir/monad/staking/execute_block_prelude.cpp.o
differential	Build GCC and Clang release fuzzers	2026-08-23T20:18:49.1785465Z [309/382] Building CXX object category/execution/CMakeFiles/monad_execution_native.dir/monad/reserve_balance/reserve_balance_contract.cpp.o
differential	Build GCC and Clang release fuzzers	2026-08-23T20:18:51.4128687Z [310/382] Building CXX object category/execution/CMakeFiles/monad_execution_native.dir/monad/staking/priority_fee.cpp.o
differential	Build GCC and Clang release fuzzers	2026-08-23T20:19:04.0500478Z [311/382] Building CXX object category/execution/CMakeFiles/monad_execution_native.dir/monad/staking/read_valset.cpp.o
differential	Build GCC and Clang release fuzzers	2026-08-23T20:19:08.3706138Z [312/382] Building CXX object category/execution/CMakeFiles/monad_execution_native.dir/monad/staking/test/input_generation.cpp.o
differential	Build GCC and Clang release fuzzers	2026-08-23T20:19:12.1463075Z [313/382] Building CXX object category/execution/CMakeFiles/monad_execution_native.dir/monad/staking/util/bls.cpp.o
differential	Build GCC and Clang release fuzzers	2026-08-23T20:19:16.9838757Z [314/382] Building CXX object category/execution/CMakeFiles/monad_execution_native.dir/monad/staking/staking_contract.cpp.o
differential	Build GCC and Clang release fuzzers	2026-08-23T20:19:19.4678560Z [315/382] Building CXX object category/execution/CMakeFiles/monad_execution_native.dir/monad/staking/util/consensus_view.cpp.o
differential	Build GCC and Clang release fuzzers	2026-08-23T20:19:24.2710899Z [316/382] Building CXX object category/execution/CMakeFiles/monad_execution_native.dir/monad/staking/fuzzer/staking_contract_model.cpp.o
differential	Build GCC and Clang release fuzzers	2026-08-23T20:19:26.3657725Z [317/382] Building CXX object category/execution/CMakeFiles/monad_execution_native.dir/monad/staking/util/constants.cpp.o
differential	Build GCC and Clang release fuzzers	2026-08-23T20:19:26.7106150Z [318/382] Building CXX object category/execution/CMakeFiles/monad_execution_native.dir/monad/staking/util/staking_error.cpp.o
differential	Build GCC and Clang release fuzzers	2026-08-23T20:19:27.1924783Z [319/382] Building CXX object category/execution/CMakeFiles/monad_execution_native.dir/monad/staking/util/delegator.cpp.o
differential	Build GCC and Clang release fuzzers	2026-08-23T20:19:28.0095774Z [320/382] Building CXX object category/execution/CMakeFiles/monad_execution_native.dir/monad/staking/util/secp256k1.cpp.o
differential	Build GCC and Clang release fuzzers	2026-08-23T20:19:34.0800354Z [321/382] Building CXX object category/execution/CMakeFiles/monad_execution_runloop.dir/runloop/file_io.cpp.o
differential	Build GCC and Clang release fuzzers	2026-08-23T20:19:34.4288284Z [322/382] Building CXX object category/execution/CMakeFiles/monad_execution_native.dir/monad/staking/util/val_execution.cpp.o
differential	Build GCC and Clang release fuzzers	2026-08-23T20:19:44.8433973Z [323/382] Building CXX object category/execution/CMakeFiles/monad_execution_runloop.dir/runloop/runloop_ethereum.cpp.o
differential	Build GCC and Clang release fuzzers	2026-08-23T20:19:46.6948641Z [324/382] Building CXX object category/execution/CMakeFiles/monad_execution_native.dir/monad/staking/fuzzer/staking_contract_machine.cpp.o
differential	Build GCC and Clang release fuzzers	2026-08-23T20:19:51.1329195Z [325/382] Building CXX object category/rpc/CMakeFiles/monad_rpc.dir/chain_context_buffer.cpp.o
differential	Build GCC and Clang release fuzzers	2026-08-23T20:19:52.4496279Z [326/382] Building CXX object category/execution/CMakeFiles/monad_execution_runloop.dir/runloop/runloop_interface_monad.cpp.o
differential	Build GCC and Clang release fuzzers	2026-08-23T20:19:59.8362541Z [327/382] Building CXX object category/rpc/CMakeFiles/monad_rpc.dir/eth_simulate_block_hash_buffer.cpp.o
differential	Build GCC and Clang release fuzzers	2026-08-23T20:20:01.8169245Z [328/382] Building CXX object category/rpc/CMakeFiles/monad_rpc.dir/lazy_block_hash.cpp.o
differential	Build GCC and Clang release fuzzers	2026-08-23T20:20:03.5393167Z [329/382] Building CXX object category/execution/CMakeFiles/monad_execution_runloop.dir/runloop/runloop_monad_ethblocks.cpp.o
differential	Build GCC and Clang release fuzzers	2026-08-23T20:20:06.1753859Z [330/382] Building CXX object category/rpc/CMakeFiles/monad_rpc.dir/overrides.cpp.o
differential	Build GCC and Clang release fuzzers	2026-08-23T20:20:09.7572418Z [331/382] Building CXX object category/execution/CMakeFiles/monad_execution_runloop.dir/runloop/runloop_monad.cpp.o
differential	Build GCC and Clang release fuzzers	2026-08-23T20:20:17.4529181Z [332/382] Building CXX object category/statesync/CMakeFiles/monad_statesync.dir/statesync_client.cpp.o
differential	Build GCC and Clang release fuzzers	2026-08-23T20:20:20.9964873Z [333/382] Building CXX object category/statesync/CMakeFiles/monad_statesync.dir/statesync_client_context.cpp.o
differential	Build GCC and Clang release fuzzers	2026-08-23T20:20:24.2858277Z [334/382] Building CXX object category/statesync/CMakeFiles/monad_statesync.dir/statesync_protocol.cpp.o
differential	Build GCC and Clang release fuzzers	2026-08-23T20:20:30.4197055Z [335/382] Building CXX object category/statesync/CMakeFiles/monad_statesync.dir/statesync_server.cpp.o
differential	Build GCC and Clang release fuzzers	2026-08-23T20:20:30.4577128Z [336/382] Building CXX object category/statesync/CMakeFiles/monad_statesync.dir/statesync_version.cpp.o
differential	Build GCC and Clang release fuzzers	2026-08-23T20:20:38.5150870Z [337/382] Building CXX object category/statesync/CMakeFiles/monad_statesync.dir/statesync_server_context.cpp.o
differential	Build GCC and Clang release fuzzers	2026-08-23T20:20:39.3975559Z [338/382] Building CXX object category/vm/CMakeFiles/monad-vm.dir/compiler.cpp.o
differential	Build GCC and Clang release fuzzers	2026-08-23T20:20:40.3207817Z [339/382] Building CXX object category/vm/CMakeFiles/monad-vm.dir/memory_pool.cpp.o
differential	Build GCC and Clang release fuzzers	2026-08-23T20:20:40.5227079Z [340/382] Building CXX object category/statesync/CMakeFiles/monad_statesync.dir/statesync_thread.cpp.o
differential	Build GCC and Clang release fuzzers	2026-08-23T20:20:44.8701146Z [341/382] Building CXX object category/vm/compiler/CMakeFiles/monad-vm-compiler.dir/ir/basic_blocks.cpp.o
differential	Build GCC and Clang release fuzzers	2026-08-23T20:20:45.7529218Z [342/382] Building CXX object category/vm/CMakeFiles/monad-vm.dir/varcode_cache.cpp.o
differential	Build GCC and Clang release fuzzers	2026-08-23T20:20:49.8158672Z [343/382] Building CXX object category/vm/CMakeFiles/monad-vm.dir/vm.cpp.o
differential	Build GCC and Clang release fuzzers	2026-08-23T20:20:52.0415440Z [344/382] Building CXX object category/rpc/CMakeFiles/monad_rpc.dir/monad_executor.cpp.o
differential	Build GCC and Clang release fuzzers	2026-08-23T20:20:54.8678323Z [345/382] Building CXX object category/vm/evm/CMakeFiles/monad-vm-evm.dir/delegation.cpp.o
differential	Build GCC and Clang release fuzzers	2026-08-23T20:20:55.0279216Z [346/382] Building CXX object category/vm/evm/CMakeFiles/monad-vm-evm.dir/revision.cpp.o
differential	Build GCC and Clang release fuzzers	2026-08-23T20:20:55.1011709Z [347/382] Building ASM object category/vm/interpreter/CMakeFiles/monad-vm-interpreter.dir/entry.S.o
differential	Build GCC and Clang release fuzzers	2026-08-23T20:20:55.1823977Z [348/382] Building CXX object category/vm/compiler/CMakeFiles/monad-vm-compiler.dir/ir/x86/virtual_stack.cpp.o
differential	Build GCC and Clang release fuzzers	2026-08-23T20:20:55.2131065Z [349/382] Building CXX object category/vm/interpreter/CMakeFiles/monad-vm-interpreter.dir/instruction_stats.cpp.o
differential	Build GCC and Clang release fuzzers	2026-08-23T20:20:57.9179475Z [350/382] Building CXX object category/vm/interpreter/CMakeFiles/monad-vm-interpreter.dir/intercode.cpp.o
differential	Build GCC and Clang release fuzzers	2026-08-23T20:20:59.6031347Z [351/382] Building CXX object category/vm/compiler/CMakeFiles/monad-vm-compiler.dir/ir/x86.cpp.o
differential	Build GCC and Clang release fuzzers	2026-08-23T20:21:01.1909326Z [352/382] Building CXX object category/vm/runtime/CMakeFiles/monad-vm-runtime.dir/allocator.cpp.o
differential	Build GCC and Clang release fuzzers	2026-08-23T20:21:01.2684587Z [353/382] Building ASM object category/vm/runtime/CMakeFiles/monad-vm-runtime.dir/context.S.o
differential	Build GCC and Clang release fuzzers	2026-08-23T20:21:04.8081364Z [354/382] Building CXX object category/vm/runtime/CMakeFiles/monad-vm-runtime.dir/call.cpp.o
differential	Build GCC and Clang release fuzzers	2026-08-23T20:21:05.0806164Z [355/382] Building CXX object category/vm/compiler/CMakeFiles/monad-vm-compiler.dir/ir/x86/emitter.cpp.o
differential	Build GCC and Clang release fuzzers	2026-08-23T20:21:06.2031792Z [356/382] Building CXX object category/vm/runtime/CMakeFiles/monad-vm-runtime.dir/context.cpp.o
differential	Build GCC and Clang release fuzzers	2026-08-23T20:21:09.4431583Z [357/382] Building CXX object category/vm/runtime/CMakeFiles/monad-vm-runtime.dir/create.cpp.o
differential	Build GCC and Clang release fuzzers	2026-08-23T20:21:09.5163887Z [358/382] Building ASM object category/vm/runtime/CMakeFiles/monad-vm-runtime.dir/exit.S.o
differential	Build GCC and Clang release fuzzers	2026-08-23T20:21:10.0651280Z [359/382] Building CXX object category/vm/runtime/CMakeFiles/monad-vm-runtime.dir/environment.cpp.o
differential	Build GCC and Clang release fuzzers	2026-08-23T20:21:10.1297387Z [360/382] Building CXX object category/vm/runtime/CMakeFiles/monad-vm-runtime.dir/data.cpp.o
differential	Build GCC and Clang release fuzzers	2026-08-23T20:21:10.2031277Z [361/382] Building ASM object category/vm/runtime/CMakeFiles/monad-vm-runtime.dir/math.S.o
differential	Build GCC and Clang release fuzzers	2026-08-23T20:21:13.2597814Z [362/382] Building CXX object category/vm/runtime/CMakeFiles/monad-vm-runtime.dir/exit.cpp.o
differential	Build GCC and Clang release fuzzers	2026-08-23T20:21:14.1440187Z [363/382] Building CXX object category/vm/runtime/CMakeFiles/monad-vm-runtime.dir/selfdestruct.cpp.o
differential	Build GCC and Clang release fuzzers	2026-08-23T20:21:14.2188153Z [364/382] Building ASM object category/vm/runtime/CMakeFiles/monad-vm-runtime.dir/transmute.S.o
differential	Build GCC and Clang release fuzzers	2026-08-23T20:21:14.7837727Z [365/382] Building CXX object category/vm/runtime/CMakeFiles/monad-vm-runtime.dir/log.cpp.o
differential	Build GCC and Clang release fuzzers	2026-08-23T20:21:17.8297043Z [366/382] Building CXX object category/vm/runtime/CMakeFiles/monad-vm-runtime.dir/storage.cpp.o
differential	Build GCC and Clang release fuzzers	2026-08-23T20:21:18.3344333Z [367/382] Building CXX object category/vm/utils/CMakeFiles/monad-vm-utils.dir/debug.cpp.o
differential	Build GCC and Clang release fuzzers	2026-08-23T20:21:18.3800127Z [368/382] Linking CXX static library lib/libevmone.a
differential	Build GCC and Clang release fuzzers	2026-08-23T20:21:24.1853410Z [369/382] Building CXX object category/vm/utils/CMakeFiles/monad-vm-utils.dir/evm-as/compiler.cpp.o
differential	Build GCC and Clang release fuzzers	2026-08-23T20:21:24.5854563Z [370/382] Building CXX object category/vm/interpreter/CMakeFiles/monad-vm-interpreter.dir/execute.cpp.o
differential	Build GCC and Clang release fuzzers	2026-08-23T20:21:25.3341297Z [371/382] Building CXX object category/vm/utils/CMakeFiles/monad-vm-utils.dir/parser.cpp.o
differential	Build GCC and Clang release fuzzers	2026-08-23T20:21:25.4319886Z [372/382] Linking CXX static library libmonad_execution.a
differential	Build GCC and Clang release fuzzers	2026-08-23T20:21:28.2436353Z [373/382] Building CXX object category/vm/fuzzing/CMakeFiles/monad-vm-fuzzing.dir/generator/instruction_data.cpp.o
differential	Build GCC and Clang release fuzzers	2026-08-23T20:21:32.6587046Z [374/382] Building CXX object test/vm/vm/CMakeFiles/blockchain-test-vm.dir/test_vm.cpp.o
differential	Build GCC and Clang release fuzzers	2026-08-23T20:21:36.5034526Z [375/382] Building CXX object test/vm/fuzzer/CMakeFiles/monad-compiler-fuzzer.dir/assertions.cpp.o
differential	Build GCC and Clang release fuzzers	2026-08-23T20:21:36.5580311Z [376/382] Linking CXX static library test/vm/vm/libblockchain-test-vm.a
differential	Build GCC and Clang release fuzzers	2026-08-23T20:21:39.2296328Z [377/382] Building CXX object test/utils/CMakeFiles/monad-test-utils.dir/from_json.cpp.o
differential	Build GCC and Clang release fuzzers	2026-08-23T20:21:39.9942080Z [378/382] Building CXX object test/utils/CMakeFiles/monad-test-utils.dir/json_state.cpp.o
differential	Build GCC and Clang release fuzzers	2026-08-23T20:21:40.0243694Z [379/382] Linking CXX static library test/utils/libmonad-test-utils.a
differential	Build GCC and Clang release fuzzers	2026-08-23T20:21:59.2689762Z [380/382] Building CXX object test/vm/fuzzer/CMakeFiles/monad-compiler-fuzzer.dir/fuzzer.cpp.o
differential	Build GCC and Clang release fuzzers	2026-08-23T20:21:59.7004454Z [381/382] Linking CXX executable test/vm/fuzzer/monad-compiler-fuzzer
differential	Build GCC and Clang release fuzzers	2026-08-23T20:21:59.7640976Z -- The C compiler identification is GNU 15.2.0
differential	Build GCC and Clang release fuzzers	2026-08-23T20:21:59.8257346Z -- The CXX compiler identification is GNU 15.2.0
differential	Build GCC and Clang release fuzzers	2026-08-23T20:21:59.8334831Z -- Detecting C compiler ABI info
differential	Build GCC and Clang release fuzzers	2026-08-23T20:21:59.8802503Z -- Detecting C compiler ABI info - done
differential	Build GCC and Clang release fuzzers	2026-08-23T20:21:59.8939715Z -- Check for working C compiler: /usr/bin/gcc-15 - skipped
differential	Build GCC and Clang release fuzzers	2026-08-23T20:21:59.8943548Z -- Detecting C compile features
differential	Build GCC and Clang release fuzzers	2026-08-23T20:21:59.8948546Z -- Detecting C compile features - done
differential	Build GCC and Clang release fuzzers	2026-08-23T20:21:59.9081797Z -- Detecting CXX compiler ABI info
differential	Build GCC and Clang release fuzzers	2026-08-23T20:21:59.9646581Z -- Detecting CXX compiler ABI info - done
differential	Build GCC and Clang release fuzzers	2026-08-23T20:21:59.9787478Z -- Check for working CXX compiler: /usr/bin/g++-15 - skipped
differential	Build GCC and Clang release fuzzers	2026-08-23T20:21:59.9791737Z -- Detecting CXX compile features
differential	Build GCC and Clang release fuzzers	2026-08-23T20:21:59.9802183Z -- Detecting CXX compile features - done
differential	Build GCC and Clang release fuzzers	2026-08-23T20:22:00.0510627Z -- Found GTest: /usr/lib/x86_64-linux-gnu/cmake/GTest/GTestConfig.cmake (found version "1.17.0")
differential	Build GCC and Clang release fuzzers	2026-08-23T20:22:00.0550068Z -- Found PkgConfig: /usr/bin/pkg-config (found version "2.5.1")
differential	Build GCC and Clang release fuzzers	2026-08-23T20:22:00.0556630Z -- Checking for module 'gmock'
differential	Build GCC and Clang release fuzzers	2026-08-23T20:22:00.0654985Z --   Found gmock, version 1.17.0
differential	Build GCC and Clang release fuzzers	2026-08-23T20:22:00.1066604Z -- Checking for modules 'libbrotlienc;libbrotlidec'
differential	Build GCC and Clang release fuzzers	2026-08-23T20:22:00.1183794Z --   Found libbrotlienc, version 1.2.0
differential	Build GCC and Clang release fuzzers	2026-08-23T20:22:00.1264816Z --   Found libbrotlidec, version 1.2.0
differential	Build GCC and Clang release fuzzers	2026-08-23T20:22:00.1538783Z -- Checking for module 'libcrypto++'
differential	Build GCC and Clang release fuzzers	2026-08-23T20:22:00.1637966Z --   Found libcrypto++, version 8.9
differential	Build GCC and Clang release fuzzers	2026-08-23T20:22:00.1889155Z -- Checking for module 'libzstd'
differential	Build GCC and Clang release fuzzers	2026-08-23T20:22:00.1987139Z --   Found libzstd, version 1.5.7
differential	Build GCC and Clang release fuzzers	2026-08-23T20:22:00.2287198Z -- Performing Test __CxxFlag__fno_threadsafe_statics
differential	Build GCC and Clang release fuzzers	2026-08-23T20:22:00.2854686Z -- Performing Test __CxxFlag__fno_threadsafe_statics - Success
differential	Build GCC and Clang release fuzzers	2026-08-23T20:22:00.2861336Z -- Performing Test __CxxFlag__fno_semantic_interposition
differential	Build GCC and Clang release fuzzers	2026-08-23T20:22:00.3425195Z -- Performing Test __CxxFlag__fno_semantic_interposition - Success
differential	Build GCC and Clang release fuzzers	2026-08-23T20:22:00.3432651Z -- Performing Test __CxxFlag__fmerge_all_constants
differential	Build GCC and Clang release fuzzers	2026-08-23T20:22:00.3992151Z -- Performing Test __CxxFlag__fmerge_all_constants - Success
differential	Build GCC and Clang release fuzzers	2026-08-23T20:22:00.4000794Z -- Performing Test __CxxFlag__fno_enforce_eh_specs
differential	Build GCC and Clang release fuzzers	2026-08-23T20:22:00.4559283Z -- Performing Test __CxxFlag__fno_enforce_eh_specs - Success
differential	Build GCC and Clang release fuzzers	2026-08-23T20:22:00.4560649Z -- Dependency: adding libc (Linux, BSD, or other UNIX/POSIX environment)
differential	Build GCC and Clang release fuzzers	2026-08-23T20:22:00.4563896Z -- Performing Test ASMJIT_LIBC_HAS_LIBPTHREAD
differential	Build GCC and Clang release fuzzers	2026-08-23T20:22:00.5216988Z -- Dependency: libpthread provided by libc (not linking to libpthread)
differential	Build GCC and Clang release fuzzers	2026-08-23T20:22:00.5217872Z -- Performing Test ASMJIT_LIBC_HAS_LIBPTHREAD - Success
differential	Build GCC and Clang release fuzzers	2026-08-23T20:22:00.5218743Z -- Performing Test ASMJIT_LIBC_HAS_LIBRT
differential	Build GCC and Clang release fuzzers	2026-08-23T20:22:00.5813683Z -- Dependency: shm_open provided by libc (not linking to librt)
differential	Build GCC and Clang release fuzzers	2026-08-23T20:22:00.5814457Z -- Performing Test ASMJIT_LIBC_HAS_LIBRT - Success
differential	Build GCC and Clang release fuzzers	2026-08-23T20:22:00.5832883Z ** AsmJit Summary **
differential	Build GCC and Clang release fuzzers	2026-08-23T20:22:00.5833317Z    ASMJIT_DIR=/src/third_party/asmjit
differential	Build GCC and Clang release fuzzers	2026-08-23T20:22:00.5833785Z    ASMJIT_TEST=FALSE
differential	Build GCC and Clang release fuzzers	2026-08-23T20:22:00.5834148Z    ASMJIT_TARGET_TYPE=STATIC
differential	Build GCC and Clang release fuzzers	2026-08-23T20:22:00.5834546Z    ASMJIT_DEPS=c
differential	Build GCC and Clang release fuzzers	2026-08-23T20:22:00.5835169Z    ASMJIT_LIBS=asmjit;c
differential	Build GCC and Clang release fuzzers	2026-08-23T20:22:00.5835545Z    ASMJIT_CFLAGS=-DASMJIT_STATIC
differential	Build GCC and Clang release fuzzers	2026-08-23T20:22:00.5836539Z    ASMJIT_PRIVATE_CFLAGS=-Wall;-Wextra;-Wconversion;-fno-math-errno;-fno-threadsafe-statics;-fno-semantic-interposition;-DASMJIT_STATIC
differential	Build GCC and Clang release fuzzers	2026-08-23T20:22:00.5837603Z    ASMJIT_PRIVATE_CFLAGS_DBG=
differential	Build GCC and Clang release fuzzers	2026-08-23T20:22:00.5838251Z    ASMJIT_PRIVATE_CFLAGS_REL=-O2;-fmerge-all-constants;-fno-enforce-eh-specs
differential	Build GCC and Clang release fuzzers	2026-08-23T20:22:00.5872658Z CMake Deprecation Warning at third_party/BLAKE3/c/CMakeLists.txt:1 (cmake_minimum_required):
differential	Build GCC and Clang release fuzzers	2026-08-23T20:22:00.5873676Z   Compatibility with CMake < 3.10 will be removed from a future version of
differential	Build GCC and Clang release fuzzers	2026-08-23T20:22:00.5874321Z   CMake.
differential	Build GCC and Clang release fuzzers	2026-08-23T20:22:00.5874499Z 
differential	Build GCC and Clang release fuzzers	2026-08-23T20:22:00.5874832Z   Update the VERSION argument <min> value.  Or, use the <min>...<max> syntax
differential	Build GCC and Clang release fuzzers	2026-08-23T20:22:00.5875691Z   to tell CMake that the project requires at least <min> but has been updated
differential	Build GCC and Clang release fuzzers	2026-08-23T20:22:00.5876436Z   to work with policies introduced by <max> or earlier.
differential	Build GCC and Clang release fuzzers	2026-08-23T20:22:00.5876831Z 
differential	Build GCC and Clang release fuzzers	2026-08-23T20:22:00.5876838Z 
differential	Build GCC and Clang release fuzzers	2026-08-23T20:22:00.5936966Z -- The ASM compiler identification is GNU
differential	Build GCC and Clang release fuzzers	2026-08-23T20:22:00.5966443Z -- Found assembler: /usr/bin/gcc-15
differential	Build GCC and Clang release fuzzers	2026-08-23T20:22:00.6011874Z -- BLAKE3 SIMD configuration: x86_64
differential	Build GCC and Clang release fuzzers	2026-08-23T20:22:00.6030397Z -- 
differential	Build GCC and Clang release fuzzers	2026-08-23T20:22:00.6030974Z  * AMD64 assembly, The library uses hand written amd64 SIMD assembly.
differential	Build GCC and Clang release fuzzers	2026-08-23T20:22:00.6031314Z 
differential	Build GCC and Clang release fuzzers	2026-08-23T20:22:00.6073355Z CMake Deprecation Warning at third_party/concurrentqueue/CMakeLists.txt:1 (cmake_minimum_required):
differential	Build GCC and Clang release fuzzers	2026-08-23T20:22:00.6074277Z   Compatibility with CMake < 3.10 will be removed from a future version of
differential	Build GCC and Clang release fuzzers	2026-08-23T20:22:00.6074995Z   CMake.
differential	Build GCC and Clang release fuzzers	2026-08-23T20:22:00.6075186Z 
differential	Build GCC and Clang release fuzzers	2026-08-23T20:22:00.6075549Z   Update the VERSION argument <min> value.  Or, use the <min>...<max> syntax
differential	Build GCC and Clang release fuzzers	2026-08-23T20:22:00.6076429Z   to tell CMake that the project requires at least <min> but has been updated
differential	Build GCC and Clang release fuzzers	2026-08-23T20:22:00.6077193Z   to work with policies introduced by <max> or earlier.
differential	Build GCC and Clang release fuzzers	2026-08-23T20:22:00.6077605Z 
differential	Build GCC and Clang release fuzzers	2026-08-23T20:22:00.6077612Z 
differential	Build GCC and Clang release fuzzers	2026-08-23T20:22:00.6433744Z CMake Deprecation Warning at third_party/immer/CMakeLists.txt:2 (cmake_minimum_required):
differential	Build GCC and Clang release fuzzers	2026-08-23T20:22:00.6434664Z   Compatibility with CMake < 3.10 will be removed from a future version of
differential	Build GCC and Clang release fuzzers	2026-08-23T20:22:00.6435103Z   CMake.
differential	Build GCC and Clang release fuzzers	2026-08-23T20:22:00.6435224Z 
differential	Build GCC and Clang release fuzzers	2026-08-23T20:22:00.6435454Z   Update the VERSION argument <min> value.  Or, use the <min>...<max> syntax
differential	Build GCC and Clang release fuzzers	2026-08-23T20:22:00.6436020Z   to tell CMake that the project requires at least <min> but has been updated
differential	Build GCC and Clang release fuzzers	2026-08-23T20:22:00.6436503Z   to work with policies introduced by <max> or earlier.
differential	Build GCC and Clang release fuzzers	2026-08-23T20:22:00.6436770Z 
differential	Build GCC and Clang release fuzzers	2026-08-23T20:22:00.6436774Z 
differential	Build GCC and Clang release fuzzers	2026-08-23T20:22:00.6470512Z -- Found Threads: TRUE
differential	Build GCC and Clang release fuzzers	2026-08-23T20:22:00.6579131Z -- Found GC library: BOEHM_GC_LIBRARIES-NOTFOUND
differential	Build GCC and Clang release fuzzers	2026-08-23T20:22:00.6587776Z CMake Warning (dev) at /usr/share/cmake-4.2/Modules/FindPackageHandleStandardArgs.cmake:493 (message):
differential	Build GCC and Clang release fuzzers	2026-08-23T20:22:00.6588723Z   The package name passed to find_package_handle_standard_args() (Boehm_GC)
differential	Build GCC and Clang release fuzzers	2026-08-23T20:22:00.6590245Z   does not match the name of the calling package (BoehmGC).  This can lead to
differential	Build GCC and Clang release fuzzers	2026-08-23T20:22:00.6591153Z   problems in calling code that expects find_package() result variables
differential	Build GCC and Clang release fuzzers	2026-08-23T20:22:00.6591856Z   (e.g., `_FOUND`) to follow a certain pattern.
differential	Build GCC and Clang release fuzzers	2026-08-23T20:22:00.6592374Z Call Stack (most recent call first):
differential	Build GCC and Clang release fuzzers	2026-08-23T20:22:00.6592966Z   third_party/immer/cmake/FindBoehmGC.cmake:105 (FIND_PACKAGE_HANDLE_STANDARD_ARGS)
differential	Build GCC and Clang release fuzzers	2026-08-23T20:22:00.6593448Z   third_party/immer/CMakeLists.txt:73 (find_package)
differential	Build GCC and Clang release fuzzers	2026-08-23T20:22:00.6594073Z This warning is for project developers.  Use -Wno-dev to suppress it.
differential	Build GCC and Clang release fuzzers	2026-08-23T20:22:00.6594364Z 
differential	Build GCC and Clang release fuzzers	2026-08-23T20:22:00.6594571Z CMake Warning (dev) at third_party/immer/CMakeLists.txt:74 (find_package):
differential	Build GCC and Clang release fuzzers	2026-08-23T20:22:00.6595046Z   Policy CMP0167 is not set: The FindBoost module is removed.  Run "cmake
differential	Build GCC and Clang release fuzzers	2026-08-23T20:22:00.6595563Z   --help-policy CMP0167" for policy details.  Use the cmake_policy command to
differential	Build GCC and Clang release fuzzers	2026-08-23T20:22:00.6596109Z   set the policy and suppress this warning.
differential	Build GCC and Clang release fuzzers	2026-08-23T20:22:00.6596306Z 
differential	Build GCC and Clang release fuzzers	2026-08-23T20:22:00.6596496Z This warning is for project developers.  Use -Wno-dev to suppress it.
differential	Build GCC and Clang release fuzzers	2026-08-23T20:22:00.6596778Z 
differential	Build GCC and Clang release fuzzers	2026-08-23T20:22:00.6596976Z -- Could NOT find Boehm_GC (missing: BOEHM_GC_LIBRARIES BOEHM_GC_INCLUDE_DIR) 
differential	Build GCC and Clang release fuzzers	2026-08-23T20:22:00.6628892Z -- Found Boost: /usr/lib/x86_64-linux-gnu/cmake/Boost-1.83.0/BoostConfig.cmake (found suitable version "1.83.0", minimum required is "1.56")
differential	Build GCC and Clang release fuzzers	2026-08-23T20:22:00.6637553Z -- Could not find ccache
differential	Build GCC and Clang release fuzzers	2026-08-23T20:22:00.6862936Z -- [cable ] Cable 0.5.0 initialized
differential	Build GCC and Clang release fuzzers	2026-08-23T20:22:00.6888119Z -- x86_64 micro-architecture level: 2
differential	Build GCC and Clang release fuzzers	2026-08-23T20:22:00.7090787Z -- Found Git: /usr/bin/git (found version "2.53.0")
differential	Build GCC and Clang release fuzzers	2026-08-23T20:22:00.7237941Z CMake Deprecation Warning at third_party/nanobench/CMakeLists.txt:1 (cmake_minimum_required):
differential	Build GCC and Clang release fuzzers	2026-08-23T20:22:00.7239074Z   Compatibility with CMake < 3.10 will be removed from a future version of
differential	Build GCC and Clang release fuzzers	2026-08-23T20:22:00.7239567Z   CMake.
differential	Build GCC and Clang release fuzzers	2026-08-23T20:22:00.7239692Z 
differential	Build GCC and Clang release fuzzers	2026-08-23T20:22:00.7239936Z   Update the VERSION argument <min> value.  Or, use the <min>...<max> syntax
differential	Build GCC and Clang release fuzzers	2026-08-23T20:22:00.7240532Z   to tell CMake that the project requires at least <min> but has been updated
differential	Build GCC and Clang release fuzzers	2026-08-23T20:22:00.7241050Z   to work with policies introduced by <max> or earlier.
differential	Build GCC and Clang release fuzzers	2026-08-23T20:22:00.7241326Z 
differential	Build GCC and Clang release fuzzers	2026-08-23T20:22:00.7241330Z 
differential	Build GCC and Clang release fuzzers	2026-08-23T20:22:00.7311737Z -- Using the multi-header code from /src/third_party/nlohmann_json/include/
differential	Build GCC and Clang release fuzzers	2026-08-23T20:22:00.7351220Z -- QUILL_NO_EXCEPTIONS: OFF
differential	Build GCC and Clang release fuzzers	2026-08-23T20:22:00.7351739Z -- QUILL_NO_THREAD_NAME_SUPPORT: OFF
differential	Build GCC and Clang release fuzzers	2026-08-23T20:22:00.7352100Z -- QUILL_USE_SEQUENTIAL_THREAD_ID: OFF
differential	Build GCC and Clang release fuzzers	2026-08-23T20:22:00.7352445Z -- QUILL_X86ARCH: OFF
differential	Build GCC and Clang release fuzzers	2026-08-23T20:22:00.7352793Z -- QUILL_DISABLE_NON_PREFIXED_MACROS: OFF
differential	Build GCC and Clang release fuzzers	2026-08-23T20:22:00.7353132Z -- QUILL_DISABLE_FUNCTION_NAME: OFF
differential	Build GCC and Clang release fuzzers	2026-08-23T20:22:00.7353447Z -- QUILL_DETAILED_FUNCTION_NAME: OFF
differential	Build GCC and Clang release fuzzers	2026-08-23T20:22:00.7353764Z -- QUILL_DISABLE_FILE_INFO: OFF
differential	Build GCC and Clang release fuzzers	2026-08-23T20:22:00.7354075Z -- QUILL_ENABLE_ASSERTIONS: OFF
differential	Build GCC and Clang release fuzzers	2026-08-23T20:22:00.7354363Z -- QUILL_ENABLE_INSTALL: OFF
differential	Build GCC and Clang release fuzzers	2026-08-23T20:22:00.7354640Z -- QUILL_BUILD_MODULE: OFF
differential	Build GCC and Clang release fuzzers	2026-08-23T20:22:00.7369435Z -- GMP: /usr/lib/x86_64-linux-gnu/libgmp.so, /usr/include/x86_64-linux-gnu
differential	Build GCC and Clang release fuzzers	2026-08-23T20:22:00.7376726Z CMake Deprecation Warning at third_party/silkpre/third_party/libff/CMakeLists.txt:1 (cmake_minimum_required):
differential	Build GCC and Clang release fuzzers	2026-08-23T20:22:00.7377805Z   Compatibility with CMake < 3.10 will be removed from a future version of
differential	Build GCC and Clang release fuzzers	2026-08-23T20:22:00.7378665Z   CMake.
differential	Build GCC and Clang release fuzzers	2026-08-23T20:22:00.7379148Z 
differential	Build GCC and Clang release fuzzers	2026-08-23T20:22:00.7379454Z -- GMP: /usr/lib/x86_64-linux-gnu/libgmp.so, /usr/include/x86_64-linux-gnu
differential	Build GCC and Clang release fuzzers	2026-08-23T20:22:00.7380196Z   Update the VERSION argument <min> value.  Or, use the <min>...<max> syntax
differential	Build GCC and Clang release fuzzers	2026-08-23T20:22:00.7380932Z   to tell CMake that the project requires at least <min> but has been updated
differential	Build GCC and Clang release fuzzers	2026-08-23T20:22:00.7381477Z   to work with policies introduced by <max> or earlier.
differential	Build GCC and Clang release fuzzers	2026-08-23T20:22:00.7381772Z 
differential	Build GCC and Clang release fuzzers	2026-08-23T20:22:00.7381916Z 
differential	Build GCC and Clang release fuzzers	2026-08-23T20:22:00.7467839Z fatal: detected dubious ownership in repository at '/src'
differential	Build GCC and Clang release fuzzers	2026-08-23T20:22:00.7468489Z To add an exception for this directory, call:
differential	Build GCC and Clang release fuzzers	2026-08-23T20:22:00.7469046Z 
differential	Build GCC and Clang release fuzzers	2026-08-23T20:22:00.7469265Z 	git config --global --add safe.directory /src
differential	Build GCC and Clang release fuzzers	2026-08-23T20:22:00.7509039Z -- Checking for module 'libcap'
differential	Build GCC and Clang release fuzzers	2026-08-23T20:22:00.7618799Z --   Found libcap, version 2.75
differential	Build GCC and Clang release fuzzers	2026-08-23T20:22:00.7997868Z -- Performing Test BOOST_FIBER_LINKS_WITHOUT_ADDITIONAL_MACROS
differential	Build GCC and Clang release fuzzers	2026-08-23T20:22:01.1574843Z -- Performing Test BOOST_FIBER_LINKS_WITHOUT_ADDITIONAL_MACROS - Success
differential	Build GCC and Clang release fuzzers	2026-08-23T20:22:01.1764025Z -- Checking for module 'libarchive'
differential	Build GCC and Clang release fuzzers	2026-08-23T20:22:01.1879034Z --   Found libarchive, version 3.8.5
differential	Build GCC and Clang release fuzzers	2026-08-23T20:22:01.3181749Z -- Configuring done (1.6s)
differential	Build GCC and Clang release fuzzers	2026-08-23T20:22:02.0517242Z -- Generating done (0.7s)
differential	Build GCC and Clang release fuzzers	2026-08-23T20:22:02.0525494Z -- Build files have been written to: /src/build-gcc_o1
differential	Build GCC and Clang release fuzzers	2026-08-23T20:22:02.1151632Z [0/2] Re-checking globbed directories...
differential	Build GCC and Clang release fuzzers	2026-08-23T20:22:02.1761380Z [1/382] Scanning /src/third_party/evmone/lib/evmone_precompiles/blake2b.cpp for CXX dependencies
differential	Build GCC and Clang release fuzzers	2026-08-23T20:22:02.2665767Z [2/382] Scanning /src/third_party/evmone/lib/evmone_precompiles/pairing/bn254/pairing.cpp for CXX dependencies
differential	Build GCC and Clang release fuzzers	2026-08-23T20:22:02.2692605Z [3/382] Scanning /src/third_party/evmone/lib/evmone_precompiles/bn254.cpp for CXX dependencies
differential	Build GCC and Clang release fuzzers	2026-08-23T20:22:02.2884657Z [4/382] Scanning /src/third_party/evmone/lib/evmone_precompiles/modexp.cpp for CXX dependencies
differential	Build GCC and Clang release fuzzers	2026-08-23T20:22:02.3107362Z [5/382] Scanning /src/third_party/evmone/lib/evmone_precompiles/bls.cpp for CXX dependencies
differential	Build GCC and Clang release fuzzers	2026-08-23T20:22:02.3349233Z [6/382] Scanning /src/third_party/evmone/lib/evmone_precompiles/ripemd160.cpp for CXX dependencies
differential	Build GCC and Clang release fuzzers	2026-08-23T20:22:02.4035389Z [7/382] Scanning /src/third_party/evmone/lib/evmone_precompiles/secp256r1.cpp for CXX dependencies
differential	Build GCC and Clang release fuzzers	2026-08-23T20:22:02.4299841Z [8/382] Scanning /src/third_party/evmone/lib/evmone_precompiles/secp256k1.cpp for CXX dependencies
differential	Build GCC and Clang release fuzzers	2026-08-23T20:22:02.4393581Z [9/382] Building ASM object CMakeFiles/blst.dir/third_party/blst/build/assembly.S.o
differential	Build GCC and Clang release fuzzers	2026-08-23T20:22:02.4555125Z [10/382] Scanning /src/third_party/evmone/lib/evmone_precompiles/kzg.cpp for CXX dependencies
differential	Build GCC and Clang release fuzzers	2026-08-23T20:22:02.4833286Z [11/382] Scanning /src/third_party/evmone/lib/evmone_precompiles/sha256.cpp for CXX dependencies
differential	Build GCC and Clang release fuzzers	2026-08-23T20:22:02.4970280Z [12/382] Generating CXX dyndep file third_party/evmone/lib/evmone_precompiles/CMakeFiles/evmone_precompiles.dir/CXX.dd
differential	Build GCC and Clang release fuzzers	2026-08-23T20:22:02.5771144Z [13/382] Building C object third_party/ethash/lib/keccak/CMakeFiles/keccak.dir/keccak.c.o
differential	Build GCC and Clang release fuzzers	2026-08-23T20:22:02.6545751Z [14/382] Scanning /src/third_party/evmone/lib/evmone/advanced_analysis.cpp for CXX dependencies
differential	Build GCC and Clang release fuzzers	2026-08-23T20:22:02.6962934Z [15/382] Scanning /src/third_party/evmone/lib/evmone/advanced_execution.cpp for CXX dependencies
differential	Build GCC and Clang release fuzzers	2026-08-23T20:22:02.7584192Z [16/382] Scanning /src/third_party/evmone/lib/evmone/advanced_instructions.cpp for CXX dependencies
differential	Build GCC and Clang release fuzzers	2026-08-23T20:22:02.8044744Z [17/382] Scanning /src/third_party/evmone/lib/evmone/baseline_instruction_table.cpp for CXX dependencies
differential	Build GCC and Clang release fuzzers	2026-08-23T20:22:02.8339568Z [18/382] Scanning /src/third_party/evmone/lib/evmone/baseline_analysis.cpp for CXX dependencies
differential	Build GCC and Clang release fuzzers	2026-08-23T20:22:02.8431890Z [19/382] Scanning /src/third_party/evmone/lib/evmone/instruction_stats.cpp for CXX dependencies
differential	Build GCC and Clang release fuzzers	2026-08-23T20:22:02.9190050Z [20/382] Scanning /src/third_party/evmone/lib/evmone/baseline_execution.cpp for CXX dependencies
differential	Build GCC and Clang release fuzzers	2026-08-23T20:22:02.9557054Z [21/382] Scanning /src/third_party/evmone/lib/evmone/delegation.cpp for CXX dependencies
differential	Build GCC and Clang release fuzzers	2026-08-23T20:22:03.0259153Z [22/382] Scanning /src/third_party/evmone/lib/evmone/instructions_calls.cpp for CXX dependencies
differential	Build GCC and Clang release fuzzers	2026-08-23T20:22:03.1123327Z [23/382] Scanning /src/third_party/evmone/lib/evmone/instructions_storage.cpp for CXX dependencies
differential	Build GCC and Clang release fuzzers	2026-08-23T20:22:03.1412626Z [24/382] Scanning /src/third_party/evmone/lib/evmone/cpu_check.cpp for CXX dependencies
differential	Build GCC and Clang release fuzzers	2026-08-23T20:22:03.1455600Z [25/382] Scanning /src/third_party/evmone/lib/evmone/tracing.cpp for CXX dependencies
differential	Build GCC and Clang release fuzzers	2026-08-23T20:22:03.2040463Z [26/382] Scanning /src/third_party/evmone/lib/evmone/vm.cpp for CXX dependencies
differential	Build GCC and Clang release fuzzers	2026-08-23T20:22:03.9625362Z [27/382] Building CXX object third_party/silkpre/third_party/libff/libff/CMakeFiles/ff.dir/algebra/curves/alt_bn128/alt_bn128_g1.cpp.o
differential	Build GCC and Clang release fuzzers	2026-08-23T20:22:04.0336561Z [28/382] Building CXX object third_party/silkpre/third_party/libff/libff/CMakeFiles/ff.dir/algebra/curves/alt_bn128/alt_bn128_g2.cpp.o
differential	Build GCC and Clang release fuzzers	2026-08-23T20:22:04.3817430Z [29/382] Building C object CMakeFiles/blst.dir/third_party/blst/src/server.c.o
differential	Build GCC and Clang release fuzzers	2026-08-23T20:22:04.4843946Z [30/382] Building C object third_party/silkpre/CMakeFiles/secp256k1.dir/third_party/secp256k1/src/secp256k1.c.o
differential	Build GCC and Clang release fuzzers	2026-08-23T20:22:04.7260762Z [31/382] Building CXX object third_party/silkpre/third_party/libff/libff/CMakeFiles/ff.dir/algebra/curves/alt_bn128/alt_bn128_init.cpp.o
differential	Build GCC and Clang release fuzzers	2026-08-23T20:22:04.9591389Z [32/382] Building CXX object third_party/silkpre/third_party/libff/libff/CMakeFiles/ff.dir/algebra/curves/alt_bn128/alt_bn128_pp.cpp.o
differential	Build GCC and Clang release fuzzers	2026-08-23T20:22:05.0264788Z [33/382] Building CXX object third_party/silkpre/third_party/libff/libff/CMakeFiles/ff.dir/algebra/curves/alt_bn128/alt_bn128_pairing.cpp.o
differential	Build GCC and Clang release fuzzers	2026-08-23T20:22:05.3129148Z [34/382] Building CXX object third_party/silkpre/third_party/libff/libff/CMakeFiles/ff.dir/algebra/curves/edwards/edwards_g1.cpp.o
differential	Build GCC and Clang release fuzzers	2026-08-23T20:22:05.6126636Z [35/382] Building CXX object third_party/silkpre/third_party/libff/libff/CMakeFiles/ff.dir/algebra/curves/edwards/edwards_g2.cpp.o
differential	Build GCC and Clang release fuzzers	2026-08-23T20:22:05.6762973Z [36/382] Building CXX object third_party/silkpre/third_party/libff/libff/CMakeFiles/ff.dir/algebra/curves/edwards/edwards_init.cpp.o
differential	Build GCC and Clang release fuzzers	2026-08-23T20:22:05.8893288Z [37/382] Building CXX object third_party/silkpre/third_party/libff/libff/CMakeFiles/ff.dir/algebra/curves/edwards/edwards_pp.cpp.o
differential	Build GCC and Clang release fuzzers	2026-08-23T20:22:06.1579678Z [38/382] Building CXX object third_party/silkpre/third_party/libff/libff/CMakeFiles/ff.dir/algebra/curves/edwards/edwards_pairing.cpp.o
differential	Build GCC and Clang release fuzzers	2026-08-23T20:22:06.4821129Z [39/382] Building CXX object third_party/silkpre/third_party/libff/libff/CMakeFiles/ff.dir/algebra/curves/mnt/mnt4/mnt4_g1.cpp.o
differential	Build GCC and Clang release fuzzers	2026-08-23T20:22:06.5356579Z [40/382] Building CXX object third_party/silkpre/third_party/libff/libff/CMakeFiles/ff.dir/algebra/curves/mnt/mnt4/mnt4_g2.cpp.o
differential	Build GCC and Clang release fuzzers	2026-08-23T20:22:06.6146630Z [41/382] Building CXX object third_party/silkpre/third_party/libff/libff/CMakeFiles/ff.dir/algebra/curves/mnt/mnt4/mnt4_init.cpp.o
differential	Build GCC and Clang release fuzzers	2026-08-23T20:22:07.0732993Z [42/382] Building CXX object third_party/silkpre/third_party/libff/libff/CMakeFiles/ff.dir/algebra/curves/mnt/mnt46_common.cpp.o
differential	Build GCC and Clang release fuzzers	2026-08-23T20:22:07.0922934Z [43/382] Building CXX object third_party/silkpre/third_party/libff/libff/CMakeFiles/ff.dir/algebra/curves/mnt/mnt4/mnt4_pp.cpp.o
differential	Build GCC and Clang release fuzzers	2026-08-23T20:22:07.2988733Z [44/382] Building CXX object third_party/silkpre/third_party/libff/libff/CMakeFiles/ff.dir/algebra/curves/mnt/mnt4/mnt4_pairing.cpp.o
differential	Build GCC and Clang release fuzzers	2026-08-23T20:22:07.4749973Z [45/382] Building CXX object third_party/silkpre/third_party/libff/libff/CMakeFiles/ff.dir/algebra/curves/mnt/mnt6/mnt6_g1.cpp.o
differential	Build GCC and Clang release fuzzers	2026-08-23T20:22:07.8346039Z [46/382] Building CXX object third_party/silkpre/third_party/libff/libff/CMakeFiles/ff.dir/algebra/curves/mnt/mnt6/mnt6_init.cpp.o
differential	Build GCC and Clang release fuzzers	2026-08-23T20:22:07.9733405Z [47/382] Building CXX object third_party/silkpre/third_party/libff/libff/CMakeFiles/ff.dir/algebra/curves/mnt/mnt6/mnt6_g2.cpp.o
differential	Build GCC and Clang release fuzzers	2026-08-23T20:22:08.1083016Z [48/382] Building CXX object third_party/silkpre/third_party/libff/libff/CMakeFiles/ff.dir/algebra/curves/mnt/mnt6/mnt6_pp.cpp.o
differential	Build GCC and Clang release fuzzers	2026-08-23T20:22:08.4297338Z [49/382] Building CXX object third_party/silkpre/third_party/libff/libff/CMakeFiles/ff.dir/common/double.cpp.o
differential	Build GCC and Clang release fuzzers	2026-08-23T20:22:08.4817355Z [50/382] Linking C static library libblst.a
differential	Build GCC and Clang release fuzzers	2026-08-23T20:22:08.4856590Z [51/382] Building CXX object third_party/silkpre/third_party/libff/libff/CMakeFiles/ff.dir/algebra/curves/mnt/mnt6/mnt6_pairing.cpp.o
differential	Build GCC and Clang release fuzzers	2026-08-23T20:22:08.5919030Z [52/382] Building CXX object third_party/silkpre/third_party/libff/libff/CMakeFiles/ff.dir/common/utils.cpp.o
differential	Build GCC and Clang release fuzzers	2026-08-23T20:22:08.9423852Z [53/382] Building CXX object third_party/asmjit/CMakeFiles/asmjit.dir/src/asmjit/core/archtraits.cpp.o
differential	Build GCC and Clang release fuzzers	2026-08-23T20:22:09.0039288Z [54/382] Building CXX object third_party/asmjit/CMakeFiles/asmjit.dir/src/asmjit/core/assembler.cpp.o
differential	Build GCC and Clang release fuzzers	2026-08-23T20:22:09.0318617Z [55/382] Building CXX object third_party/silkpre/third_party/libff/libff/CMakeFiles/ff.dir/common/profiling.cpp.o
differential	Build GCC and Clang release fuzzers	2026-08-23T20:22:09.3689142Z [56/382] Building CXX object third_party/asmjit/CMakeFiles/asmjit.dir/src/asmjit/core/codewriter.cpp.o
differential	Build GCC and Clang release fuzzers	2026-08-23T20:22:09.3873984Z [57/382] Building CXX object third_party/asmjit/CMakeFiles/asmjit.dir/src/asmjit/core/builder.cpp.o
differential	Build GCC and Clang release fuzzers	2026-08-23T20:22:09.6684622Z [58/382] Building CXX object third_party/asmjit/CMakeFiles/asmjit.dir/src/asmjit/core/constpool.cpp.o
differential	Build GCC and Clang release fuzzers	2026-08-23T20:22:09.7160150Z [59/382] Building CXX object third_party/asmjit/CMakeFiles/asmjit.dir/src/asmjit/core/compiler.cpp.o
differential	Build GCC and Clang release fuzzers	2026-08-23T20:22:09.8105414Z [60/382] Building CXX object third_party/asmjit/CMakeFiles/asmjit.dir/src/asmjit/core/codeholder.cpp.o
differential	Build GCC and Clang release fuzzers	2026-08-23T20:22:09.8558117Z [61/382] Building CXX object third_party/asmjit/CMakeFiles/asmjit.dir/src/asmjit/core/cpuinfo.cpp.o
differential	Build GCC and Clang release fuzzers	2026-08-23T20:22:10.0411170Z [62/382] Building CXX object third_party/asmjit/CMakeFiles/asmjit.dir/src/asmjit/core/environment.cpp.o
differential	Build GCC and Clang release fuzzers	2026-08-23T20:22:10.1400379Z [63/382] Building CXX object third_party/asmjit/CMakeFiles/asmjit.dir/src/asmjit/core/emithelper.cpp.o
differential	Build GCC and Clang release fuzzers	2026-08-23T20:22:10.1423333Z [64/382] Building CXX object third_party/asmjit/CMakeFiles/asmjit.dir/src/asmjit/core/emitter.cpp.o
differential	Build GCC and Clang release fuzzers	2026-08-23T20:22:10.1495135Z [65/382] Building CXX object third_party/asmjit/CMakeFiles/asmjit.dir/src/asmjit/core/errorhandler.cpp.o
differential	Build GCC and Clang release fuzzers	2026-08-23T20:22:10.1687547Z [66/382] Building CXX object third_party/asmjit/CMakeFiles/asmjit.dir/src/asmjit/core/emitterutils.cpp.o
differential	Build GCC and Clang release fuzzers	2026-08-23T20:22:10.2961868Z [67/382] Building CXX object third_party/asmjit/CMakeFiles/asmjit.dir/src/asmjit/core/globals.cpp.o
differential	Build GCC and Clang release fuzzers	2026-08-23T20:22:10.5148663Z [68/382] Building CXX object third_party/asmjit/CMakeFiles/asmjit.dir/src/asmjit/core/func.cpp.o
differential	Build GCC and Clang release fuzzers	2026-08-23T20:22:10.5433306Z [69/382] Building CXX object third_party/asmjit/CMakeFiles/asmjit.dir/src/asmjit/core/inst.cpp.o
differential	Build GCC and Clang release fuzzers	2026-08-23T20:22:10.5819932Z [70/382] Building CXX object third_party/asmjit/CMakeFiles/asmjit.dir/src/asmjit/core/funcargscontext.cpp.o
differential	Build GCC and Clang release fuzzers	2026-08-23T20:22:10.6935183Z [71/382] Building CXX object third_party/asmjit/CMakeFiles/asmjit.dir/src/asmjit/core/formatter.cpp.o
differential	Build GCC and Clang release fuzzers	2026-08-23T20:22:10.8085122Z [72/382] Building CXX object third_party/asmjit/CMakeFiles/asmjit.dir/src/asmjit/core/instdb.cpp.o
differential	Build GCC and Clang release fuzzers	2026-08-23T20:22:10.8902218Z [73/382] Building CXX object third_party/asmjit/CMakeFiles/asmjit.dir/src/asmjit/core/jitruntime.cpp.o
differential	Build GCC and Clang release fuzzers	2026-08-23T20:22:10.9530081Z [74/382] Building CXX object third_party/asmjit/CMakeFiles/asmjit.dir/src/asmjit/core/logger.cpp.o
differential	Build GCC and Clang release fuzzers	2026-08-23T20:22:10.9692965Z [75/382] Building CXX object third_party/asmjit/CMakeFiles/asmjit.dir/src/asmjit/core/operand.cpp.o
differential	Build GCC and Clang release fuzzers	2026-08-23T20:22:11.0618474Z [76/382] Building CXX object third_party/asmjit/CMakeFiles/asmjit.dir/src/asmjit/core/osutils.cpp.o
differential	Build GCC and Clang release fuzzers	2026-08-23T20:22:11.2835638Z [77/382] Building CXX object third_party/asmjit/CMakeFiles/asmjit.dir/src/asmjit/core/jitallocator.cpp.o
differential	Build GCC and Clang release fuzzers	2026-08-23T20:22:11.4354615Z [78/382] Building CXX object third_party/asmjit/CMakeFiles/asmjit.dir/src/asmjit/core/rastack.cpp.o
differential	Build GCC and Clang release fuzzers	2026-08-23T20:22:11.5568368Z [79/382] Building CXX object third_party/asmjit/CMakeFiles/asmjit.dir/src/asmjit/core/support.cpp.o
differential	Build GCC and Clang release fuzzers	2026-08-23T20:22:11.5856749Z [80/382] Building CXX object third_party/asmjit/CMakeFiles/asmjit.dir/src/asmjit/core/string.cpp.o
differential	Build GCC and Clang release fuzzers	2026-08-23T20:22:11.7851843Z [81/382] Building CXX object third_party/asmjit/CMakeFiles/asmjit.dir/src/asmjit/core/target.cpp.o
differential	Build GCC and Clang release fuzzers	2026-08-23T20:22:11.8093078Z [82/382] Building CXX object third_party/asmjit/CMakeFiles/asmjit.dir/src/asmjit/core/type.cpp.o
differential	Build GCC and Clang release fuzzers	2026-08-23T20:22:12.0340763Z [83/382] Building CXX object third_party/asmjit/CMakeFiles/asmjit.dir/src/asmjit/core/zone.cpp.o
differential	Build GCC and Clang release fuzzers	2026-08-23T20:22:12.0530406Z [84/382] Building CXX object third_party/asmjit/CMakeFiles/asmjit.dir/src/asmjit/core/ralocal.cpp.o
differential	Build GCC and Clang release fuzzers	2026-08-23T20:22:12.1353250Z [85/382] Building CXX object third_party/asmjit/CMakeFiles/asmjit.dir/src/asmjit/core/virtmem.cpp.o
differential	Build GCC and Clang release fuzzers	2026-08-23T20:22:12.1791735Z [86/382] Building CXX object third_party/asmjit/CMakeFiles/asmjit.dir/src/asmjit/core/zonelist.cpp.o
differential	Build GCC and Clang release fuzzers	2026-08-23T20:22:12.2084923Z [87/382] Building CXX object third_party/asmjit/CMakeFiles/asmjit.dir/src/asmjit/core/zonehash.cpp.o
differential	Build GCC and Clang release fuzzers	2026-08-23T20:22:12.2954292Z [88/382] Building CXX object third_party/asmjit/CMakeFiles/asmjit.dir/src/asmjit/core/zonestack.cpp.o
differential	Build GCC and Clang release fuzzers	2026-08-23T20:22:12.3195515Z [89/382] Building CXX object third_party/asmjit/CMakeFiles/asmjit.dir/src/asmjit/core/zonetree.cpp.o
differential	Build GCC and Clang release fuzzers	2026-08-23T20:22:12.4534781Z [90/382] Building CXX object third_party/asmjit/CMakeFiles/asmjit.dir/src/asmjit/core/zonevector.cpp.o
differential	Build GCC and Clang release fuzzers	2026-08-23T20:22:12.8118253Z [91/382] Building CXX object third_party/asmjit/CMakeFiles/asmjit.dir/src/asmjit/arm/armformatter.cpp.o
differential	Build GCC and Clang release fuzzers	2026-08-23T20:22:12.8183462Z [92/382] Building CXX object third_party/asmjit/CMakeFiles/asmjit.dir/src/asmjit/core/rapass.cpp.o
differential	Build GCC and Clang release fuzzers	2026-08-23T20:22:12.9520177Z [93/382] Building CXX object third_party/asmjit/CMakeFiles/asmjit.dir/src/asmjit/arm/a64builder.cpp.o
differential	Build GCC and Clang release fuzzers	2026-08-23T20:22:13.3528631Z [94/382] Building CXX object third_party/asmjit/CMakeFiles/asmjit.dir/src/asmjit/arm/a64formatter.cpp.o
differential	Build GCC and Clang release fuzzers	2026-08-23T20:22:13.3834928Z [95/382] Building CXX object third_party/asmjit/CMakeFiles/asmjit.dir/src/asmjit/arm/a64compiler.cpp.o
differential	Build GCC and Clang release fuzzers	2026-08-23T20:22:13.5280777Z [96/382] Building CXX object third_party/asmjit/CMakeFiles/asmjit.dir/src/asmjit/arm/a64emithelper.cpp.o
differential	Build GCC and Clang release fuzzers	2026-08-23T20:22:13.7013927Z [97/382] Building CXX object third_party/asmjit/CMakeFiles/asmjit.dir/src/asmjit/arm/a64func.cpp.o
differential	Build GCC and Clang release fuzzers	2026-08-23T20:22:13.7965507Z [98/382] Building CXX object third_party/asmjit/CMakeFiles/asmjit.dir/src/asmjit/arm/a64instapi.cpp.o
differential	Build GCC and Clang release fuzzers	2026-08-23T20:22:13.9079759Z [99/382] Building CXX object third_party/asmjit/CMakeFiles/asmjit.dir/src/asmjit/arm/a64instdb.cpp.o
differential	Build GCC and Clang release fuzzers	2026-08-23T20:22:13.9575430Z [100/382] Building CXX object third_party/asmjit/CMakeFiles/asmjit.dir/src/asmjit/arm/a64operand.cpp.o
differential	Build GCC and Clang release fuzzers	2026-08-23T20:22:14.9323060Z [101/382] Building CXX object third_party/asmjit/CMakeFiles/asmjit.dir/src/asmjit/arm/a64assembler.cpp.o
differential	Build GCC and Clang release fuzzers	2026-08-23T20:22:15.1101950Z [102/382] Building CXX object third_party/asmjit/CMakeFiles/asmjit.dir/src/asmjit/arm/a64rapass.cpp.o
differential	Build GCC and Clang release fuzzers	2026-08-23T20:22:15.7944401Z [103/382] Building CXX object third_party/asmjit/CMakeFiles/asmjit.dir/src/asmjit/x86/x86builder.cpp.o
differential	Build GCC and Clang release fuzzers	2026-08-23T20:22:16.4930610Z [104/382] Building CXX object third_party/asmjit/CMakeFiles/asmjit.dir/src/asmjit/x86/x86formatter.cpp.o
differential	Build GCC and Clang release fuzzers	2026-08-23T20:22:16.8556867Z [105/382] Building CXX object third_party/asmjit/CMakeFiles/asmjit.dir/src/asmjit/x86/x86compiler.cpp.o
differential	Build GCC and Clang release fuzzers	2026-08-23T20:22:17.0644677Z [106/382] Building CXX object third_party/asmjit/CMakeFiles/asmjit.dir/src/asmjit/x86/x86emithelper.cpp.o
differential	Build GCC and Clang release fuzzers	2026-08-23T20:22:17.5420099Z [107/382] Building CXX object third_party/asmjit/CMakeFiles/asmjit.dir/src/asmjit/x86/x86instdb.cpp.o
differential	Build GCC and Clang release fuzzers	2026-08-23T20:22:17.8347842Z [108/382] Building CXX object third_party/asmjit/CMakeFiles/asmjit.dir/src/asmjit/x86/x86operand.cpp.o
differential	Build GCC and Clang release fuzzers	2026-08-23T20:22:17.9408341Z [109/382] Building CXX object third_party/asmjit/CMakeFiles/asmjit.dir/src/asmjit/x86/x86assembler.cpp.o
differential	Build GCC and Clang release fuzzers	2026-08-23T20:22:18.1530125Z [110/382] Building CXX object third_party/asmjit/CMakeFiles/asmjit.dir/src/asmjit/x86/x86instapi.cpp.o
differential	Build GCC and Clang release fuzzers	2026-08-23T20:22:18.1935650Z [111/382] Building CXX object third_party/asmjit/CMakeFiles/asmjit.dir/src/asmjit/x86/x86func.cpp.o
differential	Build GCC and Clang release fuzzers	2026-08-23T20:22:18.2038517Z [112/382] Building C object third_party/BLAKE3/c/CMakeFiles/blake3.dir/blake3.c.o
differential	Build GCC and Clang release fuzzers	2026-08-23T20:22:18.2255122Z [113/382] Building ASM object third_party/BLAKE3/c/CMakeFiles/blake3.dir/blake3_avx2_x86-64_unix.S.o
differential	Build GCC and Clang release fuzzers	2026-08-23T20:22:18.2531780Z [114/382] Building ASM object third_party/BLAKE3/c/CMakeFiles/blake3.dir/blake3_avx512_x86-64_unix.S.o
differential	Build GCC and Clang release fuzzers	2026-08-23T20:22:18.2714474Z [115/382] Building ASM object third_party/BLAKE3/c/CMakeFiles/blake3.dir/blake3_sse2_x86-64_unix.S.o
differential	Build GCC and Clang release fuzzers	2026-08-23T20:22:18.2890120Z [116/382] Building ASM object third_party/BLAKE3/c/CMakeFiles/blake3.dir/blake3_sse41_x86-64_unix.S.o
differential	Build GCC and Clang release fuzzers	2026-08-23T20:22:18.4448437Z [117/382] Building C object third_party/BLAKE3/c/CMakeFiles/blake3.dir/blake3_portable.c.o
differential	Build GCC and Clang release fuzzers	2026-08-23T20:22:18.6342007Z [118/382] Building CXX object third_party/c-kzg-4844-builder/CMakeFiles/c-kzg-4844.dir/trusted_setup.cpp.o
differential	Build GCC and Clang release fuzzers	2026-08-23T20:22:18.6843494Z [119/382] Linking C static library third_party/ethash/lib/keccak/libkeccak.a
differential	Build GCC and Clang release fuzzers	2026-08-23T20:22:18.6996882Z [120/382] Building C object third_party/BLAKE3/c/CMakeFiles/blake3.dir/blake3_dispatch.c.o
differential	Build GCC and Clang release fuzzers	2026-08-23T20:22:18.7996881Z [121/382] Building C object third_party/c-kzg-4844-builder/CMakeFiles/c-kzg-4844.dir/__/c-kzg-4844/src/ckzg.c.o
differential	Build GCC and Clang release fuzzers	2026-08-23T20:22:19.7474280Z [122/382] Building CXX object third_party/fiber/CMakeFiles/boost_fiber.dir/src/algo/algorithm.cpp.o
differential	Build GCC and Clang release fuzzers	2026-08-23T20:22:19.8383914Z [123/382] Building CXX object third_party/fiber/CMakeFiles/boost_fiber.dir/src/algo/round_robin.cpp.o
differential	Build GCC and Clang release fuzzers	2026-08-23T20:22:20.0645797Z [124/382] Building CXX object third_party/fiber/CMakeFiles/boost_fiber.dir/src/algo/shared_work.cpp.o
differential	Build GCC and Clang release fuzzers	2026-08-23T20:22:20.8322892Z [125/382] Building CXX object third_party/asmjit/CMakeFiles/asmjit.dir/src/asmjit/x86/x86rapass.cpp.o
differential	Build GCC and Clang release fuzzers	2026-08-23T20:22:21.0245545Z [126/382] Building CXX object third_party/fiber/CMakeFiles/boost_fiber.dir/src/barrier.cpp.o
differential	Build GCC and Clang release fuzzers	2026-08-23T20:22:21.0321959Z [127/382] Building CXX object third_party/fiber/CMakeFiles/boost_fiber.dir/src/algo/work_stealing.cpp.o
differential	Build GCC and Clang release fuzzers	2026-08-23T20:22:21.2125533Z [128/382] Building CXX object third_party/fiber/CMakeFiles/boost_fiber.dir/src/condition_variable.cpp.o
differential	Build GCC and Clang release fuzzers	2026-08-23T20:22:21.5501313Z [129/382] Building CXX object third_party/fiber/CMakeFiles/boost_fiber.dir/src/future.cpp.o
differential	Build GCC and Clang release fuzzers	2026-08-23T20:22:22.1675239Z [130/382] Building CXX object third_party/fiber/CMakeFiles/boost_fiber.dir/src/fiber.cpp.o
differential	Build GCC and Clang release fuzzers	2026-08-23T20:22:22.2982362Z [131/382] Building CXX object third_party/fiber/CMakeFiles/boost_fiber.dir/src/context.cpp.o
differential	Build GCC and Clang release fuzzers	2026-08-23T20:22:22.4331837Z [132/382] Building CXX object third_party/fiber/CMakeFiles/boost_fiber.dir/src/mutex.cpp.o
differential	Build GCC and Clang release fuzzers	2026-08-23T20:22:22.6638934Z [133/382] Building CXX object third_party/fiber/CMakeFiles/boost_fiber.dir/src/properties.cpp.o
differential	Build GCC and Clang release fuzzers	2026-08-23T20:22:23.3544980Z [134/382] Building CXX object third_party/fiber/CMakeFiles/boost_fiber.dir/src/recursive_mutex.cpp.o
differential	Build GCC and Clang release fuzzers	2026-08-23T20:22:23.4815098Z [135/382] Building CXX object third_party/fiber/CMakeFiles/boost_fiber.dir/src/recursive_timed_mutex.cpp.o
differential	Build GCC and Clang release fuzzers	2026-08-23T20:22:23.6332720Z [136/382] Building CXX object third_party/evmone/lib/evmone_precompiles/CMakeFiles/evmone_precompiles.dir/blake2b.cpp.o
differential	Build GCC and Clang release fuzzers	2026-08-23T20:22:23.7869592Z [137/382] Building CXX object third_party/fiber/CMakeFiles/boost_fiber.dir/src/scheduler.cpp.o
differential	Build GCC and Clang release fuzzers	2026-08-23T20:22:23.8852242Z [138/382] Building CXX object third_party/fiber/CMakeFiles/boost_fiber.dir/src/timed_mutex.cpp.o
differential	Build GCC and Clang release fuzzers	2026-08-23T20:22:23.8988658Z [139/382] Building C object third_party/evmone/lib/evmone_precompiles/CMakeFiles/evmone_precompiles.dir/keccak.c.o
differential	Build GCC and Clang release fuzzers	2026-08-23T20:22:24.5382747Z [140/382] Building CXX object third_party/fiber/CMakeFiles/boost_fiber.dir/src/waker.cpp.o
differential	Build GCC and Clang release fuzzers	2026-08-23T20:22:24.7170413Z [141/382] Building CXX object third_party/evmone/lib/evmone_precompiles/CMakeFiles/evmone_precompiles.dir/bls.cpp.o
differential	Build GCC and Clang release fuzzers	2026-08-23T20:22:24.7620778Z [142/382] Building CXX object third_party/evmone/lib/evmone_precompiles/CMakeFiles/evmone_precompiles.dir/bn254.cpp.o
differential	Build GCC and Clang release fuzzers	2026-08-23T20:22:25.5735835Z [143/382] Building CXX object third_party/evmone/lib/evmone_precompiles/CMakeFiles/evmone_precompiles.dir/ripemd160.cpp.o
differential	Build GCC and Clang release fuzzers	2026-08-23T20:22:26.2743624Z [144/382] Building CXX object third_party/evmone/lib/evmone_precompiles/CMakeFiles/evmone_precompiles.dir/secp256k1.cpp.o
differential	Build GCC and Clang release fuzzers	2026-08-23T20:22:26.6410284Z [145/382] Building CXX object third_party/evmone/lib/evmone_precompiles/CMakeFiles/evmone_precompiles.dir/modexp.cpp.o
differential	Build GCC and Clang release fuzzers	2026-08-23T20:22:26.8296415Z [146/382] Building CXX object third_party/evmone/lib/evmone_precompiles/CMakeFiles/evmone_precompiles.dir/secp256r1.cpp.o
differential	Build GCC and Clang release fuzzers	2026-08-23T20:22:26.8447188Z [147/382] Generating CXX dyndep file third_party/evmone/lib/evmone/CMakeFiles/evmone.dir/CXX.dd
differential	Build GCC and Clang release fuzzers	2026-08-23T20:22:26.8957872Z [148/382] Linking C static library third_party/silkpre/libsecp256k1.a
differential	Build GCC and Clang release fuzzers	2026-08-23T20:22:26.9760223Z [149/382] Linking CXX static library third_party/silkpre/third_party/libff/libff/libff.a
differential	Build GCC and Clang release fuzzers	2026-08-23T20:22:27.0418375Z [150/382] Building C object third_party/silkpre/lib/CMakeFiles/silkpre.dir/silkpre/blake2b.c.o
differential	Build GCC and Clang release fuzzers	2026-08-23T20:22:27.0825713Z [151/382] Building C object third_party/silkpre/lib/CMakeFiles/silkpre.dir/silkpre/ecdsa.c.o
differential	Build GCC and Clang release fuzzers	2026-08-23T20:22:27.2615331Z [152/382] Building CXX object third_party/evmone/lib/evmone_precompiles/CMakeFiles/evmone_precompiles.dir/pairing/bn254/pairing.cpp.o
differential	Build GCC and Clang release fuzzers	2026-08-23T20:22:27.2950886Z [153/382] Building CXX object third_party/evmone/lib/evmone_precompiles/CMakeFiles/evmone_precompiles.dir/sha256.cpp.o
differential	Build GCC and Clang release fuzzers	2026-08-23T20:22:27.3026184Z [154/382] Building CXX object third_party/evmone/lib/evmone_precompiles/CMakeFiles/evmone_precompiles.dir/kzg.cpp.o
differential	Build GCC and Clang release fuzzers	2026-08-23T20:22:27.4128358Z [155/382] Building C object third_party/silkpre/lib/CMakeFiles/silkpre.dir/silkpre/rmd160.c.o
differential	Build GCC and Clang release fuzzers	2026-08-23T20:22:27.5789530Z [156/382] Building C object third_party/silkpre_vendor/CMakeFiles/monad_crypto.dir/src/silkpre_vendor/rmd160.c.o
differential	Build GCC and Clang release fuzzers	2026-08-23T20:22:27.8506860Z [157/382] Building CXX object third_party/silkpre/lib/CMakeFiles/silkpre.dir/silkpre/secp256k1n.cpp.o
differential	Build GCC and Clang release fuzzers	2026-08-23T20:22:27.9153327Z [158/382] Building C object third_party/silkpre_vendor/CMakeFiles/monad_crypto.dir/src/silkpre_vendor/blake2b.c.o
differential	Build GCC and Clang release fuzzers	2026-08-23T20:22:27.9969613Z [159/382] Linking CXX static library third_party/asmjit/libasmjit.a
differential	Build GCC and Clang release fuzzers	2026-08-23T20:22:28.0048040Z [160/382] Building C object third_party/silkpre/lib/CMakeFiles/silkpre.dir/silkpre/sha256.c.o
differential	Build GCC and Clang release fuzzers	2026-08-23T20:22:28.0507499Z [161/382] Linking C static library third_party/BLAKE3/c/libblake3.a
differential	Build GCC and Clang release fuzzers	2026-08-23T20:22:28.0577385Z [162/382] Linking CXX static library third_party/c-kzg-4844-builder/libc-kzg-4844.a
differential	Build GCC and Clang release fuzzers	2026-08-23T20:22:28.1092628Z [163/382] Linking CXX static library third_party/fiber/libboost_fiber.a
differential	Build GCC and Clang release fuzzers	2026-08-23T20:22:28.1136930Z [164/382] Linking CXX static library third_party/evmone/lib/evmone_precompiles/libevmone_precompiles.a
differential	Build GCC and Clang release fuzzers	2026-08-23T20:22:28.2400538Z [165/382] Building C object third_party/silkpre_vendor/CMakeFiles/monad_crypto.dir/src/silkpre_vendor/sha256.c.o
differential	Build GCC and Clang release fuzzers	2026-08-23T20:22:28.7322874Z [166/382] Building CXX object third_party/silkpre/lib/CMakeFiles/silkpre.dir/silkpre/precompile.cpp.o
differential	Build GCC and Clang release fuzzers	2026-08-23T20:22:29.2387688Z [167/382] Building CXX object third_party/evmone/lib/evmone/CMakeFiles/evmone.dir/advanced_execution.cpp.o
differential	Build GCC and Clang release fuzzers	2026-08-23T20:22:29.2706063Z [168/382] Building CXX object third_party/evmone/lib/evmone/CMakeFiles/evmone.dir/advanced_analysis.cpp.o
differential	Build GCC and Clang release fuzzers	2026-08-23T20:22:29.6092060Z [169/382] Building CXX object third_party/evmone/lib/evmone/CMakeFiles/evmone.dir/baseline_instruction_table.cpp.o
differential	Build GCC and Clang release fuzzers	2026-08-23T20:22:29.7922598Z [170/382] Building CXX object third_party/evmone/lib/evmone/CMakeFiles/evmone.dir/baseline_analysis.cpp.o
differential	Build GCC and Clang release fuzzers	2026-08-23T20:22:29.8061041Z [171/382] Building CXX object third_party/evmone/lib/evmone/CMakeFiles/evmone.dir/instruction_stats.cpp.o
differential	Build GCC and Clang release fuzzers	2026-08-23T20:22:30.3378677Z [172/382] Building CXX object third_party/evmone/lib/evmone/CMakeFiles/evmone.dir/delegation.cpp.o
differential	Build GCC and Clang release fuzzers	2026-08-23T20:22:30.7316204Z [173/382] Building CXX object third_party/evmone/lib/evmone/CMakeFiles/evmone.dir/advanced_instructions.cpp.o
differential	Build GCC and Clang release fuzzers	2026-08-23T20:22:31.2572300Z [174/382] Building CXX object third_party/evmone/lib/evmone/CMakeFiles/evmone.dir/instructions_calls.cpp.o
differential	Build GCC and Clang release fuzzers	2026-08-23T20:22:31.3956178Z [175/382] Building CXX object third_party/evmone/lib/evmone/CMakeFiles/evmone.dir/instructions_storage.cpp.o
differential	Build GCC and Clang release fuzzers	2026-08-23T20:22:31.4526725Z [176/382] Building CXX object third_party/evmone/lib/evmone/CMakeFiles/evmone.dir/cpu_check.cpp.o
differential	Build GCC and Clang release fuzzers	2026-08-23T20:22:31.5075879Z [177/382] Linking CXX static library third_party/silkpre/lib/libsilkpre.a
differential	Build GCC and Clang release fuzzers	2026-08-23T20:22:31.5587629Z [178/382] Linking C static library third_party/silkpre_vendor/libmonad_crypto.a
differential	Build GCC and Clang release fuzzers	2026-08-23T20:22:32.3733474Z [179/382] Building CXX object third_party/evmone/lib/evmone/CMakeFiles/evmone.dir/tracing.cpp.o
differential	Build GCC and Clang release fuzzers	2026-08-23T20:22:32.3936039Z [180/382] Building CXX object third_party/evmone/lib/evmone/CMakeFiles/evmone.dir/vm.cpp.o
differential	Build GCC and Clang release fuzzers	2026-08-23T20:22:33.9168126Z [181/382] Building CXX object category/async/CMakeFiles/monad_async.dir/util.cpp.o
differential	Build GCC and Clang release fuzzers	2026-08-23T20:22:33.9786949Z [182/382] Building C object category/core/CMakeFiles/monad_core.dir/assert.c.o
differential	Build GCC and Clang release fuzzers	2026-08-23T20:22:34.7636416Z [183/382] Building CXX object category/async/CMakeFiles/monad_async.dir/io.cpp.o
differential	Build GCC and Clang release fuzzers	2026-08-23T20:22:34.8459294Z [184/382] Building CXX object category/core/CMakeFiles/monad_core.dir/backtrace.cpp.o
differential	Build GCC and Clang release fuzzers	2026-08-23T20:22:34.9015941Z [185/382] Building C object category/core/CMakeFiles/monad_core.dir/cleanup.c.o
differential	Build GCC and Clang release fuzzers	2026-08-23T20:22:34.9468237Z [186/382] Building C object category/core/CMakeFiles/monad_core.dir/format_err.c.o
differential	Build GCC and Clang release fuzzers	2026-08-23T20:22:35.5180724Z [187/382] Building CXX object category/core/CMakeFiles/monad_core.dir/hex.cpp.o
differential	Build GCC and Clang release fuzzers	2026-08-23T20:22:35.5485107Z [188/382] Building C object category/core/CMakeFiles/monad_core.dir/keccak.c.o
differential	Build GCC and Clang release fuzzers	2026-08-23T20:22:35.8788373Z [189/382] Building CXX object category/async/CMakeFiles/monad_async.dir/storage_pool.cpp.o
differential	Build GCC and Clang release fuzzers	2026-08-23T20:22:37.1627613Z [190/382] Building CXX object category/core/CMakeFiles/monad_core.dir/checked_math.cpp.o
differential	Build GCC and Clang release fuzzers	2026-08-23T20:22:37.7904373Z [191/382] Building CXX object category/core/CMakeFiles/monad_core.dir/monad_exception.cpp.o
differential	Build GCC and Clang release fuzzers	2026-08-23T20:22:37.8701641Z [192/382] Building C object category/core/CMakeFiles/monad_core.dir/path_util.c.o
differential	Build GCC and Clang release fuzzers	2026-08-23T20:22:37.9042150Z [193/382] Building C object category/core/CMakeFiles/monad_core.dir/tl_tid.c.o
differential	Build GCC and Clang release fuzzers	2026-08-23T20:22:40.2219979Z [194/382] Building CXX object third_party/evmone/lib/evmone/CMakeFiles/evmone.dir/baseline_execution.cpp.o
differential	Build GCC and Clang release fuzzers	2026-08-23T20:22:40.3577621Z [195/382] Building C object category/core/CMakeFiles/monad_core.dir/event/event_ring.c.o
differential	Build GCC and Clang release fuzzers	2026-08-23T20:22:40.5037005Z [196/382] Building C object category/core/CMakeFiles/monad_core.dir/event/event_ring_util.c.o
differential	Build GCC and Clang release fuzzers	2026-08-23T20:22:40.5227034Z [197/382] Building C object category/core/CMakeFiles/monad_core.dir/event/test_event_ctypes_metadata.c.o
differential	Build GCC and Clang release fuzzers	2026-08-23T20:22:44.2954595Z [198/382] Building CXX object category/core/CMakeFiles/monad_core.dir/fiber/fiber_group.cpp.o
differential	Build GCC and Clang release fuzzers	2026-08-23T20:22:46.3400396Z [199/382] Building CXX object category/core/CMakeFiles/monad_core.dir/log.cpp.o
differential	Build GCC and Clang release fuzzers	2026-08-23T20:22:47.1231830Z [200/382] Building CXX object category/core/CMakeFiles/monad_core.dir/cli/help_formatter.cpp.o
differential	Build GCC and Clang release fuzzers	2026-08-23T20:22:47.8448374Z [201/382] Building CXX object category/core/CMakeFiles/monad_core.dir/log_ffi.cpp.o
differential	Build GCC and Clang release fuzzers	2026-08-23T20:22:47.9810227Z [202/382] Building CXX object category/core/CMakeFiles/monad_core.dir/fiber/fiber_thread_pool.cpp.o
differential	Build GCC and Clang release fuzzers	2026-08-23T20:22:48.1225884Z [203/382] Building CXX object category/core/CMakeFiles/monad_core.dir/io/buffer_pool.cpp.o
differential	Build GCC and Clang release fuzzers	2026-08-23T20:22:48.3252981Z [204/382] Building CXX object category/core/CMakeFiles/monad_core.dir/rlp/decode_error.cpp.o
differential	Build GCC and Clang release fuzzers	2026-08-23T20:22:48.3737860Z [205/382] Building C object category/core/CMakeFiles/monad_core.dir/cpuset.c.o
differential	Build GCC and Clang release fuzzers	2026-08-23T20:22:48.4524069Z [206/382] Building C object category/core/CMakeFiles/monad_core.dir/event/event_ring_util_linux.c.o
differential	Build GCC and Clang release fuzzers	2026-08-23T20:22:49.4036509Z [207/382] Building CXX object category/core/CMakeFiles/monad_core.dir/fiber/priority_algorithm.cpp.o
differential	Build GCC and Clang release fuzzers	2026-08-23T20:22:49.6779179Z [208/382] Building CXX object category/core/CMakeFiles/monad_core.dir/io/ring.cpp.o
differential	Build GCC and Clang release fuzzers	2026-08-23T20:22:49.7036938Z [209/382] Building CXX object category/core/CMakeFiles/monad_core.dir/io/buffers.cpp.o
differential	Build GCC and Clang release fuzzers	2026-08-23T20:22:49.7930532Z [210/382] Building CXX object category/core/CMakeFiles/monad_core.dir/mem/huge_mem.cpp.o
differential	Build GCC and Clang release fuzzers	2026-08-23T20:22:49.8210788Z [211/382] Building C object category/core/CMakeFiles/monad_core.dir/mem/hugetlb_path.c.o
differential	Build GCC and Clang release fuzzers	2026-08-23T20:22:49.8348560Z [212/382] Building ASM object category/core/CMakeFiles/monad_core.dir/keccak_impl.S.o
differential	Build GCC and Clang release fuzzers	2026-08-23T20:22:49.8422185Z [213/382] Building C object category/core/CMakeFiles/monad_core.dir/procfs/statm.c.o
differential	Build GCC and Clang release fuzzers	2026-08-23T20:22:50.4347390Z [214/382] Building CXX object category/core/CMakeFiles/monad_core.dir/fiber/priority_pool.cpp.o
differential	Build GCC and Clang release fuzzers	2026-08-23T20:22:50.9469602Z [215/382] Building CXX object category/core/CMakeFiles/monad_core.dir/fiber/priority_queue.cpp.o
differential	Build GCC and Clang release fuzzers	2026-08-23T20:22:51.6123049Z [216/382] Building CXX object category/mpt/CMakeFiles/monad_trie.dir/compute.cpp.o
differential	Build GCC and Clang release fuzzers	2026-08-23T20:22:54.8042627Z [217/382] Building CXX object category/mpt/CMakeFiles/monad_trie.dir/copy_trie.cpp.o
differential	Build GCC and Clang release fuzzers	2026-08-23T20:22:56.1938082Z [218/382] Building CXX object category/mpt/CMakeFiles/monad_trie.dir/find.cpp.o
differential	Build GCC and Clang release fuzzers	2026-08-23T20:22:57.3487024Z [219/382] Building CXX object category/mpt/CMakeFiles/monad_trie.dir/db_metadata_context.cpp.o
differential	Build GCC and Clang release fuzzers	2026-08-23T20:22:58.3962757Z [220/382] Building CXX object category/mpt/CMakeFiles/monad_trie.dir/node.cpp.o
differential	Build GCC and Clang release fuzzers	2026-08-23T20:22:59.1328020Z [221/382] Building CXX object category/mpt/CMakeFiles/monad_trie.dir/state_machine_kind.cpp.o
differential	Build GCC and Clang release fuzzers	2026-08-23T20:23:01.5302355Z [222/382] Building CXX object category/mpt/CMakeFiles/monad_trie.dir/find_notify_fiber.cpp.o
differential	Build GCC and Clang release fuzzers	2026-08-23T20:23:02.0081133Z [223/382] Building CXX object category/mpt/CMakeFiles/monad_trie.dir/read_node_blocking.cpp.o
differential	Build GCC and Clang release fuzzers	2026-08-23T20:23:03.1267441Z [224/382] Building CXX object category/mpt/CMakeFiles/monad_trie.dir/db.cpp.o
differential	Build GCC and Clang release fuzzers	2026-08-23T20:23:08.4264218Z [225/382] Building CXX object category/execution/CMakeFiles/monad_execution_ethereum.dir/ethereum/chain/ethereum_mainnet.cpp.o
differential	Build GCC and Clang release fuzzers	2026-08-23T20:23:09.4580237Z [226/382] Building CXX object category/mpt/CMakeFiles/monad_trie.dir/trie.cpp.o
differential	Build GCC and Clang release fuzzers	2026-08-23T20:23:09.6936179Z [227/382] Building CXX object category/execution/CMakeFiles/monad_execution_ethereum.dir/ethereum/core/contract/abi_decode_error.cpp.o
differential	Build GCC and Clang release fuzzers	2026-08-23T20:23:10.5071611Z [228/382] Building CXX object category/mpt/CMakeFiles/monad_trie.dir/update_aux.cpp.o
differential	Build GCC and Clang release fuzzers	2026-08-23T20:23:11.0754370Z [229/382] Building CXX object category/execution/CMakeFiles/monad_execution_ethereum.dir/ethereum/chain/hive_net.cpp.o
differential	Build GCC and Clang release fuzzers	2026-08-23T20:23:12.0677656Z [230/382] Building CXX object category/execution/CMakeFiles/monad_execution_ethereum.dir/ethereum/core/ecrecover.cpp.o
differential	Build GCC and Clang release fuzzers	2026-08-23T20:23:13.0254608Z [231/382] Building CXX object category/execution/CMakeFiles/monad_execution_ethereum.dir/ethereum/core/receipt.cpp.o
differential	Build GCC and Clang release fuzzers	2026-08-23T20:23:14.3022431Z [232/382] Building CXX object category/execution/CMakeFiles/monad_execution_ethereum.dir/ethereum/core/rlp/account_rlp.cpp.o
differential	Build GCC and Clang release fuzzers	2026-08-23T20:23:15.2204825Z [233/382] Building CXX object category/execution/CMakeFiles/monad_execution_ethereum.dir/ethereum/chain/genesis_state.cpp.o
differential	Build GCC and Clang release fuzzers	2026-08-23T20:23:16.3826597Z [234/382] Building CXX object category/execution/CMakeFiles/monad_execution_ethereum.dir/ethereum/core/rlp/block_rlp.cpp.o
differential	Build GCC and Clang release fuzzers	2026-08-23T20:23:16.9410200Z [235/382] Building CXX object category/execution/CMakeFiles/monad_execution_ethereum.dir/ethereum/core/rlp/receipt_rlp.cpp.o
differential	Build GCC and Clang release fuzzers	2026-08-23T20:23:17.1688655Z [236/382] Building CXX object category/execution/CMakeFiles/monad_execution_ethereum.dir/ethereum/core/rlp/signature_rlp.cpp.o
differential	Build GCC and Clang release fuzzers	2026-08-23T20:23:19.0851572Z [237/382] Building CXX object category/execution/CMakeFiles/monad_execution_ethereum.dir/ethereum/core/signature.cpp.o
differential	Build GCC and Clang release fuzzers	2026-08-23T20:23:19.4762881Z [238/382] Building CXX object category/execution/CMakeFiles/monad_execution_ethereum.dir/ethereum/core/rlp/withdrawal_rlp.cpp.o
differential	Build GCC and Clang release fuzzers	2026-08-23T20:23:20.0986228Z [239/382] Building CXX object category/execution/CMakeFiles/monad_execution_ethereum.dir/ethereum/core/rlp/transaction_rlp.cpp.o
differential	Build GCC and Clang release fuzzers	2026-08-23T20:23:20.0988128Z FAILED: [code=1] category/execution/CMakeFiles/monad_execution_ethereum.dir/ethereum/core/rlp/transaction_rlp.cpp.o 
differential	Build GCC and Clang release fuzzers	2026-08-23T20:23:20.1008650Z /usr/bin/g++-15 -DBOOST_CONTAINER_DYN_LINK -DBOOST_CONTAINER_NO_LIB -DBOOST_CONTEXT_DYN_LINK -DBOOST_CONTEXT_NO_LIB -DBOOST_FIBER_NO_LIB -DBOOST_FIBER_STATIC_LINK -DBOOST_JSON_DYN_LINK -DBOOST_JSON_NO_LIB -DECMULT_GEN_PREC_BITS=4 -DECMULT_WINDOW_SIZE=15 -DENABLE_MODULE_ECDH -DENABLE_MODULE_RECOVERY -DHAVE___INT128 -DJSON_HAS_RANGES=0 -DMONAD_COMPILER_TESTING=1 -DMONAD_CORE_FORCE_DEBUG_ASSERT=1 -DMONAD_CXX_CTYPES_USE_EVMC_HPP -DMONAD_CXX_CTYPES_USE_MONAD_INTS -DUSE_ENDOMORPHISM -DUSE_FIELD_5X52 -DUSE_FIELD_INV_BUILTIN -DUSE_NUM_NONE -DUSE_SCALAR_4X64 -DUSE_SCALAR_INV_BUILTIN -D_GNU_SOURCE -I/src -I/src/build-gcc_o1/category/execution/test -I/src/third_party/cthash/include -I/src/third_party/silkpre/lib -I/src/third_party/evmc/include -I/src/third_party/asmjit/src -I/src/third_party/ankerl -I/src/third_party/komihash -I/src/third_party/BLAKE3/c -I/src/third_party/ethash/include -I/src/third_party/unordered_dense/include -I/src/category/vm/interpreter/src -I/src/third_party/concurrentqueue -I/src/third_party/blst/bindings -I/src/third_party/c-kzg-4844/src -I/src/third_party/c-kzg-4844-builder/src -I/src/third_party/silkpre_vendor/src -I/src/third_party/intx/include -I/src/third_party/silkpre/third_party/secp256k1/include -isystem /src/third_party/quill/include -isystem /src/third_party/fiber/include -isystem /src/build-gcc_o1/third_party/immer -isystem /src/third_party/immer -isystem /src/third_party/nlohmann_json/include -march=haswell -O1 -DNDEBUG -std=gnu++23 -Wall -Wextra -Wconversion -Werror -Wno-missing-field-initializers -Wno-attributes=clang::no_sanitize -DASMJIT_STATIC -MD -MT category/execution/CMakeFiles/monad_execution_ethereum.dir/ethereum/core/rlp/transaction_rlp.cpp.o -MF category/execution/CMakeFiles/monad_execution_ethereum.dir/ethereum/core/rlp/transaction_rlp.cpp.o.d -o category/execution/CMakeFiles/monad_execution_ethereum.dir/ethereum/core/rlp/transaction_rlp.cpp.o -c /src/category/execution/ethereum/core/rlp/transaction_rlp.cpp
differential	Build GCC and Clang release fuzzers	2026-08-23T20:23:20.1024870Z In file included from /usr/include/c++/15/algorithm:62,
differential	Build GCC and Clang release fuzzers	2026-08-23T20:23:20.1025590Z                  from /src/third_party/evmc/include/evmc/bytes.hpp:6,
differential	Build GCC and Clang release fuzzers	2026-08-23T20:23:20.1026281Z                  from /src/category/core/byte_string.hpp:20,
differential	Build GCC and Clang release fuzzers	2026-08-23T20:23:20.1027067Z                  from /src/category/execution/ethereum/core/rlp/transaction_rlp.cpp:17:
differential	Build GCC and Clang release fuzzers	2026-08-23T20:23:20.1029486Z In function 'constexpr _OutputIterator std::__copy_n_a(_InputIterator, _Size, _OutputIterator, bool) [with _InputIterator = const unsigned char*; _Size = long unsigned int; _OutputIterator = unsigned char*]',
differential	Build GCC and Clang release fuzzers	2026-08-23T20:23:20.1032181Z     inlined from 'constexpr _OIter std::copy_n(_IIter, _Size, _OIter) [with _IIter = const unsigned char*; _Size = long unsigned int; _OIter = unsigned char*]' at /usr/include/c++/15/bits/stl_algo.h:698:35,
differential	Build GCC and Clang release fuzzers	2026-08-23T20:23:20.1034717Z     inlined from 'static constexpr evmc::byte_traits<T>::char_type* evmc::byte_traits<T>::copy(char_type*, const char_type*, std::size_t) [with T = unsigned char]' at /src/third_party/evmc/include/evmc/bytes.hpp:52:20,
differential	Build GCC and Clang release fuzzers	2026-08-23T20:23:20.1037852Z     inlined from 'static constexpr void std::__cxx11::basic_string<_CharT, _Traits, _Alloc>::_S_copy(_CharT*, const _CharT*, size_type) [with _CharT = unsigned char; _Traits = evmc::byte_traits<unsigned char>; _Alloc = std::allocator<unsigned char>]' at /usr/include/c++/15/bits/basic_string.h:453:21,
differential	Build GCC and Clang release fuzzers	2026-08-23T20:23:20.1042520Z     inlined from 'static constexpr void std::__cxx11::basic_string<_CharT, _Traits, _Alloc>::_S_copy_chars(_CharT*, _Iterator, _Iterator) [with _Iterator = const unsigned char*; _CharT = unsigned char; _Traits = evmc::byte_traits<unsigned char>; _Alloc = std::allocator<unsigned char>]' at /usr/include/c++/15/bits/basic_string.h:489:13,
differential	Build GCC and Clang release fuzzers	2026-08-23T20:23:20.1046730Z     inlined from 'constexpr void std::__cxx11::basic_string<_CharT, _Traits, _Alloc>::_M_construct(_InIterator, _InIterator, std::forward_iterator_tag) [with _FwdIterator = const unsigned char*; _CharT = unsigned char; _Traits = evmc::byte_traits<unsigned char>; _Alloc = std::allocator<unsigned char>]' at /usr/include/c++/15/bits/basic_string.tcc:253:21,
differential	Build GCC and Clang release fuzzers	2026-08-23T20:23:20.1051562Z     inlined from 'constexpr std::__cxx11::basic_string<_CharT, _Traits, _Alloc>::basic_string(const _CharT*, size_type, const _Alloc&) [with _CharT = unsigned char; _Traits = evmc::byte_traits<unsigned char>; _Alloc = std::allocator<unsigned char>]' at /usr/include/c++/15/bits/basic_string.h:692:14,
differential	Build GCC and Clang release fuzzers	2026-08-23T20:23:20.1055144Z     inlined from 'constexpr std::__cxx11::basic_string<_CharT, _Traits, _Alloc>::basic_string(__sv_wrapper, const _Alloc&) [with _CharT = unsigned char; _Traits = evmc::byte_traits<unsigned char>; _Alloc = std::allocator<unsigned char>]' at /usr/include/c++/15/bits/basic_string.h:193:65,
differential	Build GCC and Clang release fuzzers	2026-08-23T20:23:20.1069616Z     inlined from 'constexpr std::__cxx11::basic_string<_CharT, _Traits, _Alloc>::basic_string(const _Tp&, const _Alloc&) [with _Tp = std::basic_string_view<unsigned char, evmc::byte_traits<unsigned char> >; <template-parameter-2-2> = void; _CharT = unsigned char; _Traits = evmc::byte_traits<unsigned char>; _Alloc = std::allocator<unsigned char>]' at /usr/include/c++/15/bits/basic_string.h:888:58,
differential	Build GCC and Clang release fuzzers	2026-08-23T20:23:20.1073347Z     inlined from 'monad::byte_string monad::rlp::to_big_compact(auto:17) [with auto:17 = unsigned char]' at /src/category/execution/ethereum/rlp/encode2.hpp:43:74,
differential	Build GCC and Clang release fuzzers	2026-08-23T20:23:20.1075659Z     inlined from 'monad::byte_string monad::rlp::encode_unsigned(const auto:18&) [with auto:18 = unsigned char]' at /src/category/execution/ethereum/core/rlp/int_rlp.hpp:33:41:
differential	Build GCC and Clang release fuzzers	2026-08-23T20:23:20.1077829Z /usr/include/c++/15/bits/stl_algobase.h:551:32: error: 'void* __builtin_memcpy(void*, const void*, long unsigned int)' forming offset 1 is out of the bounds [0, 1] [-Werror=array-bounds=]
differential	Build GCC and Clang release fuzzers	2026-08-23T20:23:20.1079643Z   551 |               __builtin_memmove(_GLIBCXX_TO_ADDR(__result),
differential	Build GCC and Clang release fuzzers	2026-08-23T20:23:20.1080305Z       |               ~~~~~~~~~~~~~~~~~^~~~~~~~~~~~~~~~~~~~~~~~~~~~
differential	Build GCC and Clang release fuzzers	2026-08-23T20:23:20.1080927Z   552 |                                 _GLIBCXX_TO_ADDR(__first),
differential	Build GCC and Clang release fuzzers	2026-08-23T20:23:20.1081529Z       |                                 ~~~~~~~~~~~~~~~~~~~~~~~~~~
differential	Build GCC and Clang release fuzzers	2026-08-23T20:23:20.1082123Z   553 |                                 __n * sizeof(*__first));
differential	Build GCC and Clang release fuzzers	2026-08-23T20:23:20.1082712Z       |                                 ~~~~~~~~~~~~~~~~~~~~~~~
differential	Build GCC and Clang release fuzzers	2026-08-23T20:23:20.1084343Z In function 'constexpr _OutputIterator std::__copy_n_a(_InputIterator, _Size, _OutputIterator, bool) [with _InputIterator = const unsigned char*; _Size = long unsigned int; _OutputIterator = unsigned char*]',
differential	Build GCC and Clang release fuzzers	2026-08-23T20:23:20.1086853Z     inlined from 'constexpr _OIter std::copy_n(_IIter, _Size, _OIter) [with _IIter = const unsigned char*; _Size = long unsigned int; _OIter = unsigned char*]' at /usr/include/c++/15/bits/stl_algo.h:698:35,
differential	Build GCC and Clang release fuzzers	2026-08-23T20:23:20.1101355Z     inlined from 'static constexpr evmc::byte_traits<T>::char_type* evmc::byte_traits<T>::copy(char_type*, const char_type*, std::size_t) [with T = unsigned char]' at /src/third_party/evmc/include/evmc/bytes.hpp:52:20,
differential	Build GCC and Clang release fuzzers	2026-08-23T20:23:20.1104443Z     inlined from 'static constexpr void std::__cxx11::basic_string<_CharT, _Traits, _Alloc>::_S_copy(_CharT*, const _CharT*, size_type) [with _CharT = unsigned char; _Traits = evmc::byte_traits<unsigned char>; _Alloc = std::allocator<unsigned char>]' at /usr/include/c++/15/bits/basic_string.h:453:21,
differential	Build GCC and Clang release fuzzers	2026-08-23T20:23:20.1108183Z     inlined from 'static constexpr void std::__cxx11::basic_string<_CharT, _Traits, _Alloc>::_S_copy_chars(_CharT*, _Iterator, _Iterator) [with _Iterator = const unsigned char*; _CharT = unsigned char; _Traits = evmc::byte_traits<unsigned char>; _Alloc = std::allocator<unsigned char>]' at /usr/include/c++/15/bits/basic_string.h:489:13,
differential	Build GCC and Clang release fuzzers	2026-08-23T20:23:20.1112621Z     inlined from 'constexpr void std::__cxx11::basic_string<_CharT, _Traits, _Alloc>::_M_construct(_InIterator, _InIterator, std::forward_iterator_tag) [with _FwdIterator = const unsigned char*; _CharT = unsigned char; _Traits = evmc::byte_traits<unsigned char>; _Alloc = std::allocator<unsigned char>]' at /usr/include/c++/15/bits/basic_string.tcc:253:21,
differential	Build GCC and Clang release fuzzers	2026-08-23T20:23:20.1116498Z     inlined from 'constexpr std::__cxx11::basic_string<_CharT, _Traits, _Alloc>::basic_string(const _CharT*, size_type, const _Alloc&) [with _CharT = unsigned char; _Traits = evmc::byte_traits<unsigned char>; _Alloc = std::allocator<unsigned char>]' at /usr/include/c++/15/bits/basic_string.h:692:14,
differential	Build GCC and Clang release fuzzers	2026-08-23T20:23:20.1120493Z     inlined from 'constexpr std::__cxx11::basic_string<_CharT, _Traits, _Alloc>::basic_string(__sv_wrapper, const _Alloc&) [with _CharT = unsigned char; _Traits = evmc::byte_traits<unsigned char>; _Alloc = std::allocator<unsigned char>]' at /usr/include/c++/15/bits/basic_string.h:193:65,
differential	Build GCC and Clang release fuzzers	2026-08-23T20:23:20.1124578Z     inlined from 'constexpr std::__cxx11::basic_string<_CharT, _Traits, _Alloc>::basic_string(const _Tp&, const _Alloc&) [with _Tp = std::basic_string_view<unsigned char, evmc::byte_traits<unsigned char> >; <template-parameter-2-2> = void; _CharT = unsigned char; _Traits = evmc::byte_traits<unsigned char>; _Alloc = std::allocator<unsigned char>]' at /usr/include/c++/15/bits/basic_string.h:888:58,
differential	Build GCC and Clang release fuzzers	2026-08-23T20:23:20.1128054Z     inlined from 'monad::byte_string monad::rlp::to_big_compact(auto:17) [with auto:17 = unsigned char]' at /src/category/execution/ethereum/rlp/encode2.hpp:43:74,
differential	Build GCC and Clang release fuzzers	2026-08-23T20:23:20.1150754Z     inlined from 'monad::byte_string monad::rlp::encode_unsigned(const auto:18&) [with auto:18 = unsigned char]' at /src/category/execution/ethereum/core/rlp/int_rlp.hpp:33:41,
differential	Build GCC and Clang release fuzzers	2026-08-23T20:23:20.1152960Z     inlined from 'monad::byte_string monad::rlp::encode_authorization_list(const monad::AuthorizationList&)' at /src/category/execution/ethereum/core/rlp/transaction_rlp.cpp:85:28:
differential	Build GCC and Clang release fuzzers	2026-08-23T20:23:20.1155236Z /usr/include/c++/15/bits/stl_algobase.h:551:32: error: 'void* __builtin_memcpy(void*, const void*, long unsigned int)' forming offset 1 is out of the bounds [0, 1] [-Werror=array-bounds=]
differential	Build GCC and Clang release fuzzers	2026-08-23T20:23:20.1156706Z   551 |               __builtin_memmove(_GLIBCXX_TO_ADDR(__result),
differential	Build GCC and Clang release fuzzers	2026-08-23T20:23:20.1157344Z       |               ~~~~~~~~~~~~~~~~~^~~~~~~~~~~~~~~~~~~~~~~~~~~~
differential	Build GCC and Clang release fuzzers	2026-08-23T20:23:20.1157955Z   552 |                                 _GLIBCXX_TO_ADDR(__first),
differential	Build GCC and Clang release fuzzers	2026-08-23T20:23:20.1158536Z       |                                 ~~~~~~~~~~~~~~~~~~~~~~~~~~
differential	Build GCC and Clang release fuzzers	2026-08-23T20:23:20.1159391Z   553 |                                 __n * sizeof(*__first));
differential	Build GCC and Clang release fuzzers	2026-08-23T20:23:20.1159958Z       |                                 ~~~~~~~~~~~~~~~~~~~~~~~
differential	Build GCC and Clang release fuzzers	2026-08-23T20:23:20.1160536Z cc1plus: all warnings being treated as errors
differential	Build GCC and Clang release fuzzers	2026-08-23T20:23:20.9303374Z [240/382] Building CXX object category/execution/CMakeFiles/monad_execution_ethereum.dir/ethereum/core/transaction.cpp.o
differential	Build GCC and Clang release fuzzers	2026-08-23T20:23:21.8089292Z [241/382] Building CXX object category/execution/CMakeFiles/monad_execution_ethereum.dir/ethereum/db/block_db.cpp.o
differential	Build GCC and Clang release fuzzers	2026-08-23T20:23:23.1617592Z [242/382] Building CXX object category/execution/CMakeFiles/monad_execution_ethereum.dir/ethereum/db/commit_builder.cpp.o
differential	Build GCC and Clang release fuzzers	2026-08-23T20:23:23.2367209Z ninja: build stopped: subcommand failed.
differential	Build GCC and Clang release fuzzers	2026-08-23T20:23:23.2378416Z ##[error]Process completed with exit code 1.
