Injected research_honest_proposer_high_s_relay_poison_recovers_next_round into monad-bft/monad-raptorcast/src/udp.rs
Injected research_malicious_relay_repeats_high_s_alias_across_honest_rounds into monad-bft/monad-raptorcast/src/udp.rs
Applied corrected sustained-v2 proposer semantics to monad-bft/monad-raptorcast/src/udp.rs
Warning: can't set `imports_granularity = Crate`, unstable features are only available in nightly channel.
Warning: can't set `group_imports = StdExternalCrate`, unstable features are only available in nightly channel.
Warning: can't set `ignore = IgnoreList { path_set: {"manytrace"}, rustfmt_toml_path: "" }`, unstable features are only available in nightly channel.
Warning: can't set `imports_granularity = Crate`, unstable features are only available in nightly channel.
Warning: can't set `group_imports = StdExternalCrate`, unstable features are only available in nightly channel.
Warning: can't set `ignore = IgnoreList { path_set: {"manytrace"}, rustfmt_toml_path: "" }`, unstable features are only available in nightly channel.
Warning: can't set `imports_granularity = Crate`, unstable features are only available in nightly channel.
Warning: can't set `group_imports = StdExternalCrate`, unstable features are only available in nightly channel.
Warning: can't set `ignore = IgnoreList { path_set: {"manytrace"}, rustfmt_toml_path: "" }`, unstable features are only available in nightly channel.
Warning: can't set `imports_granularity = Crate`, unstable features are only available in nightly channel.
Warning: can't set `group_imports = StdExternalCrate`, unstable features are only available in nightly channel.
Warning: can't set `ignore = IgnoreList { path_set: {"manytrace"}, rustfmt_toml_path: "" }`, unstable features are only available in nightly channel.
Warning: can't set `imports_granularity = Crate`, unstable features are only available in nightly channel.
Warning: can't set `group_imports = StdExternalCrate`, unstable features are only available in nightly channel.
Warning: can't set `ignore = IgnoreList { path_set: {"manytrace"}, rustfmt_toml_path: "" }`, unstable features are only available in nightly channel.
Warning: can't set `imports_granularity = Crate`, unstable features are only available in nightly channel.
Warning: can't set `group_imports = StdExternalCrate`, unstable features are only available in nightly channel.
Warning: can't set `ignore = IgnoreList { path_set: {"manytrace"}, rustfmt_toml_path: "" }`, unstable features are only available in nightly channel.
Warning: can't set `imports_granularity = Crate`, unstable features are only available in nightly channel.
Warning: can't set `group_imports = StdExternalCrate`, unstable features are only available in nightly channel.
Warning: can't set `ignore = IgnoreList { path_set: {"manytrace"}, rustfmt_toml_path: "" }`, unstable features are only available in nightly channel.
Warning: can't set `imports_granularity = Crate`, unstable features are only available in nightly channel.
Warning: can't set `group_imports = StdExternalCrate`, unstable features are only available in nightly channel.
Warning: can't set `ignore = IgnoreList { path_set: {"manytrace"}, rustfmt_toml_path: "" }`, unstable features are only available in nightly channel.
Warning: can't set `imports_granularity = Crate`, unstable features are only available in nightly channel.
Warning: can't set `group_imports = StdExternalCrate`, unstable features are only available in nightly channel.
Warning: can't set `ignore = IgnoreList { path_set: {"manytrace"}, rustfmt_toml_path: "" }`, unstable features are only available in nightly channel.
Warning: can't set `imports_granularity = Crate`, unstable features are only available in nightly channel.
Warning: can't set `group_imports = StdExternalCrate`, unstable features are only available in nightly channel.
Warning: can't set `ignore = IgnoreList { path_set: {"manytrace"}, rustfmt_toml_path: "" }`, unstable features are only available in nightly channel.
Warning: can't set `imports_granularity = Crate`, unstable features are only available in nightly channel.
Warning: can't set `group_imports = StdExternalCrate`, unstable features are only available in nightly channel.
Warning: can't set `ignore = IgnoreList { path_set: {"manytrace"}, rustfmt_toml_path: "" }`, unstable features are only available in nightly channel.
Warning: can't set `imports_granularity = Crate`, unstable features are only available in nightly channel.
Warning: can't set `group_imports = StdExternalCrate`, unstable features are only available in nightly channel.
Warning: can't set `ignore = IgnoreList { path_set: {"manytrace"}, rustfmt_toml_path: "" }`, unstable features are only available in nightly channel.
Warning: can't set `imports_granularity = Crate`, unstable features are only available in nightly channel.
Warning: can't set `group_imports = StdExternalCrate`, unstable features are only available in nightly channel.
Warning: can't set `ignore = IgnoreList { path_set: {"manytrace"}, rustfmt_toml_path: "" }`, unstable features are only available in nightly channel.
Warning: can't set `imports_granularity = Crate`, unstable features are only available in nightly channel.
Warning: can't set `group_imports = StdExternalCrate`, unstable features are only available in nightly channel.
Warning: can't set `ignore = IgnoreList { path_set: {"manytrace"}, rustfmt_toml_path: "" }`, unstable features are only available in nightly channel.
Warning: can't set `imports_granularity = Crate`, unstable features are only available in nightly channel.
Warning: can't set `group_imports = StdExternalCrate`, unstable features are only available in nightly channel.
Warning: can't set `ignore = IgnoreList { path_set: {"manytrace"}, rustfmt_toml_path: "" }`, unstable features are only available in nightly channel.
Warning: can't set `imports_granularity = Crate`, unstable features are only available in nightly channel.
Warning: can't set `group_imports = StdExternalCrate`, unstable features are only available in nightly channel.
Warning: can't set `ignore = IgnoreList { path_set: {"manytrace"}, rustfmt_toml_path: "" }`, unstable features are only available in nightly channel.
Warning: can't set `imports_granularity = Crate`, unstable features are only available in nightly channel.
Warning: can't set `group_imports = StdExternalCrate`, unstable features are only available in nightly channel.
Warning: can't set `ignore = IgnoreList { path_set: {"manytrace"}, rustfmt_toml_path: "" }`, unstable features are only available in nightly channel.
Warning: can't set `imports_granularity = Crate`, unstable features are only available in nightly channel.
Warning: can't set `group_imports = StdExternalCrate`, unstable features are only available in nightly channel.
Warning: can't set `ignore = IgnoreList { path_set: {"manytrace"}, rustfmt_toml_path: "" }`, unstable features are only available in nightly channel.
Warning: can't set `imports_granularity = Crate`, unstable features are only available in nightly channel.
Warning: can't set `group_imports = StdExternalCrate`, unstable features are only available in nightly channel.
Warning: can't set `ignore = IgnoreList { path_set: {"manytrace"}, rustfmt_toml_path: "" }`, unstable features are only available in nightly channel.
Warning: can't set `imports_granularity = Crate`, unstable features are only available in nightly channel.
Warning: can't set `group_imports = StdExternalCrate`, unstable features are only available in nightly channel.
Warning: can't set `ignore = IgnoreList { path_set: {"manytrace"}, rustfmt_toml_path: "" }`, unstable features are only available in nightly channel.
Warning: can't set `imports_granularity = Crate`, unstable features are only available in nightly channel.
Warning: can't set `group_imports = StdExternalCrate`, unstable features are only available in nightly channel.
Warning: can't set `ignore = IgnoreList { path_set: {"manytrace"}, rustfmt_toml_path: "" }`, unstable features are only available in nightly channel.
Warning: can't set `imports_granularity = Crate`, unstable features are only available in nightly channel.
Warning: can't set `group_imports = StdExternalCrate`, unstable features are only available in nightly channel.
Warning: can't set `ignore = IgnoreList { path_set: {"manytrace"}, rustfmt_toml_path: "" }`, unstable features are only available in nightly channel.
Warning: can't set `imports_granularity = Crate`, unstable features are only available in nightly channel.
Warning: can't set `group_imports = StdExternalCrate`, unstable features are only available in nightly channel.
Warning: can't set `ignore = IgnoreList { path_set: {"manytrace"}, rustfmt_toml_path: "" }`, unstable features are only available in nightly channel.
Warning: can't set `imports_granularity = Crate`, unstable features are only available in nightly channel.
Warning: can't set `group_imports = StdExternalCrate`, unstable features are only available in nightly channel.
Warning: can't set `ignore = IgnoreList { path_set: {"manytrace"}, rustfmt_toml_path: "" }`, unstable features are only available in nightly channel.
Warning: can't set `imports_granularity = Crate`, unstable features are only available in nightly channel.
Warning: can't set `group_imports = StdExternalCrate`, unstable features are only available in nightly channel.
Warning: can't set `ignore = IgnoreList { path_set: {"manytrace"}, rustfmt_toml_path: "" }`, unstable features are only available in nightly channel.
Warning: can't set `imports_granularity = Crate`, unstable features are only available in nightly channel.
Warning: can't set `group_imports = StdExternalCrate`, unstable features are only available in nightly channel.
Warning: can't set `ignore = IgnoreList { path_set: {"manytrace"}, rustfmt_toml_path: "" }`, unstable features are only available in nightly channel.
Warning: can't set `imports_granularity = Crate`, unstable features are only available in nightly channel.
Warning: can't set `group_imports = StdExternalCrate`, unstable features are only available in nightly channel.
Warning: can't set `ignore = IgnoreList { path_set: {"manytrace"}, rustfmt_toml_path: "" }`, unstable features are only available in nightly channel.
Warning: can't set `imports_granularity = Crate`, unstable features are only available in nightly channel.
Warning: can't set `group_imports = StdExternalCrate`, unstable features are only available in nightly channel.
Warning: can't set `ignore = IgnoreList { path_set: {"manytrace"}, rustfmt_toml_path: "" }`, unstable features are only available in nightly channel.
Warning: can't set `imports_granularity = Crate`, unstable features are only available in nightly channel.
Warning: can't set `group_imports = StdExternalCrate`, unstable features are only available in nightly channel.
Warning: can't set `ignore = IgnoreList { path_set: {"manytrace"}, rustfmt_toml_path: "" }`, unstable features are only available in nightly channel.
Warning: can't set `imports_granularity = Crate`, unstable features are only available in nightly channel.
Warning: can't set `group_imports = StdExternalCrate`, unstable features are only available in nightly channel.
Warning: can't set `ignore = IgnoreList { path_set: {"manytrace"}, rustfmt_toml_path: "" }`, unstable features are only available in nightly channel.
Warning: can't set `imports_granularity = Crate`, unstable features are only available in nightly channel.
Warning: can't set `group_imports = StdExternalCrate`, unstable features are only available in nightly channel.
Warning: can't set `ignore = IgnoreList { path_set: {"manytrace"}, rustfmt_toml_path: "" }`, unstable features are only available in nightly channel.
Warning: can't set `imports_granularity = Crate`, unstable features are only available in nightly channel.
Warning: can't set `group_imports = StdExternalCrate`, unstable features are only available in nightly channel.
Warning: can't set `ignore = IgnoreList { path_set: {"manytrace"}, rustfmt_toml_path: "" }`, unstable features are only available in nightly channel.
Warning: can't set `imports_granularity = Crate`, unstable features are only available in nightly channel.
Warning: can't set `group_imports = StdExternalCrate`, unstable features are only available in nightly channel.
Warning: can't set `ignore = IgnoreList { path_set: {"manytrace"}, rustfmt_toml_path: "" }`, unstable features are only available in nightly channel.
Warning: can't set `imports_granularity = Crate`, unstable features are only available in nightly channel.
Warning: can't set `group_imports = StdExternalCrate`, unstable features are only available in nightly channel.
Warning: can't set `ignore = IgnoreList { path_set: {"manytrace"}, rustfmt_toml_path: "" }`, unstable features are only available in nightly channel.
Warning: can't set `imports_granularity = Crate`, unstable features are only available in nightly channel.
Warning: can't set `group_imports = StdExternalCrate`, unstable features are only available in nightly channel.
Warning: can't set `ignore = IgnoreList { path_set: {"manytrace"}, rustfmt_toml_path: "" }`, unstable features are only available in nightly channel.
Warning: can't set `imports_granularity = Crate`, unstable features are only available in nightly channel.
Warning: can't set `group_imports = StdExternalCrate`, unstable features are only available in nightly channel.
Warning: can't set `ignore = IgnoreList { path_set: {"manytrace"}, rustfmt_toml_path: "" }`, unstable features are only available in nightly channel.
Warning: can't set `imports_granularity = Crate`, unstable features are only available in nightly channel.
Warning: can't set `group_imports = StdExternalCrate`, unstable features are only available in nightly channel.
Warning: can't set `ignore = IgnoreList { path_set: {"manytrace"}, rustfmt_toml_path: "" }`, unstable features are only available in nightly channel.
Warning: can't set `imports_granularity = Crate`, unstable features are only available in nightly channel.
Warning: can't set `group_imports = StdExternalCrate`, unstable features are only available in nightly channel.
Warning: can't set `ignore = IgnoreList { path_set: {"manytrace"}, rustfmt_toml_path: "" }`, unstable features are only available in nightly channel.
Warning: can't set `imports_granularity = Crate`, unstable features are only available in nightly channel.
Warning: can't set `group_imports = StdExternalCrate`, unstable features are only available in nightly channel.
Warning: can't set `ignore = IgnoreList { path_set: {"manytrace"}, rustfmt_toml_path: "" }`, unstable features are only available in nightly channel.
Warning: can't set `imports_granularity = Crate`, unstable features are only available in nightly channel.
Warning: can't set `group_imports = StdExternalCrate`, unstable features are only available in nightly channel.
Warning: can't set `ignore = IgnoreList { path_set: {"manytrace"}, rustfmt_toml_path: "" }`, unstable features are only available in nightly channel.
Warning: can't set `imports_granularity = Crate`, unstable features are only available in nightly channel.
Warning: can't set `group_imports = StdExternalCrate`, unstable features are only available in nightly channel.
Warning: can't set `ignore = IgnoreList { path_set: {"manytrace"}, rustfmt_toml_path: "" }`, unstable features are only available in nightly channel.
Warning: can't set `imports_granularity = Crate`, unstable features are only available in nightly channel.
Warning: can't set `group_imports = StdExternalCrate`, unstable features are only available in nightly channel.
Warning: can't set `ignore = IgnoreList { path_set: {"manytrace"}, rustfmt_toml_path: "" }`, unstable features are only available in nightly channel.
Warning: can't set `imports_granularity = Crate`, unstable features are only available in nightly channel.
Warning: can't set `group_imports = StdExternalCrate`, unstable features are only available in nightly channel.
Warning: can't set `ignore = IgnoreList { path_set: {"manytrace"}, rustfmt_toml_path: "" }`, unstable features are only available in nightly channel.
Warning: can't set `imports_granularity = Crate`, unstable features are only available in nightly channel.
Warning: can't set `group_imports = StdExternalCrate`, unstable features are only available in nightly channel.
Warning: can't set `ignore = IgnoreList { path_set: {"manytrace"}, rustfmt_toml_path: "" }`, unstable features are only available in nightly channel.
Warning: can't set `imports_granularity = Crate`, unstable features are only available in nightly channel.
Warning: can't set `group_imports = StdExternalCrate`, unstable features are only available in nightly channel.
Warning: can't set `ignore = IgnoreList { path_set: {"manytrace"}, rustfmt_toml_path: "" }`, unstable features are only available in nightly channel.
Warning: can't set `imports_granularity = Crate`, unstable features are only available in nightly channel.
Warning: can't set `group_imports = StdExternalCrate`, unstable features are only available in nightly channel.
Warning: can't set `ignore = IgnoreList { path_set: {"manytrace"}, rustfmt_toml_path: "" }`, unstable features are only available in nightly channel.
Warning: can't set `imports_granularity = Crate`, unstable features are only available in nightly channel.
Warning: can't set `group_imports = StdExternalCrate`, unstable features are only available in nightly channel.
Warning: can't set `ignore = IgnoreList { path_set: {"manytrace"}, rustfmt_toml_path: "" }`, unstable features are only available in nightly channel.
Warning: can't set `imports_granularity = Crate`, unstable features are only available in nightly channel.
Warning: can't set `group_imports = StdExternalCrate`, unstable features are only available in nightly channel.
Warning: can't set `ignore = IgnoreList { path_set: {"manytrace"}, rustfmt_toml_path: "" }`, unstable features are only available in nightly channel.
Warning: can't set `imports_granularity = Crate`, unstable features are only available in nightly channel.
Warning: can't set `group_imports = StdExternalCrate`, unstable features are only available in nightly channel.
Warning: can't set `ignore = IgnoreList { path_set: {"manytrace"}, rustfmt_toml_path: "" }`, unstable features are only available in nightly channel.
Warning: can't set `imports_granularity = Crate`, unstable features are only available in nightly channel.
Warning: can't set `group_imports = StdExternalCrate`, unstable features are only available in nightly channel.
Warning: can't set `ignore = IgnoreList { path_set: {"manytrace"}, rustfmt_toml_path: "" }`, unstable features are only available in nightly channel.
Warning: can't set `imports_granularity = Crate`, unstable features are only available in nightly channel.
Warning: can't set `group_imports = StdExternalCrate`, unstable features are only available in nightly channel.
Warning: can't set `ignore = IgnoreList { path_set: {"manytrace"}, rustfmt_toml_path: "" }`, unstable features are only available in nightly channel.
Warning: can't set `imports_granularity = Crate`, unstable features are only available in nightly channel.
Warning: can't set `group_imports = StdExternalCrate`, unstable features are only available in nightly channel.
Warning: can't set `ignore = IgnoreList { path_set: {"manytrace"}, rustfmt_toml_path: "" }`, unstable features are only available in nightly channel.
Warning: can't set `imports_granularity = Crate`, unstable features are only available in nightly channel.
Warning: can't set `group_imports = StdExternalCrate`, unstable features are only available in nightly channel.
Warning: can't set `ignore = IgnoreList { path_set: {"manytrace"}, rustfmt_toml_path: "" }`, unstable features are only available in nightly channel.
Warning: can't set `imports_granularity = Crate`, unstable features are only available in nightly channel.
Warning: can't set `group_imports = StdExternalCrate`, unstable features are only available in nightly channel.
Warning: can't set `imports_granularity = Crate`, unstable features are only available in nightly channel.
Warning: can't set `group_imports = StdExternalCrate`, unstable features are only available in nightly channel.
Warning: can't set `imports_granularity = Crate`, unstable features are only available in nightly channel.
Warning: can't set `group_imports = StdExternalCrate`, unstable features are only available in nightly channel.
Warning: can't set `imports_granularity = Crate`, unstable features are only available in nightly channel.
Warning: can't set `group_imports = StdExternalCrate`, unstable features are only available in nightly channel.
Warning: can't set `imports_granularity = Crate`, unstable features are only available in nightly channel.
Warning: can't set `group_imports = StdExternalCrate`, unstable features are only available in nightly channel.
Warning: can't set `imports_granularity = Crate`, unstable features are only available in nightly channel.
Warning: can't set `group_imports = StdExternalCrate`, unstable features are only available in nightly channel.
Warning: can't set `imports_granularity = Crate`, unstable features are only available in nightly channel.
Warning: can't set `group_imports = StdExternalCrate`, unstable features are only available in nightly channel.
Warning: can't set `imports_granularity = Crate`, unstable features are only available in nightly channel.
Warning: can't set `group_imports = StdExternalCrate`, unstable features are only available in nightly channel.
Warning: can't set `imports_granularity = Crate`, unstable features are only available in nightly channel.
Warning: can't set `group_imports = StdExternalCrate`, unstable features are only available in nightly channel.
Warning: can't set `imports_granularity = Crate`, unstable features are only available in nightly channel.
Warning: can't set `group_imports = StdExternalCrate`, unstable features are only available in nightly channel.
Warning: can't set `imports_granularity = Crate`, unstable features are only available in nightly channel.
Warning: can't set `group_imports = StdExternalCrate`, unstable features are only available in nightly channel.
Warning: can't set `imports_granularity = Crate`, unstable features are only available in nightly channel.
Warning: can't set `group_imports = StdExternalCrate`, unstable features are only available in nightly channel.
Warning: can't set `imports_granularity = Crate`, unstable features are only available in nightly channel.
Warning: can't set `group_imports = StdExternalCrate`, unstable features are only available in nightly channel.
Warning: can't set `imports_granularity = Crate`, unstable features are only available in nightly channel.
Warning: can't set `group_imports = StdExternalCrate`, unstable features are only available in nightly channel.
Warning: can't set `imports_granularity = Crate`, unstable features are only available in nightly channel.
Warning: can't set `group_imports = StdExternalCrate`, unstable features are only available in nightly channel.
Warning: can't set `imports_granularity = Crate`, unstable features are only available in nightly channel.
Warning: can't set `group_imports = StdExternalCrate`, unstable features are only available in nightly channel.
Warning: can't set `imports_granularity = Crate`, unstable features are only available in nightly channel.
Warning: can't set `group_imports = StdExternalCrate`, unstable features are only available in nightly channel.
Warning: can't set `imports_granularity = Crate`, unstable features are only available in nightly channel.
Warning: can't set `group_imports = StdExternalCrate`, unstable features are only available in nightly channel.
Warning: can't set `imports_granularity = Crate`, unstable features are only available in nightly channel.
Warning: can't set `group_imports = StdExternalCrate`, unstable features are only available in nightly channel.
Warning: can't set `imports_granularity = Crate`, unstable features are only available in nightly channel.
Warning: can't set `group_imports = StdExternalCrate`, unstable features are only available in nightly channel.
Warning: can't set `imports_granularity = Crate`, unstable features are only available in nightly channel.
Warning: can't set `group_imports = StdExternalCrate`, unstable features are only available in nightly channel.
Warning: can't set `ignore = IgnoreList { path_set: {"manytrace"}, rustfmt_toml_path: "" }`, unstable features are only available in nightly channel.
Warning: can't set `imports_granularity = Crate`, unstable features are only available in nightly channel.
Warning: can't set `group_imports = StdExternalCrate`, unstable features are only available in nightly channel.
Warning: can't set `ignore = IgnoreList { path_set: {"manytrace"}, rustfmt_toml_path: "" }`, unstable features are only available in nightly channel.
Warning: can't set `imports_granularity = Crate`, unstable features are only available in nightly channel.
Warning: can't set `group_imports = StdExternalCrate`, unstable features are only available in nightly channel.
Warning: can't set `ignore = IgnoreList { path_set: {"manytrace"}, rustfmt_toml_path: "" }`, unstable features are only available in nightly channel.
Warning: can't set `imports_granularity = Crate`, unstable features are only available in nightly channel.
Warning: can't set `group_imports = StdExternalCrate`, unstable features are only available in nightly channel.
Warning: can't set `ignore = IgnoreList { path_set: {"manytrace"}, rustfmt_toml_path: "" }`, unstable features are only available in nightly channel.
Warning: can't set `imports_granularity = Crate`, unstable features are only available in nightly channel.
Warning: can't set `group_imports = StdExternalCrate`, unstable features are only available in nightly channel.
Warning: can't set `ignore = IgnoreList { path_set: {"manytrace"}, rustfmt_toml_path: "" }`, unstable features are only available in nightly channel.
Warning: can't set `imports_granularity = Crate`, unstable features are only available in nightly channel.
Warning: can't set `group_imports = StdExternalCrate`, unstable features are only available in nightly channel.
Warning: can't set `ignore = IgnoreList { path_set: {"manytrace"}, rustfmt_toml_path: "" }`, unstable features are only available in nightly channel.
Warning: can't set `imports_granularity = Crate`, unstable features are only available in nightly channel.
Warning: can't set `group_imports = StdExternalCrate`, unstable features are only available in nightly channel.
Warning: can't set `ignore = IgnoreList { path_set: {"manytrace"}, rustfmt_toml_path: "" }`, unstable features are only available in nightly channel.
Warning: can't set `imports_granularity = Crate`, unstable features are only available in nightly channel.
Warning: can't set `group_imports = StdExternalCrate`, unstable features are only available in nightly channel.
Warning: can't set `ignore = IgnoreList { path_set: {"manytrace"}, rustfmt_toml_path: "" }`, unstable features are only available in nightly channel.
Warning: can't set `imports_granularity = Crate`, unstable features are only available in nightly channel.
Warning: can't set `group_imports = StdExternalCrate`, unstable features are only available in nightly channel.
Warning: can't set `ignore = IgnoreList { path_set: {"manytrace"}, rustfmt_toml_path: "" }`, unstable features are only available in nightly channel.
Warning: can't set `imports_granularity = Crate`, unstable features are only available in nightly channel.
Warning: can't set `group_imports = StdExternalCrate`, unstable features are only available in nightly channel.
Warning: can't set `ignore = IgnoreList { path_set: {"manytrace"}, rustfmt_toml_path: "" }`, unstable features are only available in nightly channel.
Warning: can't set `imports_granularity = Crate`, unstable features are only available in nightly channel.
Warning: can't set `group_imports = StdExternalCrate`, unstable features are only available in nightly channel.
Warning: can't set `ignore = IgnoreList { path_set: {"manytrace"}, rustfmt_toml_path: "" }`, unstable features are only available in nightly channel.
Warning: can't set `imports_granularity = Crate`, unstable features are only available in nightly channel.
Warning: can't set `group_imports = StdExternalCrate`, unstable features are only available in nightly channel.
Warning: can't set `ignore = IgnoreList { path_set: {"manytrace"}, rustfmt_toml_path: "" }`, unstable features are only available in nightly channel.
Warning: can't set `imports_granularity = Crate`, unstable features are only available in nightly channel.
Warning: can't set `group_imports = StdExternalCrate`, unstable features are only available in nightly channel.
Warning: can't set `ignore = IgnoreList { path_set: {"manytrace"}, rustfmt_toml_path: "" }`, unstable features are only available in nightly channel.
Warning: can't set `imports_granularity = Crate`, unstable features are only available in nightly channel.
Warning: can't set `group_imports = StdExternalCrate`, unstable features are only available in nightly channel.
Warning: can't set `ignore = IgnoreList { path_set: {"manytrace"}, rustfmt_toml_path: "" }`, unstable features are only available in nightly channel.
Warning: can't set `imports_granularity = Crate`, unstable features are only available in nightly channel.
Warning: can't set `group_imports = StdExternalCrate`, unstable features are only available in nightly channel.
Warning: can't set `ignore = IgnoreList { path_set: {"manytrace"}, rustfmt_toml_path: "" }`, unstable features are only available in nightly channel.
Warning: can't set `imports_granularity = Crate`, unstable features are only available in nightly channel.
Warning: can't set `group_imports = StdExternalCrate`, unstable features are only available in nightly channel.
Warning: can't set `ignore = IgnoreList { path_set: {"manytrace"}, rustfmt_toml_path: "" }`, unstable features are only available in nightly channel.
Warning: can't set `imports_granularity = Crate`, unstable features are only available in nightly channel.
Warning: can't set `group_imports = StdExternalCrate`, unstable features are only available in nightly channel.
Warning: can't set `ignore = IgnoreList { path_set: {"manytrace"}, rustfmt_toml_path: "" }`, unstable features are only available in nightly channel.
Warning: can't set `imports_granularity = Crate`, unstable features are only available in nightly channel.
Warning: can't set `group_imports = StdExternalCrate`, unstable features are only available in nightly channel.
Warning: can't set `ignore = IgnoreList { path_set: {"manytrace"}, rustfmt_toml_path: "" }`, unstable features are only available in nightly channel.
Warning: can't set `imports_granularity = Crate`, unstable features are only available in nightly channel.
Warning: can't set `group_imports = StdExternalCrate`, unstable features are only available in nightly channel.
Warning: can't set `ignore = IgnoreList { path_set: {"manytrace"}, rustfmt_toml_path: "" }`, unstable features are only available in nightly channel.
Warning: can't set `imports_granularity = Crate`, unstable features are only available in nightly channel.
Warning: can't set `group_imports = StdExternalCrate`, unstable features are only available in nightly channel.
Warning: can't set `ignore = IgnoreList { path_set: {"manytrace"}, rustfmt_toml_path: "" }`, unstable features are only available in nightly channel.
Warning: can't set `imports_granularity = Crate`, unstable features are only available in nightly channel.
Warning: can't set `group_imports = StdExternalCrate`, unstable features are only available in nightly channel.
Warning: can't set `ignore = IgnoreList { path_set: {"manytrace"}, rustfmt_toml_path: "" }`, unstable features are only available in nightly channel.
Warning: can't set `imports_granularity = Crate`, unstable features are only available in nightly channel.
Warning: can't set `group_imports = StdExternalCrate`, unstable features are only available in nightly channel.
Warning: can't set `ignore = IgnoreList { path_set: {"manytrace"}, rustfmt_toml_path: "" }`, unstable features are only available in nightly channel.
Warning: can't set `imports_granularity = Crate`, unstable features are only available in nightly channel.
Warning: can't set `group_imports = StdExternalCrate`, unstable features are only available in nightly channel.
Warning: can't set `ignore = IgnoreList { path_set: {"manytrace"}, rustfmt_toml_path: "" }`, unstable features are only available in nightly channel.
Warning: can't set `imports_granularity = Crate`, unstable features are only available in nightly channel.
Warning: can't set `group_imports = StdExternalCrate`, unstable features are only available in nightly channel.
Warning: can't set `ignore = IgnoreList { path_set: {"manytrace"}, rustfmt_toml_path: "" }`, unstable features are only available in nightly channel.
Warning: can't set `imports_granularity = Crate`, unstable features are only available in nightly channel.
Warning: can't set `group_imports = StdExternalCrate`, unstable features are only available in nightly channel.
Warning: can't set `ignore = IgnoreList { path_set: {"manytrace"}, rustfmt_toml_path: "" }`, unstable features are only available in nightly channel.
Warning: can't set `imports_granularity = Crate`, unstable features are only available in nightly channel.
Warning: can't set `group_imports = StdExternalCrate`, unstable features are only available in nightly channel.
Warning: can't set `ignore = IgnoreList { path_set: {"manytrace"}, rustfmt_toml_path: "" }`, unstable features are only available in nightly channel.
Warning: can't set `imports_granularity = Crate`, unstable features are only available in nightly channel.
Warning: can't set `group_imports = StdExternalCrate`, unstable features are only available in nightly channel.
Warning: can't set `ignore = IgnoreList { path_set: {"manytrace"}, rustfmt_toml_path: "" }`, unstable features are only available in nightly channel.
Warning: can't set `imports_granularity = Crate`, unstable features are only available in nightly channel.
Warning: can't set `group_imports = StdExternalCrate`, unstable features are only available in nightly channel.
Warning: can't set `ignore = IgnoreList { path_set: {"manytrace"}, rustfmt_toml_path: "" }`, unstable features are only available in nightly channel.
Warning: can't set `imports_granularity = Crate`, unstable features are only available in nightly channel.
Warning: can't set `group_imports = StdExternalCrate`, unstable features are only available in nightly channel.
Warning: can't set `ignore = IgnoreList { path_set: {"manytrace"}, rustfmt_toml_path: "" }`, unstable features are only available in nightly channel.
Warning: can't set `imports_granularity = Crate`, unstable features are only available in nightly channel.
Warning: can't set `group_imports = StdExternalCrate`, unstable features are only available in nightly channel.
Warning: can't set `ignore = IgnoreList { path_set: {"manytrace"}, rustfmt_toml_path: "" }`, unstable features are only available in nightly channel.
Warning: can't set `imports_granularity = Crate`, unstable features are only available in nightly channel.
Warning: can't set `group_imports = StdExternalCrate`, unstable features are only available in nightly channel.
Warning: can't set `ignore = IgnoreList { path_set: {"manytrace"}, rustfmt_toml_path: "" }`, unstable features are only available in nightly channel.
Warning: can't set `imports_granularity = Crate`, unstable features are only available in nightly channel.
Warning: can't set `group_imports = StdExternalCrate`, unstable features are only available in nightly channel.
Warning: can't set `ignore = IgnoreList { path_set: {"manytrace"}, rustfmt_toml_path: "" }`, unstable features are only available in nightly channel.
Warning: can't set `imports_granularity = Crate`, unstable features are only available in nightly channel.
Warning: can't set `group_imports = StdExternalCrate`, unstable features are only available in nightly channel.
Warning: can't set `ignore = IgnoreList { path_set: {"manytrace"}, rustfmt_toml_path: "" }`, unstable features are only available in nightly channel.
Warning: can't set `imports_granularity = Crate`, unstable features are only available in nightly channel.
Warning: can't set `group_imports = StdExternalCrate`, unstable features are only available in nightly channel.
Warning: can't set `ignore = IgnoreList { path_set: {"manytrace"}, rustfmt_toml_path: "" }`, unstable features are only available in nightly channel.
Warning: can't set `imports_granularity = Crate`, unstable features are only available in nightly channel.
Warning: can't set `group_imports = StdExternalCrate`, unstable features are only available in nightly channel.
Warning: can't set `ignore = IgnoreList { path_set: {"manytrace"}, rustfmt_toml_path: "" }`, unstable features are only available in nightly channel.
Warning: can't set `imports_granularity = Crate`, unstable features are only available in nightly channel.
Warning: can't set `group_imports = StdExternalCrate`, unstable features are only available in nightly channel.
Warning: can't set `ignore = IgnoreList { path_set: {"manytrace"}, rustfmt_toml_path: "" }`, unstable features are only available in nightly channel.
Warning: can't set `imports_granularity = Crate`, unstable features are only available in nightly channel.
Warning: can't set `group_imports = StdExternalCrate`, unstable features are only available in nightly channel.
Warning: can't set `ignore = IgnoreList { path_set: {"manytrace"}, rustfmt_toml_path: "" }`, unstable features are only available in nightly channel.
Warning: can't set `imports_granularity = Crate`, unstable features are only available in nightly channel.
Warning: can't set `group_imports = StdExternalCrate`, unstable features are only available in nightly channel.
Warning: can't set `ignore = IgnoreList { path_set: {"manytrace"}, rustfmt_toml_path: "" }`, unstable features are only available in nightly channel.
Warning: can't set `imports_granularity = Crate`, unstable features are only available in nightly channel.
Warning: can't set `group_imports = StdExternalCrate`, unstable features are only available in nightly channel.
Warning: can't set `ignore = IgnoreList { path_set: {"manytrace"}, rustfmt_toml_path: "" }`, unstable features are only available in nightly channel.
Warning: can't set `imports_granularity = Crate`, unstable features are only available in nightly channel.
Warning: can't set `group_imports = StdExternalCrate`, unstable features are only available in nightly channel.
Warning: can't set `ignore = IgnoreList { path_set: {"manytrace"}, rustfmt_toml_path: "" }`, unstable features are only available in nightly channel.
Warning: can't set `imports_granularity = Crate`, unstable features are only available in nightly channel.
Warning: can't set `group_imports = StdExternalCrate`, unstable features are only available in nightly channel.
Warning: can't set `ignore = IgnoreList { path_set: {"manytrace"}, rustfmt_toml_path: "" }`, unstable features are only available in nightly channel.
Warning: can't set `imports_granularity = Crate`, unstable features are only available in nightly channel.
Warning: can't set `group_imports = StdExternalCrate`, unstable features are only available in nightly channel.
Warning: can't set `ignore = IgnoreList { path_set: {"manytrace"}, rustfmt_toml_path: "" }`, unstable features are only available in nightly channel.
Warning: can't set `imports_granularity = Crate`, unstable features are only available in nightly channel.
Warning: can't set `group_imports = StdExternalCrate`, unstable features are only available in nightly channel.
Warning: can't set `ignore = IgnoreList { path_set: {"manytrace"}, rustfmt_toml_path: "" }`, unstable features are only available in nightly channel.
Warning: can't set `imports_granularity = Crate`, unstable features are only available in nightly channel.
Warning: can't set `group_imports = StdExternalCrate`, unstable features are only available in nightly channel.
Warning: can't set `ignore = IgnoreList { path_set: {"manytrace"}, rustfmt_toml_path: "" }`, unstable features are only available in nightly channel.
Warning: can't set `imports_granularity = Crate`, unstable features are only available in nightly channel.
Warning: can't set `group_imports = StdExternalCrate`, unstable features are only available in nightly channel.
Warning: can't set `ignore = IgnoreList { path_set: {"manytrace"}, rustfmt_toml_path: "" }`, unstable features are only available in nightly channel.
Warning: can't set `imports_granularity = Crate`, unstable features are only available in nightly channel.
Warning: can't set `group_imports = StdExternalCrate`, unstable features are only available in nightly channel.
Warning: can't set `ignore = IgnoreList { path_set: {"manytrace"}, rustfmt_toml_path: "" }`, unstable features are only available in nightly channel.
Warning: can't set `imports_granularity = Crate`, unstable features are only available in nightly channel.
Warning: can't set `group_imports = StdExternalCrate`, unstable features are only available in nightly channel.
Warning: can't set `ignore = IgnoreList { path_set: {"manytrace"}, rustfmt_toml_path: "" }`, unstable features are only available in nightly channel.
Warning: can't set `imports_granularity = Crate`, unstable features are only available in nightly channel.
Warning: can't set `group_imports = StdExternalCrate`, unstable features are only available in nightly channel.
Warning: can't set `ignore = IgnoreList { path_set: {"manytrace"}, rustfmt_toml_path: "" }`, unstable features are only available in nightly channel.
Warning: can't set `imports_granularity = Crate`, unstable features are only available in nightly channel.
Warning: can't set `group_imports = StdExternalCrate`, unstable features are only available in nightly channel.
Warning: can't set `ignore = IgnoreList { path_set: {"manytrace"}, rustfmt_toml_path: "" }`, unstable features are only available in nightly channel.
Warning: can't set `imports_granularity = Crate`, unstable features are only available in nightly channel.
Warning: can't set `group_imports = StdExternalCrate`, unstable features are only available in nightly channel.
Warning: can't set `ignore = IgnoreList { path_set: {"manytrace"}, rustfmt_toml_path: "" }`, unstable features are only available in nightly channel.
Warning: can't set `imports_granularity = Crate`, unstable features are only available in nightly channel.
Warning: can't set `group_imports = StdExternalCrate`, unstable features are only available in nightly channel.
Warning: can't set `ignore = IgnoreList { path_set: {"manytrace"}, rustfmt_toml_path: "" }`, unstable features are only available in nightly channel.
Warning: can't set `imports_granularity = Crate`, unstable features are only available in nightly channel.
Warning: can't set `group_imports = StdExternalCrate`, unstable features are only available in nightly channel.
Warning: can't set `ignore = IgnoreList { path_set: {"manytrace"}, rustfmt_toml_path: "" }`, unstable features are only available in nightly channel.
Warning: can't set `imports_granularity = Crate`, unstable features are only available in nightly channel.
Warning: can't set `group_imports = StdExternalCrate`, unstable features are only available in nightly channel.
Warning: can't set `ignore = IgnoreList { path_set: {"manytrace"}, rustfmt_toml_path: "" }`, unstable features are only available in nightly channel.
Warning: can't set `imports_granularity = Crate`, unstable features are only available in nightly channel.
Warning: can't set `group_imports = StdExternalCrate`, unstable features are only available in nightly channel.
Warning: can't set `ignore = IgnoreList { path_set: {"manytrace"}, rustfmt_toml_path: "" }`, unstable features are only available in nightly channel.
Warning: can't set `imports_granularity = Crate`, unstable features are only available in nightly channel.
Warning: can't set `group_imports = StdExternalCrate`, unstable features are only available in nightly channel.
Warning: can't set `ignore = IgnoreList { path_set: {"manytrace"}, rustfmt_toml_path: "" }`, unstable features are only available in nightly channel.
Warning: can't set `imports_granularity = Crate`, unstable features are only available in nightly channel.
Warning: can't set `group_imports = StdExternalCrate`, unstable features are only available in nightly channel.
Warning: can't set `ignore = IgnoreList { path_set: {"manytrace"}, rustfmt_toml_path: "" }`, unstable features are only available in nightly channel.
Warning: can't set `imports_granularity = Crate`, unstable features are only available in nightly channel.
Warning: can't set `group_imports = StdExternalCrate`, unstable features are only available in nightly channel.
Warning: can't set `ignore = IgnoreList { path_set: {"manytrace"}, rustfmt_toml_path: "" }`, unstable features are only available in nightly channel.
Warning: can't set `imports_granularity = Crate`, unstable features are only available in nightly channel.
Warning: can't set `group_imports = StdExternalCrate`, unstable features are only available in nightly channel.
Warning: can't set `ignore = IgnoreList { path_set: {"manytrace"}, rustfmt_toml_path: "" }`, unstable features are only available in nightly channel.
Warning: can't set `imports_granularity = Crate`, unstable features are only available in nightly channel.
Warning: can't set `group_imports = StdExternalCrate`, unstable features are only available in nightly channel.
Warning: can't set `ignore = IgnoreList { path_set: {"manytrace"}, rustfmt_toml_path: "" }`, unstable features are only available in nightly channel.
Warning: can't set `imports_granularity = Crate`, unstable features are only available in nightly channel.
Warning: can't set `group_imports = StdExternalCrate`, unstable features are only available in nightly channel.
Warning: can't set `ignore = IgnoreList { path_set: {"manytrace"}, rustfmt_toml_path: "" }`, unstable features are only available in nightly channel.
Warning: can't set `imports_granularity = Crate`, unstable features are only available in nightly channel.
Warning: can't set `group_imports = StdExternalCrate`, unstable features are only available in nightly channel.
Warning: can't set `ignore = IgnoreList { path_set: {"manytrace"}, rustfmt_toml_path: "" }`, unstable features are only available in nightly channel.
Warning: can't set `imports_granularity = Crate`, unstable features are only available in nightly channel.
Warning: can't set `group_imports = StdExternalCrate`, unstable features are only available in nightly channel.
Warning: can't set `ignore = IgnoreList { path_set: {"manytrace"}, rustfmt_toml_path: "" }`, unstable features are only available in nightly channel.
Warning: can't set `imports_granularity = Crate`, unstable features are only available in nightly channel.
Warning: can't set `group_imports = StdExternalCrate`, unstable features are only available in nightly channel.
Warning: can't set `ignore = IgnoreList { path_set: {"manytrace"}, rustfmt_toml_path: "" }`, unstable features are only available in nightly channel.
Warning: can't set `imports_granularity = Crate`, unstable features are only available in nightly channel.
Warning: can't set `group_imports = StdExternalCrate`, unstable features are only available in nightly channel.
Warning: can't set `ignore = IgnoreList { path_set: {"manytrace"}, rustfmt_toml_path: "" }`, unstable features are only available in nightly channel.
Warning: can't set `imports_granularity = Crate`, unstable features are only available in nightly channel.
Warning: can't set `group_imports = StdExternalCrate`, unstable features are only available in nightly channel.
Warning: can't set `ignore = IgnoreList { path_set: {"manytrace"}, rustfmt_toml_path: "" }`, unstable features are only available in nightly channel.
Warning: can't set `imports_granularity = Crate`, unstable features are only available in nightly channel.
Warning: can't set `group_imports = StdExternalCrate`, unstable features are only available in nightly channel.
Warning: can't set `ignore = IgnoreList { path_set: {"manytrace"}, rustfmt_toml_path: "" }`, unstable features are only available in nightly channel.
Warning: can't set `imports_granularity = Crate`, unstable features are only available in nightly channel.
Warning: can't set `group_imports = StdExternalCrate`, unstable features are only available in nightly channel.
Warning: can't set `ignore = IgnoreList { path_set: {"manytrace"}, rustfmt_toml_path: "" }`, unstable features are only available in nightly channel.
Warning: can't set `imports_granularity = Crate`, unstable features are only available in nightly channel.
Warning: can't set `group_imports = StdExternalCrate`, unstable features are only available in nightly channel.
Warning: can't set `ignore = IgnoreList { path_set: {"manytrace"}, rustfmt_toml_path: "" }`, unstable features are only available in nightly channel.
Warning: can't set `imports_granularity = Crate`, unstable features are only available in nightly channel.
Warning: can't set `group_imports = StdExternalCrate`, unstable features are only available in nightly channel.
Warning: can't set `ignore = IgnoreList { path_set: {"manytrace"}, rustfmt_toml_path: "" }`, unstable features are only available in nightly channel.
Warning: can't set `imports_granularity = Crate`, unstable features are only available in nightly channel.
Warning: can't set `group_imports = StdExternalCrate`, unstable features are only available in nightly channel.
Warning: can't set `ignore = IgnoreList { path_set: {"manytrace"}, rustfmt_toml_path: "" }`, unstable features are only available in nightly channel.
Warning: can't set `imports_granularity = Crate`, unstable features are only available in nightly channel.
Warning: can't set `group_imports = StdExternalCrate`, unstable features are only available in nightly channel.
Warning: can't set `ignore = IgnoreList { path_set: {"manytrace"}, rustfmt_toml_path: "" }`, unstable features are only available in nightly channel.
Warning: can't set `imports_granularity = Crate`, unstable features are only available in nightly channel.
Warning: can't set `group_imports = StdExternalCrate`, unstable features are only available in nightly channel.
Warning: can't set `ignore = IgnoreList { path_set: {"manytrace"}, rustfmt_toml_path: "" }`, unstable features are only available in nightly channel.
Warning: can't set `imports_granularity = Crate`, unstable features are only available in nightly channel.
Warning: can't set `group_imports = StdExternalCrate`, unstable features are only available in nightly channel.
Warning: can't set `ignore = IgnoreList { path_set: {"manytrace"}, rustfmt_toml_path: "" }`, unstable features are only available in nightly channel.
Warning: can't set `imports_granularity = Crate`, unstable features are only available in nightly channel.
Warning: can't set `group_imports = StdExternalCrate`, unstable features are only available in nightly channel.
Warning: can't set `ignore = IgnoreList { path_set: {"manytrace"}, rustfmt_toml_path: "" }`, unstable features are only available in nightly channel.
Warning: can't set `imports_granularity = Crate`, unstable features are only available in nightly channel.
Warning: can't set `group_imports = StdExternalCrate`, unstable features are only available in nightly channel.
Warning: can't set `ignore = IgnoreList { path_set: {"manytrace"}, rustfmt_toml_path: "" }`, unstable features are only available in nightly channel.
Warning: can't set `imports_granularity = Crate`, unstable features are only available in nightly channel.
Warning: can't set `group_imports = StdExternalCrate`, unstable features are only available in nightly channel.
Warning: can't set `ignore = IgnoreList { path_set: {"manytrace"}, rustfmt_toml_path: "" }`, unstable features are only available in nightly channel.
Warning: can't set `imports_granularity = Crate`, unstable features are only available in nightly channel.
Warning: can't set `group_imports = StdExternalCrate`, unstable features are only available in nightly channel.
Warning: can't set `ignore = IgnoreList { path_set: {"manytrace"}, rustfmt_toml_path: "" }`, unstable features are only available in nightly channel.
Warning: can't set `imports_granularity = Crate`, unstable features are only available in nightly channel.
Warning: can't set `group_imports = StdExternalCrate`, unstable features are only available in nightly channel.
Warning: can't set `ignore = IgnoreList { path_set: {"manytrace"}, rustfmt_toml_path: "" }`, unstable features are only available in nightly channel.
Warning: can't set `imports_granularity = Crate`, unstable features are only available in nightly channel.
Warning: can't set `group_imports = StdExternalCrate`, unstable features are only available in nightly channel.
Warning: can't set `ignore = IgnoreList { path_set: {"manytrace"}, rustfmt_toml_path: "" }`, unstable features are only available in nightly channel.
Warning: can't set `imports_granularity = Crate`, unstable features are only available in nightly channel.
Warning: can't set `group_imports = StdExternalCrate`, unstable features are only available in nightly channel.
Warning: can't set `ignore = IgnoreList { path_set: {"manytrace"}, rustfmt_toml_path: "" }`, unstable features are only available in nightly channel.
Warning: can't set `imports_granularity = Crate`, unstable features are only available in nightly channel.
Warning: can't set `group_imports = StdExternalCrate`, unstable features are only available in nightly channel.
Warning: can't set `ignore = IgnoreList { path_set: {"manytrace"}, rustfmt_toml_path: "" }`, unstable features are only available in nightly channel.
Warning: can't set `imports_granularity = Crate`, unstable features are only available in nightly channel.
Warning: can't set `group_imports = StdExternalCrate`, unstable features are only available in nightly channel.
Warning: can't set `ignore = IgnoreList { path_set: {"manytrace"}, rustfmt_toml_path: "" }`, unstable features are only available in nightly channel.
Warning: can't set `imports_granularity = Crate`, unstable features are only available in nightly channel.
Warning: can't set `group_imports = StdExternalCrate`, unstable features are only available in nightly channel.
Warning: can't set `ignore = IgnoreList { path_set: {"manytrace"}, rustfmt_toml_path: "" }`, unstable features are only available in nightly channel.
Warning: can't set `imports_granularity = Crate`, unstable features are only available in nightly channel.
Warning: can't set `group_imports = StdExternalCrate`, unstable features are only available in nightly channel.
Warning: can't set `ignore = IgnoreList { path_set: {"manytrace"}, rustfmt_toml_path: "" }`, unstable features are only available in nightly channel.
Warning: can't set `imports_granularity = Crate`, unstable features are only available in nightly channel.
Warning: can't set `group_imports = StdExternalCrate`, unstable features are only available in nightly channel.
Warning: can't set `ignore = IgnoreList { path_set: {"manytrace"}, rustfmt_toml_path: "" }`, unstable features are only available in nightly channel.
Warning: can't set `imports_granularity = Crate`, unstable features are only available in nightly channel.
Warning: can't set `group_imports = StdExternalCrate`, unstable features are only available in nightly channel.
Warning: can't set `ignore = IgnoreList { path_set: {"manytrace"}, rustfmt_toml_path: "" }`, unstable features are only available in nightly channel.
Warning: can't set `imports_granularity = Crate`, unstable features are only available in nightly channel.
Warning: can't set `group_imports = StdExternalCrate`, unstable features are only available in nightly channel.
Warning: can't set `ignore = IgnoreList { path_set: {"manytrace"}, rustfmt_toml_path: "" }`, unstable features are only available in nightly channel.
Warning: can't set `imports_granularity = Crate`, unstable features are only available in nightly channel.
Warning: can't set `group_imports = StdExternalCrate`, unstable features are only available in nightly channel.
Warning: can't set `ignore = IgnoreList { path_set: {"manytrace"}, rustfmt_toml_path: "" }`, unstable features are only available in nightly channel.
Warning: can't set `imports_granularity = Crate`, unstable features are only available in nightly channel.
Warning: can't set `group_imports = StdExternalCrate`, unstable features are only available in nightly channel.
Warning: can't set `ignore = IgnoreList { path_set: {"manytrace"}, rustfmt_toml_path: "" }`, unstable features are only available in nightly channel.
Warning: can't set `imports_granularity = Crate`, unstable features are only available in nightly channel.
Warning: can't set `group_imports = StdExternalCrate`, unstable features are only available in nightly channel.
Warning: can't set `ignore = IgnoreList { path_set: {"manytrace"}, rustfmt_toml_path: "" }`, unstable features are only available in nightly channel.
Warning: can't set `imports_granularity = Crate`, unstable features are only available in nightly channel.
Warning: can't set `group_imports = StdExternalCrate`, unstable features are only available in nightly channel.
Warning: can't set `ignore = IgnoreList { path_set: {"manytrace"}, rustfmt_toml_path: "" }`, unstable features are only available in nightly channel.
Warning: can't set `imports_granularity = Crate`, unstable features are only available in nightly channel.
Warning: can't set `group_imports = StdExternalCrate`, unstable features are only available in nightly channel.
Warning: can't set `ignore = IgnoreList { path_set: {"manytrace"}, rustfmt_toml_path: "" }`, unstable features are only available in nightly channel.
Warning: can't set `imports_granularity = Crate`, unstable features are only available in nightly channel.
Warning: can't set `group_imports = StdExternalCrate`, unstable features are only available in nightly channel.
Warning: can't set `ignore = IgnoreList { path_set: {"manytrace"}, rustfmt_toml_path: "" }`, unstable features are only available in nightly channel.
Warning: can't set `imports_granularity = Crate`, unstable features are only available in nightly channel.
Warning: can't set `group_imports = StdExternalCrate`, unstable features are only available in nightly channel.
Warning: can't set `ignore = IgnoreList { path_set: {"manytrace"}, rustfmt_toml_path: "" }`, unstable features are only available in nightly channel.
Warning: can't set `imports_granularity = Crate`, unstable features are only available in nightly channel.
Warning: can't set `group_imports = StdExternalCrate`, unstable features are only available in nightly channel.
Warning: can't set `ignore = IgnoreList { path_set: {"manytrace"}, rustfmt_toml_path: "" }`, unstable features are only available in nightly channel.
Warning: can't set `imports_granularity = Crate`, unstable features are only available in nightly channel.
Warning: can't set `group_imports = StdExternalCrate`, unstable features are only available in nightly channel.
Warning: can't set `ignore = IgnoreList { path_set: {"manytrace"}, rustfmt_toml_path: "" }`, unstable features are only available in nightly channel.
Warning: can't set `imports_granularity = Crate`, unstable features are only available in nightly channel.
Warning: can't set `group_imports = StdExternalCrate`, unstable features are only available in nightly channel.
Warning: can't set `ignore = IgnoreList { path_set: {"manytrace"}, rustfmt_toml_path: "" }`, unstable features are only available in nightly channel.
Warning: can't set `imports_granularity = Crate`, unstable features are only available in nightly channel.
Warning: can't set `group_imports = StdExternalCrate`, unstable features are only available in nightly channel.
Warning: can't set `ignore = IgnoreList { path_set: {"manytrace"}, rustfmt_toml_path: "" }`, unstable features are only available in nightly channel.
Warning: can't set `imports_granularity = Crate`, unstable features are only available in nightly channel.
Warning: can't set `group_imports = StdExternalCrate`, unstable features are only available in nightly channel.
Warning: can't set `ignore = IgnoreList { path_set: {"manytrace"}, rustfmt_toml_path: "" }`, unstable features are only available in nightly channel.
Warning: can't set `imports_granularity = Crate`, unstable features are only available in nightly channel.
Warning: can't set `group_imports = StdExternalCrate`, unstable features are only available in nightly channel.
Warning: can't set `ignore = IgnoreList { path_set: {"manytrace"}, rustfmt_toml_path: "" }`, unstable features are only available in nightly channel.
Warning: can't set `imports_granularity = Crate`, unstable features are only available in nightly channel.
Warning: can't set `group_imports = StdExternalCrate`, unstable features are only available in nightly channel.
Warning: can't set `ignore = IgnoreList { path_set: {"manytrace"}, rustfmt_toml_path: "" }`, unstable features are only available in nightly channel.
Warning: can't set `imports_granularity = Crate`, unstable features are only available in nightly channel.
Warning: can't set `group_imports = StdExternalCrate`, unstable features are only available in nightly channel.
Warning: can't set `ignore = IgnoreList { path_set: {"manytrace"}, rustfmt_toml_path: "" }`, unstable features are only available in nightly channel.
   Compiling monad-crypto v0.1.0 (/home/runner/work/test/test/monad-bft/monad-crypto)
   Compiling monad-tfm v0.1.0 (/home/runner/work/test/test/monad-bft/monad-tfm)
   Compiling monad-version v0.1.0 (/home/runner/work/test/test/monad-bft/monad-version)
   Compiling monad-wal-derive v0.1.0 (/home/runner/work/test/test/monad-bft/monad-wal-derive)
   Compiling monad-wal v0.1.0 (/home/runner/work/test/test/monad-bft/monad-wal)
   Compiling monad-types v0.1.0 (/home/runner/work/test/test/monad-bft/monad-types)
   Compiling monad-compress v0.1.0 (/home/runner/work/test/test/monad-bft/monad-compress)
   Compiling monad-eth-types v0.1.0 (/home/runner/work/test/test/monad-bft/monad-eth-types)
   Compiling monad-executor v0.1.0 (/home/runner/work/test/test/monad-bft/monad-executor)
   Compiling monad-validator v0.1.0 (/home/runner/work/test/test/monad-bft/monad-validator)
   Compiling monad-execution-state-read v0.1.0 (/home/runner/work/test/test/monad-bft/monad-execution-state-read)
   Compiling monad-chain-config v0.1.0 (/home/runner/work/test/test/monad-bft/monad-chain-config)
   Compiling monad-peer-score v0.1.0 (/home/runner/work/test/test/monad-bft/monad-peer-score)
warning: unused variable: `block_num`
  --> monad-execution-state-read/src/mock.rs:80:9
   |
80 |         block_num: SeqNum,
   |         ^^^^^^^^^ help: if this is intentional, prefix it with an underscore: `_block_num`
   |
   = note: `#[warn(unused_variables)]` (part of `#[warn(unused)]`) on by default

warning: unused variable: `requested_epoch`
  --> monad-execution-state-read/src/mock.rs:81:9
   |
81 |         requested_epoch: monad_types::Epoch,
   |         ^^^^^^^^^^^^^^^ help: if this is intentional, prefix it with an underscore: `_requested_epoch`

   Compiling monad-consensus-types v0.1.0 (/home/runner/work/test/test/monad-bft/monad-consensus-types)
warning: `monad-execution-state-read` (lib) generated 2 warnings
   Compiling monad-secp v0.1.0 (/home/runner/work/test/test/monad-bft/monad-secp)
   Compiling monad-leanudp v0.1.0 (/home/runner/work/test/test/monad-bft/monad-leanudp)
   Compiling monad-wireauth v0.1.0 (/home/runner/work/test/test/monad-bft/monad-wireauth)
   Compiling monad-dataplane v0.1.0 (/home/runner/work/test/test/monad-bft/monad-dataplane)
   Compiling monad-raptor v0.1.0 (/home/runner/work/test/test/monad-bft/monad-raptor)
   Compiling monad-consensus v0.1.0 (/home/runner/work/test/test/monad-bft/monad-consensus)
   Compiling monad-blocktree v0.1.0 (/home/runner/work/test/test/monad-bft/monad-blocktree)
   Compiling monad-node-config v0.1.0 (/home/runner/work/test/test/monad-bft/monad-node-config)
   Compiling monad-blocksync v0.1.0 (/home/runner/work/test/test/monad-bft/monad-blocksync)
   Compiling monad-merkle v0.1.0 (/home/runner/work/test/test/monad-bft/monad-merkle)
   Compiling monad-testutil v0.1.0 (/home/runner/work/test/test/monad-bft/monad-testutil)
   Compiling monad-executor-glue v0.1.0 (/home/runner/work/test/test/monad-bft/monad-executor-glue)
   Compiling monad-peer-discovery v0.1.0 (/home/runner/work/test/test/monad-bft/monad-peer-discovery)
warning: unused doc comment
  --> monad-peer-discovery/src/discovery.rs:59:1
   |
59 | /// Metrics constants
   | ^^^^^^^^^^^^^^^^^^^^^ rustdoc does not generate documentation for macro invocations
   |
   = help: to document an item produced by a macro, the macro must produce the documentation as part of its expansion
   = note: `#[warn(unused_doc_comments)]` (part of `#[warn(unused)]`) on by default

   Compiling monad-raptorcast v0.1.0 (/home/runner/work/test/test/monad-bft/monad-raptorcast)
warning: `monad-peer-discovery` (lib) generated 1 warning
warning: unused import: `CertificateKeyPair`
    --> monad-raptorcast/src/udp.rs:2234:37
     |
2234 |             certificate_signature::{CertificateKeyPair, PubKey as _},
     |                                     ^^^^^^^^^^^^^^^^^^
     |
     = note: `#[warn(unused_imports)]` (part of `#[warn(unused)]`) on by default

warning: unused import: `PubKey`
    --> monad-raptorcast/src/udp.rs:2234:57
     |
2234 |             certificate_signature::{CertificateKeyPair, PubKey as _},
     |                                                         ^^^^^^

warning: unused import: `CertificateKeyPair`
    --> monad-raptorcast/src/udp.rs:2481:37
     |
2481 |             certificate_signature::{CertificateKeyPair, PubKey as _},
     |                                     ^^^^^^^^^^^^^^^^^^

warning: unused import: `PubKey`
    --> monad-raptorcast/src/udp.rs:2481:57
     |
2481 |             certificate_signature::{CertificateKeyPair, PubKey as _},
     |                                                         ^^^^^^

warning: unused variable: `group`
    --> monad-raptorcast/src/raptorcast_secondary/publisher.rs:2427:13
     |
2427 |         let group = v0_fsm.group_schedule.get(&start_round).unwrap();
     |             ^^^^^ help: if this is intentional, prefix it with an underscore: `_group`
     |
     = note: `#[warn(unused_variables)]` (part of `#[warn(unused)]`) on by default

warning: method `get_secondary` is never used
   --> monad-raptorcast/src/round_info.rs:135:8
    |
 51 | impl<PT: PubKey> RoundInfoCache<PT> {
    | ----------------------------------- method in this implementation
...
135 |     fn get_secondary(
    |        ^^^^^^^^^^^^^
    |
    = note: `#[warn(dead_code)]` (part of `#[warn(unused)]`) on by default

warning: unused return value of `publisher::Publisher::<ST>::on_candidate_response` that must be used
    --> monad-raptorcast/src/raptorcast_secondary/publisher.rs:1466:9
     |
1466 |         v0_fsm.on_candidate_response(accept_msg);
     |         ^^^^^^^^^^^^^^^^^^^^^^^^^^^^^^^^^^^^^^^^
     |
     = note: `#[warn(unused_must_use)]` (part of `#[warn(unused)]`) on by default
help: use `let _ = ...` to ignore the resulting value
     |
1466 |         let _ = v0_fsm.on_candidate_response(accept_msg);
     |         +++++++

warning: unused return value of `publisher::Publisher::<ST>::on_candidate_response` that must be used
    --> monad-raptorcast/src/raptorcast_secondary/publisher.rs:2433:9
     |
2433 |         v0_fsm.on_candidate_response(attacker_response);
     |         ^^^^^^^^^^^^^^^^^^^^^^^^^^^^^^^^^^^^^^^^^^^^^^^
     |
help: use `let _ = ...` to ignore the resulting value
     |
2433 |         let _ = v0_fsm.on_candidate_response(attacker_response);
     |         +++++++

warning: unused return value of `publisher::Publisher::<ST>::on_candidate_response` that must be used
    --> monad-raptorcast/src/raptorcast_secondary/publisher.rs:2603:9
     |
2603 |         v0_fsm.on_candidate_response(accept_msg);
     |         ^^^^^^^^^^^^^^^^^^^^^^^^^^^^^^^^^^^^^^^^
     |
help: use `let _ = ...` to ignore the resulting value
     |
2603 |         let _ = v0_fsm.on_candidate_response(accept_msg);
     |         +++++++

warning: unused return value of `publisher::Publisher::<ST>::on_candidate_response` that must be used
    --> monad-raptorcast/src/raptorcast_secondary/publisher.rs:2614:9
     |
2614 |         v0_fsm.on_candidate_response(accept_msg);
     |         ^^^^^^^^^^^^^^^^^^^^^^^^^^^^^^^^^^^^^^^^
     |
help: use `let _ = ...` to ignore the resulting value
     |
2614 |         let _ = v0_fsm.on_candidate_response(accept_msg);
     |         +++++++

warning: unused return value of `publisher::Publisher::<ST>::on_candidate_response` that must be used
    --> monad-raptorcast/src/raptorcast_secondary/publisher.rs:2666:9
     |
2666 |         fsm.on_candidate_response(accept);
     |         ^^^^^^^^^^^^^^^^^^^^^^^^^^^^^^^^^
     |
help: use `let _ = ...` to ignore the resulting value
     |
2666 |         let _ = fsm.on_candidate_response(accept);
     |         +++++++

warning: unused return value of `publisher::Publisher::<ST>::on_candidate_response` that must be used
    --> monad-raptorcast/src/raptorcast_secondary/publisher.rs:2668:9
     |
2668 |         fsm.on_candidate_response(accept);
     |         ^^^^^^^^^^^^^^^^^^^^^^^^^^^^^^^^^
     |
help: use `let _ = ...` to ignore the resulting value
     |
2668 |         let _ = fsm.on_candidate_response(accept);
     |         +++++++

warning: unused return value of `publisher::Publisher::<ST>::on_candidate_response` that must be used
    --> monad-raptorcast/src/raptorcast_secondary/publisher.rs:2670:9
     |
2670 |         fsm.on_candidate_response(accept);
     |         ^^^^^^^^^^^^^^^^^^^^^^^^^^^^^^^^^
     |
help: use `let _ = ...` to ignore the resulting value
     |
2670 |         let _ = fsm.on_candidate_response(accept);
     |         +++++++

warning: unused return value of `publisher::Publisher::<ST>::on_candidate_response` that must be used
    --> monad-raptorcast/src/raptorcast_secondary/publisher.rs:2903:9
     |
2903 |         fsm.on_candidate_response(FullNodesGroupMessage::ParticipationReport(report));
     |         ^^^^^^^^^^^^^^^^^^^^^^^^^^^^^^^^^^^^^^^^^^^^^^^^^^^^^^^^^^^^^^^^^^^^^^^^^^^^^
     |
help: use `let _ = ...` to ignore the resulting value
     |
2903 |         let _ = fsm.on_candidate_response(FullNodesGroupMessage::ParticipationReport(report));
     |         +++++++

warning: unused return value of `publisher::Publisher::<ST>::on_candidate_response` that must be used
    --> monad-raptorcast/src/raptorcast_secondary/publisher.rs:2932:9
     |
2932 |         fsm.on_candidate_response(FullNodesGroupMessage::ParticipationReport(report));
     |         ^^^^^^^^^^^^^^^^^^^^^^^^^^^^^^^^^^^^^^^^^^^^^^^^^^^^^^^^^^^^^^^^^^^^^^^^^^^^^
     |
help: use `let _ = ...` to ignore the resulting value
     |
2932 |         let _ = fsm.on_candidate_response(FullNodesGroupMessage::ParticipationReport(report));
     |         +++++++

warning: unused return value of `publisher::Publisher::<ST>::on_candidate_response` that must be used
    --> monad-raptorcast/src/raptorcast_secondary/publisher.rs:2946:9
     |
2946 |         fsm.on_candidate_response(FullNodesGroupMessage::ParticipationReport(report));
     |         ^^^^^^^^^^^^^^^^^^^^^^^^^^^^^^^^^^^^^^^^^^^^^^^^^^^^^^^^^^^^^^^^^^^^^^^^^^^^^
     |
help: use `let _ = ...` to ignore the resulting value
     |
2946 |         let _ = fsm.on_candidate_response(FullNodesGroupMessage::ParticipationReport(report));
     |         +++++++

warning: unused return value of `publisher::Publisher::<ST>::on_candidate_response` that must be used
    --> monad-raptorcast/src/raptorcast_secondary/publisher.rs:2968:9
     |
2968 |         fsm.on_candidate_response(FullNodesGroupMessage::ParticipationReport(report));
     |         ^^^^^^^^^^^^^^^^^^^^^^^^^^^^^^^^^^^^^^^^^^^^^^^^^^^^^^^^^^^^^^^^^^^^^^^^^^^^^
     |
help: use `let _ = ...` to ignore the resulting value
     |
2968 |         let _ = fsm.on_candidate_response(FullNodesGroupMessage::ParticipationReport(report));
     |         +++++++

warning: unused return value of `publisher::Publisher::<ST>::on_candidate_response` that must be used
    --> monad-raptorcast/src/raptorcast_secondary/publisher.rs:2989:9
     |
2989 |         fsm.on_candidate_response(FullNodesGroupMessage::ParticipationReport(report));
     |         ^^^^^^^^^^^^^^^^^^^^^^^^^^^^^^^^^^^^^^^^^^^^^^^^^^^^^^^^^^^^^^^^^^^^^^^^^^^^^
     |
help: use `let _ = ...` to ignore the resulting value
     |
2989 |         let _ = fsm.on_candidate_response(FullNodesGroupMessage::ParticipationReport(report));
     |         +++++++

warning: unused return value of `publisher::Publisher::<ST>::on_candidate_response` that must be used
    --> monad-raptorcast/src/raptorcast_secondary/publisher.rs:3009:9
     |
3009 |         fsm.on_candidate_response(FullNodesGroupMessage::ParticipationReport(report));
     |         ^^^^^^^^^^^^^^^^^^^^^^^^^^^^^^^^^^^^^^^^^^^^^^^^^^^^^^^^^^^^^^^^^^^^^^^^^^^^^
     |
help: use `let _ = ...` to ignore the resulting value
     |
3009 |         let _ = fsm.on_candidate_response(FullNodesGroupMessage::ParticipationReport(report));
     |         +++++++

warning: unused return value of `publisher::Publisher::<ST>::on_candidate_response` that must be used
    --> monad-raptorcast/src/raptorcast_secondary/publisher.rs:3019:9
     |
3019 |         fsm.on_candidate_response(FullNodesGroupMessage::ParticipationReport(report));
     |         ^^^^^^^^^^^^^^^^^^^^^^^^^^^^^^^^^^^^^^^^^^^^^^^^^^^^^^^^^^^^^^^^^^^^^^^^^^^^^
     |
help: use `let _ = ...` to ignore the resulting value
     |
3019 |         let _ = fsm.on_candidate_response(FullNodesGroupMessage::ParticipationReport(report));
     |         +++++++

warning: unused return value of `publisher::Publisher::<ST>::on_candidate_response` that must be used
    --> monad-raptorcast/src/raptorcast_secondary/publisher.rs:3044:9
     |
3044 |         fsm.on_candidate_response(FullNodesGroupMessage::ParticipationReport(report));
     |         ^^^^^^^^^^^^^^^^^^^^^^^^^^^^^^^^^^^^^^^^^^^^^^^^^^^^^^^^^^^^^^^^^^^^^^^^^^^^^
     |
help: use `let _ = ...` to ignore the resulting value
     |
3044 |         let _ = fsm.on_candidate_response(FullNodesGroupMessage::ParticipationReport(report));
     |         +++++++

warning: unused return value of `publisher::Publisher::<ST>::on_candidate_response` that must be used
    --> monad-raptorcast/src/raptorcast_secondary/publisher.rs:3054:9
     |
3054 |         fsm.on_candidate_response(FullNodesGroupMessage::ParticipationReport(report));
     |         ^^^^^^^^^^^^^^^^^^^^^^^^^^^^^^^^^^^^^^^^^^^^^^^^^^^^^^^^^^^^^^^^^^^^^^^^^^^^^
     |
help: use `let _ = ...` to ignore the resulting value
     |
3054 |         let _ = fsm.on_candidate_response(FullNodesGroupMessage::ParticipationReport(report));
     |         +++++++

warning: unused return value of `publisher::Publisher::<ST>::on_candidate_response` that must be used
    --> monad-raptorcast/src/raptorcast_secondary/publisher.rs:3086:9
     |
3086 |         fsm.on_candidate_response(FullNodesGroupMessage::ParticipationReport(report));
     |         ^^^^^^^^^^^^^^^^^^^^^^^^^^^^^^^^^^^^^^^^^^^^^^^^^^^^^^^^^^^^^^^^^^^^^^^^^^^^^
     |
help: use `let _ = ...` to ignore the resulting value
     |
3086 |         let _ = fsm.on_candidate_response(FullNodesGroupMessage::ParticipationReport(report));
     |         +++++++

warning: unused return value of `publisher::Publisher::<ST>::on_candidate_response` that must be used
    --> monad-raptorcast/src/raptorcast_secondary/publisher.rs:3107:9
     |
3107 |         fsm.on_candidate_response(FullNodesGroupMessage::ParticipationReport(report));
     |         ^^^^^^^^^^^^^^^^^^^^^^^^^^^^^^^^^^^^^^^^^^^^^^^^^^^^^^^^^^^^^^^^^^^^^^^^^^^^^
     |
help: use `let _ = ...` to ignore the resulting value
     |
3107 |         let _ = fsm.on_candidate_response(FullNodesGroupMessage::ParticipationReport(report));
     |         +++++++

warning: unused return value of `publisher::Publisher::<ST>::on_candidate_response` that must be used
    --> monad-raptorcast/src/raptorcast_secondary/publisher.rs:3138:9
     |
3138 |         fsm.on_candidate_response(accept);
     |         ^^^^^^^^^^^^^^^^^^^^^^^^^^^^^^^^^
     |
help: use `let _ = ...` to ignore the resulting value
     |
3138 |         let _ = fsm.on_candidate_response(accept);
     |         +++++++

warning: unused return value of `publisher::Publisher::<ST>::on_candidate_response` that must be used
    --> monad-raptorcast/src/raptorcast_secondary/publisher.rs:3140:9
     |
3140 |         fsm.on_candidate_response(accept);
     |         ^^^^^^^^^^^^^^^^^^^^^^^^^^^^^^^^^
     |
help: use `let _ = ...` to ignore the resulting value
     |
3140 |         let _ = fsm.on_candidate_response(accept);
     |         +++++++

warning: unused return value of `publisher::Publisher::<ST>::on_candidate_response` that must be used
    --> monad-raptorcast/src/raptorcast_secondary/publisher.rs:3149:9
     |
3149 |         fsm.on_candidate_response(accept);
     |         ^^^^^^^^^^^^^^^^^^^^^^^^^^^^^^^^^
     |
help: use `let _ = ...` to ignore the resulting value
     |
3149 |         let _ = fsm.on_candidate_response(accept);
     |         +++++++

warning: unused return value of `publisher::Publisher::<ST>::on_candidate_response` that must be used
    --> monad-raptorcast/src/raptorcast_secondary/publisher.rs:3151:9
     |
3151 |         fsm.on_candidate_response(accept);
     |         ^^^^^^^^^^^^^^^^^^^^^^^^^^^^^^^^^
     |
help: use `let _ = ...` to ignore the resulting value
     |
3151 |         let _ = fsm.on_candidate_response(accept);
     |         +++++++

warning: unused return value of `publisher::Publisher::<ST>::on_candidate_response` that must be used
    --> monad-raptorcast/src/raptorcast_secondary/publisher.rs:3170:9
     |
3170 |         fsm.on_candidate_response(FullNodesGroupMessage::ParticipationReport(report));
     |         ^^^^^^^^^^^^^^^^^^^^^^^^^^^^^^^^^^^^^^^^^^^^^^^^^^^^^^^^^^^^^^^^^^^^^^^^^^^^^
     |
help: use `let _ = ...` to ignore the resulting value
     |
3170 |         let _ = fsm.on_candidate_response(FullNodesGroupMessage::ParticipationReport(report));
     |         +++++++

warning: `monad-raptorcast` (lib test) generated 29 warnings
    Finished `test` profile [optimized + debuginfo] target(s) in 11.75s
     Running unittests src/lib.rs (monad-bft/target/debug/deps/monad_raptorcast-889c008b1750f37c)

running 1 test
test udp::tests_deterministic::research_honest_proposer_high_s_relay_poison_recovers_next_round ... MARKER_V3_DEFAULT_STAGE_V1_CONTROL_ROUND42=1
MARKER_V3_POISONED_HONEST_ONE_ROUND42=0
MARKER_V3_POISONED_HONEST_TWO_ROUND42=0
MARKER_V3_RECOVERED_HONEST_ONE_ROUND43=1
MARKER_V3_RECOVERED_HONEST_TWO_ROUND43=1
MARKER_V3_TEST_COMPLETE=1
ok

test result: ok. 1 passed; 0 failed; 0 ignored; 0 measured; 213 filtered out; finished in 0.05s

     Running tests/encoder_error.rs (monad-bft/target/debug/deps/encoder_error-4e41b62c63ca51a5)

running 0 tests

test result: ok. 0 passed; 0 failed; 0 ignored; 0 measured; 1 filtered out; finished in 0.00s

     Running tests/raptorcast_instance.rs (monad-bft/target/debug/deps/raptorcast_instance-4675af7677ee3773)

running 0 tests

test result: ok. 0 passed; 0 failed; 0 ignored; 0 measured; 9 filtered out; finished in 0.00s

     Running tests/wireauth_raptorcast.rs (monad-bft/target/debug/deps/wireauth_raptorcast-25af2fb17c78ac1e)

running 0 tests

test result: ok. 0 passed; 0 failed; 0 ignored; 0 measured; 11 filtered out; finished in 0.00s

warning: unused variable: `block_num`
  --> monad-execution-state-read/src/mock.rs:80:9
   |
80 |         block_num: SeqNum,
   |         ^^^^^^^^^ help: if this is intentional, prefix it with an underscore: `_block_num`
   |
   = note: `#[warn(unused_variables)]` (part of `#[warn(unused)]`) on by default

warning: unused variable: `requested_epoch`
  --> monad-execution-state-read/src/mock.rs:81:9
   |
81 |         requested_epoch: monad_types::Epoch,
   |         ^^^^^^^^^^^^^^^ help: if this is intentional, prefix it with an underscore: `_requested_epoch`

warning: `monad-execution-state-read` (lib) generated 2 warnings
   Compiling monad-wal v0.1.0 (/home/runner/work/test/test/monad-bft/monad-wal)
   Compiling monad-executor-glue v0.1.0 (/home/runner/work/test/test/monad-bft/monad-executor-glue)
   Compiling monad-peer-discovery v0.1.0 (/home/runner/work/test/test/monad-bft/monad-peer-discovery)
warning: unused doc comment
  --> monad-peer-discovery/src/discovery.rs:59:1
   |
59 | /// Metrics constants
   | ^^^^^^^^^^^^^^^^^^^^^ rustdoc does not generate documentation for macro invocations
   |
   = help: to document an item produced by a macro, the macro must produce the documentation as part of its expansion
   = note: `#[warn(unused_doc_comments)]` (part of `#[warn(unused)]`) on by default

   Compiling monad-raptorcast v0.1.0 (/home/runner/work/test/test/monad-bft/monad-raptorcast)
warning: `monad-peer-discovery` (lib) generated 1 warning
warning: unused import: `CertificateKeyPair`
    --> monad-raptorcast/src/udp.rs:2234:37
     |
2234 |             certificate_signature::{CertificateKeyPair, PubKey as _},
     |                                     ^^^^^^^^^^^^^^^^^^
     |
     = note: `#[warn(unused_imports)]` (part of `#[warn(unused)]`) on by default

warning: unused import: `PubKey`
    --> monad-raptorcast/src/udp.rs:2234:57
     |
2234 |             certificate_signature::{CertificateKeyPair, PubKey as _},
     |                                                         ^^^^^^

warning: unused import: `CertificateKeyPair`
    --> monad-raptorcast/src/udp.rs:2481:37
     |
2481 |             certificate_signature::{CertificateKeyPair, PubKey as _},
     |                                     ^^^^^^^^^^^^^^^^^^

warning: unused import: `PubKey`
    --> monad-raptorcast/src/udp.rs:2481:57
     |
2481 |             certificate_signature::{CertificateKeyPair, PubKey as _},
     |                                                         ^^^^^^

warning: unused variable: `group`
    --> monad-raptorcast/src/raptorcast_secondary/publisher.rs:2427:13
     |
2427 |         let group = v0_fsm.group_schedule.get(&start_round).unwrap();
     |             ^^^^^ help: if this is intentional, prefix it with an underscore: `_group`
     |
     = note: `#[warn(unused_variables)]` (part of `#[warn(unused)]`) on by default

warning: method `get_secondary` is never used
   --> monad-raptorcast/src/round_info.rs:135:8
    |
 51 | impl<PT: PubKey> RoundInfoCache<PT> {
    | ----------------------------------- method in this implementation
...
135 |     fn get_secondary(
    |        ^^^^^^^^^^^^^
    |
    = note: `#[warn(dead_code)]` (part of `#[warn(unused)]`) on by default

warning: unused return value of `publisher::Publisher::<ST>::on_candidate_response` that must be used
    --> monad-raptorcast/src/raptorcast_secondary/publisher.rs:1466:9
     |
1466 |         v0_fsm.on_candidate_response(accept_msg);
     |         ^^^^^^^^^^^^^^^^^^^^^^^^^^^^^^^^^^^^^^^^
     |
     = note: `#[warn(unused_must_use)]` (part of `#[warn(unused)]`) on by default
help: use `let _ = ...` to ignore the resulting value
     |
1466 |         let _ = v0_fsm.on_candidate_response(accept_msg);
     |         +++++++

warning: unused return value of `publisher::Publisher::<ST>::on_candidate_response` that must be used
    --> monad-raptorcast/src/raptorcast_secondary/publisher.rs:2433:9
     |
2433 |         v0_fsm.on_candidate_response(attacker_response);
     |         ^^^^^^^^^^^^^^^^^^^^^^^^^^^^^^^^^^^^^^^^^^^^^^^
     |
help: use `let _ = ...` to ignore the resulting value
     |
2433 |         let _ = v0_fsm.on_candidate_response(attacker_response);
     |         +++++++

warning: unused return value of `publisher::Publisher::<ST>::on_candidate_response` that must be used
    --> monad-raptorcast/src/raptorcast_secondary/publisher.rs:2603:9
     |
2603 |         v0_fsm.on_candidate_response(accept_msg);
     |         ^^^^^^^^^^^^^^^^^^^^^^^^^^^^^^^^^^^^^^^^
     |
help: use `let _ = ...` to ignore the resulting value
     |
2603 |         let _ = v0_fsm.on_candidate_response(accept_msg);
     |         +++++++

warning: unused return value of `publisher::Publisher::<ST>::on_candidate_response` that must be used
    --> monad-raptorcast/src/raptorcast_secondary/publisher.rs:2614:9
     |
2614 |         v0_fsm.on_candidate_response(accept_msg);
     |         ^^^^^^^^^^^^^^^^^^^^^^^^^^^^^^^^^^^^^^^^
     |
help: use `let _ = ...` to ignore the resulting value
     |
2614 |         let _ = v0_fsm.on_candidate_response(accept_msg);
     |         +++++++

warning: unused return value of `publisher::Publisher::<ST>::on_candidate_response` that must be used
    --> monad-raptorcast/src/raptorcast_secondary/publisher.rs:2666:9
     |
2666 |         fsm.on_candidate_response(accept);
     |         ^^^^^^^^^^^^^^^^^^^^^^^^^^^^^^^^^
     |
help: use `let _ = ...` to ignore the resulting value
     |
2666 |         let _ = fsm.on_candidate_response(accept);
     |         +++++++

warning: unused return value of `publisher::Publisher::<ST>::on_candidate_response` that must be used
    --> monad-raptorcast/src/raptorcast_secondary/publisher.rs:2668:9
     |
2668 |         fsm.on_candidate_response(accept);
     |         ^^^^^^^^^^^^^^^^^^^^^^^^^^^^^^^^^
     |
help: use `let _ = ...` to ignore the resulting value
     |
2668 |         let _ = fsm.on_candidate_response(accept);
     |         +++++++

warning: unused return value of `publisher::Publisher::<ST>::on_candidate_response` that must be used
    --> monad-raptorcast/src/raptorcast_secondary/publisher.rs:2670:9
     |
2670 |         fsm.on_candidate_response(accept);
     |         ^^^^^^^^^^^^^^^^^^^^^^^^^^^^^^^^^
     |
help: use `let _ = ...` to ignore the resulting value
     |
2670 |         let _ = fsm.on_candidate_response(accept);
     |         +++++++

warning: unused return value of `publisher::Publisher::<ST>::on_candidate_response` that must be used
    --> monad-raptorcast/src/raptorcast_secondary/publisher.rs:2903:9
     |
2903 |         fsm.on_candidate_response(FullNodesGroupMessage::ParticipationReport(report));
     |         ^^^^^^^^^^^^^^^^^^^^^^^^^^^^^^^^^^^^^^^^^^^^^^^^^^^^^^^^^^^^^^^^^^^^^^^^^^^^^
     |
help: use `let _ = ...` to ignore the resulting value
     |
2903 |         let _ = fsm.on_candidate_response(FullNodesGroupMessage::ParticipationReport(report));
     |         +++++++

warning: unused return value of `publisher::Publisher::<ST>::on_candidate_response` that must be used
    --> monad-raptorcast/src/raptorcast_secondary/publisher.rs:2932:9
     |
2932 |         fsm.on_candidate_response(FullNodesGroupMessage::ParticipationReport(report));
     |         ^^^^^^^^^^^^^^^^^^^^^^^^^^^^^^^^^^^^^^^^^^^^^^^^^^^^^^^^^^^^^^^^^^^^^^^^^^^^^
     |
help: use `let _ = ...` to ignore the resulting value
     |
2932 |         let _ = fsm.on_candidate_response(FullNodesGroupMessage::ParticipationReport(report));
     |         +++++++

warning: unused return value of `publisher::Publisher::<ST>::on_candidate_response` that must be used
    --> monad-raptorcast/src/raptorcast_secondary/publisher.rs:2946:9
     |
2946 |         fsm.on_candidate_response(FullNodesGroupMessage::ParticipationReport(report));
     |         ^^^^^^^^^^^^^^^^^^^^^^^^^^^^^^^^^^^^^^^^^^^^^^^^^^^^^^^^^^^^^^^^^^^^^^^^^^^^^
     |
help: use `let _ = ...` to ignore the resulting value
     |
2946 |         let _ = fsm.on_candidate_response(FullNodesGroupMessage::ParticipationReport(report));
     |         +++++++

warning: unused return value of `publisher::Publisher::<ST>::on_candidate_response` that must be used
    --> monad-raptorcast/src/raptorcast_secondary/publisher.rs:2968:9
     |
2968 |         fsm.on_candidate_response(FullNodesGroupMessage::ParticipationReport(report));
     |         ^^^^^^^^^^^^^^^^^^^^^^^^^^^^^^^^^^^^^^^^^^^^^^^^^^^^^^^^^^^^^^^^^^^^^^^^^^^^^
     |
help: use `let _ = ...` to ignore the resulting value
     |
2968 |         let _ = fsm.on_candidate_response(FullNodesGroupMessage::ParticipationReport(report));
     |         +++++++

warning: unused return value of `publisher::Publisher::<ST>::on_candidate_response` that must be used
    --> monad-raptorcast/src/raptorcast_secondary/publisher.rs:2989:9
     |
2989 |         fsm.on_candidate_response(FullNodesGroupMessage::ParticipationReport(report));
     |         ^^^^^^^^^^^^^^^^^^^^^^^^^^^^^^^^^^^^^^^^^^^^^^^^^^^^^^^^^^^^^^^^^^^^^^^^^^^^^
     |
help: use `let _ = ...` to ignore the resulting value
     |
2989 |         let _ = fsm.on_candidate_response(FullNodesGroupMessage::ParticipationReport(report));
     |         +++++++

warning: unused return value of `publisher::Publisher::<ST>::on_candidate_response` that must be used
    --> monad-raptorcast/src/raptorcast_secondary/publisher.rs:3009:9
     |
3009 |         fsm.on_candidate_response(FullNodesGroupMessage::ParticipationReport(report));
     |         ^^^^^^^^^^^^^^^^^^^^^^^^^^^^^^^^^^^^^^^^^^^^^^^^^^^^^^^^^^^^^^^^^^^^^^^^^^^^^
     |
help: use `let _ = ...` to ignore the resulting value
     |
3009 |         let _ = fsm.on_candidate_response(FullNodesGroupMessage::ParticipationReport(report));
     |         +++++++

warning: unused return value of `publisher::Publisher::<ST>::on_candidate_response` that must be used
    --> monad-raptorcast/src/raptorcast_secondary/publisher.rs:3019:9
     |
3019 |         fsm.on_candidate_response(FullNodesGroupMessage::ParticipationReport(report));
     |         ^^^^^^^^^^^^^^^^^^^^^^^^^^^^^^^^^^^^^^^^^^^^^^^^^^^^^^^^^^^^^^^^^^^^^^^^^^^^^
     |
help: use `let _ = ...` to ignore the resulting value
     |
3019 |         let _ = fsm.on_candidate_response(FullNodesGroupMessage::ParticipationReport(report));
     |         +++++++

warning: unused return value of `publisher::Publisher::<ST>::on_candidate_response` that must be used
    --> monad-raptorcast/src/raptorcast_secondary/publisher.rs:3044:9
     |
3044 |         fsm.on_candidate_response(FullNodesGroupMessage::ParticipationReport(report));
     |         ^^^^^^^^^^^^^^^^^^^^^^^^^^^^^^^^^^^^^^^^^^^^^^^^^^^^^^^^^^^^^^^^^^^^^^^^^^^^^
     |
help: use `let _ = ...` to ignore the resulting value
     |
3044 |         let _ = fsm.on_candidate_response(FullNodesGroupMessage::ParticipationReport(report));
     |         +++++++

warning: unused return value of `publisher::Publisher::<ST>::on_candidate_response` that must be used
    --> monad-raptorcast/src/raptorcast_secondary/publisher.rs:3054:9
     |
3054 |         fsm.on_candidate_response(FullNodesGroupMessage::ParticipationReport(report));
     |         ^^^^^^^^^^^^^^^^^^^^^^^^^^^^^^^^^^^^^^^^^^^^^^^^^^^^^^^^^^^^^^^^^^^^^^^^^^^^^
     |
help: use `let _ = ...` to ignore the resulting value
     |
3054 |         let _ = fsm.on_candidate_response(FullNodesGroupMessage::ParticipationReport(report));
     |         +++++++

warning: unused return value of `publisher::Publisher::<ST>::on_candidate_response` that must be used
    --> monad-raptorcast/src/raptorcast_secondary/publisher.rs:3086:9
     |
3086 |         fsm.on_candidate_response(FullNodesGroupMessage::ParticipationReport(report));
     |         ^^^^^^^^^^^^^^^^^^^^^^^^^^^^^^^^^^^^^^^^^^^^^^^^^^^^^^^^^^^^^^^^^^^^^^^^^^^^^
     |
help: use `let _ = ...` to ignore the resulting value
     |
3086 |         let _ = fsm.on_candidate_response(FullNodesGroupMessage::ParticipationReport(report));
     |         +++++++

warning: unused return value of `publisher::Publisher::<ST>::on_candidate_response` that must be used
    --> monad-raptorcast/src/raptorcast_secondary/publisher.rs:3107:9
     |
3107 |         fsm.on_candidate_response(FullNodesGroupMessage::ParticipationReport(report));
     |         ^^^^^^^^^^^^^^^^^^^^^^^^^^^^^^^^^^^^^^^^^^^^^^^^^^^^^^^^^^^^^^^^^^^^^^^^^^^^^
     |
help: use `let _ = ...` to ignore the resulting value
     |
3107 |         let _ = fsm.on_candidate_response(FullNodesGroupMessage::ParticipationReport(report));
     |         +++++++

warning: unused return value of `publisher::Publisher::<ST>::on_candidate_response` that must be used
    --> monad-raptorcast/src/raptorcast_secondary/publisher.rs:3138:9
     |
3138 |         fsm.on_candidate_response(accept);
     |         ^^^^^^^^^^^^^^^^^^^^^^^^^^^^^^^^^
     |
help: use `let _ = ...` to ignore the resulting value
     |
3138 |         let _ = fsm.on_candidate_response(accept);
     |         +++++++

warning: unused return value of `publisher::Publisher::<ST>::on_candidate_response` that must be used
    --> monad-raptorcast/src/raptorcast_secondary/publisher.rs:3140:9
     |
3140 |         fsm.on_candidate_response(accept);
     |         ^^^^^^^^^^^^^^^^^^^^^^^^^^^^^^^^^
     |
help: use `let _ = ...` to ignore the resulting value
     |
3140 |         let _ = fsm.on_candidate_response(accept);
     |         +++++++

warning: unused return value of `publisher::Publisher::<ST>::on_candidate_response` that must be used
    --> monad-raptorcast/src/raptorcast_secondary/publisher.rs:3149:9
     |
3149 |         fsm.on_candidate_response(accept);
     |         ^^^^^^^^^^^^^^^^^^^^^^^^^^^^^^^^^
     |
help: use `let _ = ...` to ignore the resulting value
     |
3149 |         let _ = fsm.on_candidate_response(accept);
     |         +++++++

warning: unused return value of `publisher::Publisher::<ST>::on_candidate_response` that must be used
    --> monad-raptorcast/src/raptorcast_secondary/publisher.rs:3151:9
     |
3151 |         fsm.on_candidate_response(accept);
     |         ^^^^^^^^^^^^^^^^^^^^^^^^^^^^^^^^^
     |
help: use `let _ = ...` to ignore the resulting value
     |
3151 |         let _ = fsm.on_candidate_response(accept);
     |         +++++++

warning: unused return value of `publisher::Publisher::<ST>::on_candidate_response` that must be used
    --> monad-raptorcast/src/raptorcast_secondary/publisher.rs:3170:9
     |
3170 |         fsm.on_candidate_response(FullNodesGroupMessage::ParticipationReport(report));
     |         ^^^^^^^^^^^^^^^^^^^^^^^^^^^^^^^^^^^^^^^^^^^^^^^^^^^^^^^^^^^^^^^^^^^^^^^^^^^^^
     |
help: use `let _ = ...` to ignore the resulting value
     |
3170 |         let _ = fsm.on_candidate_response(FullNodesGroupMessage::ParticipationReport(report));
     |         +++++++

warning: `monad-raptorcast` (lib test) generated 29 warnings
    Finished `test` profile [optimized + debuginfo] target(s) in 3.11s
     Running unittests src/lib.rs (monad-bft/target/debug/deps/monad_raptorcast-889c008b1750f37c)

running 1 test
test udp::tests_deterministic::research_honest_proposer_high_s_relay_poison_recovers_next_round ... MARKER_V3_DEFAULT_STAGE_V1_CONTROL_ROUND42=1
MARKER_V3_POISONED_HONEST_ONE_ROUND42=0
MARKER_V3_POISONED_HONEST_TWO_ROUND42=0
MARKER_V3_RECOVERED_HONEST_ONE_ROUND43=1
MARKER_V3_RECOVERED_HONEST_TWO_ROUND43=1
MARKER_V3_TEST_COMPLETE=1
ok

test result: ok. 1 passed; 0 failed; 0 ignored; 0 measured; 213 filtered out; finished in 0.05s

     Running tests/encoder_error.rs (monad-bft/target/debug/deps/encoder_error-4e41b62c63ca51a5)

running 0 tests

test result: ok. 0 passed; 0 failed; 0 ignored; 0 measured; 1 filtered out; finished in 0.00s

     Running tests/raptorcast_instance.rs (monad-bft/target/debug/deps/raptorcast_instance-4675af7677ee3773)

running 0 tests

test result: ok. 0 passed; 0 failed; 0 ignored; 0 measured; 9 filtered out; finished in 0.00s

     Running tests/wireauth_raptorcast.rs (monad-bft/target/debug/deps/wireauth_raptorcast-25af2fb17c78ac1e)

running 0 tests

test result: ok. 0 passed; 0 failed; 0 ignored; 0 measured; 11 filtered out; finished in 0.00s

warning: unused variable: `block_num`
  --> monad-execution-state-read/src/mock.rs:80:9
   |
80 |         block_num: SeqNum,
   |         ^^^^^^^^^ help: if this is intentional, prefix it with an underscore: `_block_num`
   |
   = note: `#[warn(unused_variables)]` (part of `#[warn(unused)]`) on by default

warning: unused variable: `requested_epoch`
  --> monad-execution-state-read/src/mock.rs:81:9
   |
81 |         requested_epoch: monad_types::Epoch,
   |         ^^^^^^^^^^^^^^^ help: if this is intentional, prefix it with an underscore: `_requested_epoch`

warning: `monad-execution-state-read` (lib) generated 2 warnings
warning: unused doc comment
  --> monad-peer-discovery/src/discovery.rs:59:1
   |
59 | /// Metrics constants
   | ^^^^^^^^^^^^^^^^^^^^^ rustdoc does not generate documentation for macro invocations
   |
   = help: to document an item produced by a macro, the macro must produce the documentation as part of its expansion
   = note: `#[warn(unused_doc_comments)]` (part of `#[warn(unused)]`) on by default

warning: `monad-peer-discovery` (lib) generated 1 warning
warning: unused import: `CertificateKeyPair`
    --> monad-raptorcast/src/udp.rs:2234:37
     |
2234 |             certificate_signature::{CertificateKeyPair, PubKey as _},
     |                                     ^^^^^^^^^^^^^^^^^^
     |
     = note: `#[warn(unused_imports)]` (part of `#[warn(unused)]`) on by default

warning: unused import: `PubKey`
    --> monad-raptorcast/src/udp.rs:2234:57
     |
2234 |             certificate_signature::{CertificateKeyPair, PubKey as _},
     |                                                         ^^^^^^

warning: unused import: `CertificateKeyPair`
    --> monad-raptorcast/src/udp.rs:2481:37
     |
2481 |             certificate_signature::{CertificateKeyPair, PubKey as _},
     |                                     ^^^^^^^^^^^^^^^^^^

warning: unused import: `PubKey`
    --> monad-raptorcast/src/udp.rs:2481:57
     |
2481 |             certificate_signature::{CertificateKeyPair, PubKey as _},
     |                                                         ^^^^^^

warning: unused variable: `group`
    --> monad-raptorcast/src/raptorcast_secondary/publisher.rs:2427:13
     |
2427 |         let group = v0_fsm.group_schedule.get(&start_round).unwrap();
     |             ^^^^^ help: if this is intentional, prefix it with an underscore: `_group`
     |
     = note: `#[warn(unused_variables)]` (part of `#[warn(unused)]`) on by default

warning: method `get_secondary` is never used
   --> monad-raptorcast/src/round_info.rs:135:8
    |
 51 | impl<PT: PubKey> RoundInfoCache<PT> {
    | ----------------------------------- method in this implementation
...
135 |     fn get_secondary(
    |        ^^^^^^^^^^^^^
    |
    = note: `#[warn(dead_code)]` (part of `#[warn(unused)]`) on by default

warning: unused return value of `publisher::Publisher::<ST>::on_candidate_response` that must be used
    --> monad-raptorcast/src/raptorcast_secondary/publisher.rs:1466:9
     |
1466 |         v0_fsm.on_candidate_response(accept_msg);
     |         ^^^^^^^^^^^^^^^^^^^^^^^^^^^^^^^^^^^^^^^^
     |
     = note: `#[warn(unused_must_use)]` (part of `#[warn(unused)]`) on by default
help: use `let _ = ...` to ignore the resulting value
     |
1466 |         let _ = v0_fsm.on_candidate_response(accept_msg);
     |         +++++++

warning: unused return value of `publisher::Publisher::<ST>::on_candidate_response` that must be used
    --> monad-raptorcast/src/raptorcast_secondary/publisher.rs:2433:9
     |
2433 |         v0_fsm.on_candidate_response(attacker_response);
     |         ^^^^^^^^^^^^^^^^^^^^^^^^^^^^^^^^^^^^^^^^^^^^^^^
     |
help: use `let _ = ...` to ignore the resulting value
     |
2433 |         let _ = v0_fsm.on_candidate_response(attacker_response);
     |         +++++++

warning: unused return value of `publisher::Publisher::<ST>::on_candidate_response` that must be used
    --> monad-raptorcast/src/raptorcast_secondary/publisher.rs:2603:9
     |
2603 |         v0_fsm.on_candidate_response(accept_msg);
     |         ^^^^^^^^^^^^^^^^^^^^^^^^^^^^^^^^^^^^^^^^
     |
help: use `let _ = ...` to ignore the resulting value
     |
2603 |         let _ = v0_fsm.on_candidate_response(accept_msg);
     |         +++++++

warning: unused return value of `publisher::Publisher::<ST>::on_candidate_response` that must be used
    --> monad-raptorcast/src/raptorcast_secondary/publisher.rs:2614:9
     |
2614 |         v0_fsm.on_candidate_response(accept_msg);
     |         ^^^^^^^^^^^^^^^^^^^^^^^^^^^^^^^^^^^^^^^^
     |
help: use `let _ = ...` to ignore the resulting value
     |
2614 |         let _ = v0_fsm.on_candidate_response(accept_msg);
     |         +++++++

warning: unused return value of `publisher::Publisher::<ST>::on_candidate_response` that must be used
    --> monad-raptorcast/src/raptorcast_secondary/publisher.rs:2666:9
     |
2666 |         fsm.on_candidate_response(accept);
     |         ^^^^^^^^^^^^^^^^^^^^^^^^^^^^^^^^^
     |
help: use `let _ = ...` to ignore the resulting value
     |
2666 |         let _ = fsm.on_candidate_response(accept);
     |         +++++++

warning: unused return value of `publisher::Publisher::<ST>::on_candidate_response` that must be used
    --> monad-raptorcast/src/raptorcast_secondary/publisher.rs:2668:9
     |
2668 |         fsm.on_candidate_response(accept);
     |         ^^^^^^^^^^^^^^^^^^^^^^^^^^^^^^^^^
     |
help: use `let _ = ...` to ignore the resulting value
     |
2668 |         let _ = fsm.on_candidate_response(accept);
     |         +++++++

warning: unused return value of `publisher::Publisher::<ST>::on_candidate_response` that must be used
    --> monad-raptorcast/src/raptorcast_secondary/publisher.rs:2670:9
     |
2670 |         fsm.on_candidate_response(accept);
     |         ^^^^^^^^^^^^^^^^^^^^^^^^^^^^^^^^^
     |
help: use `let _ = ...` to ignore the resulting value
     |
2670 |         let _ = fsm.on_candidate_response(accept);
     |         +++++++

warning: unused return value of `publisher::Publisher::<ST>::on_candidate_response` that must be used
    --> monad-raptorcast/src/raptorcast_secondary/publisher.rs:2903:9
     |
2903 |         fsm.on_candidate_response(FullNodesGroupMessage::ParticipationReport(report));
     |         ^^^^^^^^^^^^^^^^^^^^^^^^^^^^^^^^^^^^^^^^^^^^^^^^^^^^^^^^^^^^^^^^^^^^^^^^^^^^^
     |
help: use `let _ = ...` to ignore the resulting value
     |
2903 |         let _ = fsm.on_candidate_response(FullNodesGroupMessage::ParticipationReport(report));
     |         +++++++

warning: unused return value of `publisher::Publisher::<ST>::on_candidate_response` that must be used
    --> monad-raptorcast/src/raptorcast_secondary/publisher.rs:2932:9
     |
2932 |         fsm.on_candidate_response(FullNodesGroupMessage::ParticipationReport(report));
     |         ^^^^^^^^^^^^^^^^^^^^^^^^^^^^^^^^^^^^^^^^^^^^^^^^^^^^^^^^^^^^^^^^^^^^^^^^^^^^^
     |
help: use `let _ = ...` to ignore the resulting value
     |
2932 |         let _ = fsm.on_candidate_response(FullNodesGroupMessage::ParticipationReport(report));
     |         +++++++

warning: unused return value of `publisher::Publisher::<ST>::on_candidate_response` that must be used
    --> monad-raptorcast/src/raptorcast_secondary/publisher.rs:2946:9
     |
2946 |         fsm.on_candidate_response(FullNodesGroupMessage::ParticipationReport(report));
     |         ^^^^^^^^^^^^^^^^^^^^^^^^^^^^^^^^^^^^^^^^^^^^^^^^^^^^^^^^^^^^^^^^^^^^^^^^^^^^^
     |
help: use `let _ = ...` to ignore the resulting value
     |
2946 |         let _ = fsm.on_candidate_response(FullNodesGroupMessage::ParticipationReport(report));
     |         +++++++

warning: unused return value of `publisher::Publisher::<ST>::on_candidate_response` that must be used
    --> monad-raptorcast/src/raptorcast_secondary/publisher.rs:2968:9
     |
2968 |         fsm.on_candidate_response(FullNodesGroupMessage::ParticipationReport(report));
     |         ^^^^^^^^^^^^^^^^^^^^^^^^^^^^^^^^^^^^^^^^^^^^^^^^^^^^^^^^^^^^^^^^^^^^^^^^^^^^^
     |
help: use `let _ = ...` to ignore the resulting value
     |
2968 |         let _ = fsm.on_candidate_response(FullNodesGroupMessage::ParticipationReport(report));
     |         +++++++

warning: unused return value of `publisher::Publisher::<ST>::on_candidate_response` that must be used
    --> monad-raptorcast/src/raptorcast_secondary/publisher.rs:2989:9
     |
2989 |         fsm.on_candidate_response(FullNodesGroupMessage::ParticipationReport(report));
     |         ^^^^^^^^^^^^^^^^^^^^^^^^^^^^^^^^^^^^^^^^^^^^^^^^^^^^^^^^^^^^^^^^^^^^^^^^^^^^^
     |
help: use `let _ = ...` to ignore the resulting value
     |
2989 |         let _ = fsm.on_candidate_response(FullNodesGroupMessage::ParticipationReport(report));
     |         +++++++

warning: unused return value of `publisher::Publisher::<ST>::on_candidate_response` that must be used
    --> monad-raptorcast/src/raptorcast_secondary/publisher.rs:3009:9
     |
3009 |         fsm.on_candidate_response(FullNodesGroupMessage::ParticipationReport(report));
     |         ^^^^^^^^^^^^^^^^^^^^^^^^^^^^^^^^^^^^^^^^^^^^^^^^^^^^^^^^^^^^^^^^^^^^^^^^^^^^^
     |
help: use `let _ = ...` to ignore the resulting value
     |
3009 |         let _ = fsm.on_candidate_response(FullNodesGroupMessage::ParticipationReport(report));
     |         +++++++

warning: unused return value of `publisher::Publisher::<ST>::on_candidate_response` that must be used
    --> monad-raptorcast/src/raptorcast_secondary/publisher.rs:3019:9
     |
3019 |         fsm.on_candidate_response(FullNodesGroupMessage::ParticipationReport(report));
     |         ^^^^^^^^^^^^^^^^^^^^^^^^^^^^^^^^^^^^^^^^^^^^^^^^^^^^^^^^^^^^^^^^^^^^^^^^^^^^^
     |
help: use `let _ = ...` to ignore the resulting value
     |
3019 |         let _ = fsm.on_candidate_response(FullNodesGroupMessage::ParticipationReport(report));
     |         +++++++

warning: unused return value of `publisher::Publisher::<ST>::on_candidate_response` that must be used
    --> monad-raptorcast/src/raptorcast_secondary/publisher.rs:3044:9
     |
3044 |         fsm.on_candidate_response(FullNodesGroupMessage::ParticipationReport(report));
     |         ^^^^^^^^^^^^^^^^^^^^^^^^^^^^^^^^^^^^^^^^^^^^^^^^^^^^^^^^^^^^^^^^^^^^^^^^^^^^^
     |
help: use `let _ = ...` to ignore the resulting value
     |
3044 |         let _ = fsm.on_candidate_response(FullNodesGroupMessage::ParticipationReport(report));
     |         +++++++

warning: unused return value of `publisher::Publisher::<ST>::on_candidate_response` that must be used
    --> monad-raptorcast/src/raptorcast_secondary/publisher.rs:3054:9
     |
3054 |         fsm.on_candidate_response(FullNodesGroupMessage::ParticipationReport(report));
     |         ^^^^^^^^^^^^^^^^^^^^^^^^^^^^^^^^^^^^^^^^^^^^^^^^^^^^^^^^^^^^^^^^^^^^^^^^^^^^^
     |
help: use `let _ = ...` to ignore the resulting value
     |
3054 |         let _ = fsm.on_candidate_response(FullNodesGroupMessage::ParticipationReport(report));
     |         +++++++

warning: unused return value of `publisher::Publisher::<ST>::on_candidate_response` that must be used
    --> monad-raptorcast/src/raptorcast_secondary/publisher.rs:3086:9
     |
3086 |         fsm.on_candidate_response(FullNodesGroupMessage::ParticipationReport(report));
     |         ^^^^^^^^^^^^^^^^^^^^^^^^^^^^^^^^^^^^^^^^^^^^^^^^^^^^^^^^^^^^^^^^^^^^^^^^^^^^^
     |
help: use `let _ = ...` to ignore the resulting value
     |
3086 |         let _ = fsm.on_candidate_response(FullNodesGroupMessage::ParticipationReport(report));
     |         +++++++

warning: unused return value of `publisher::Publisher::<ST>::on_candidate_response` that must be used
    --> monad-raptorcast/src/raptorcast_secondary/publisher.rs:3107:9
     |
3107 |         fsm.on_candidate_response(FullNodesGroupMessage::ParticipationReport(report));
     |         ^^^^^^^^^^^^^^^^^^^^^^^^^^^^^^^^^^^^^^^^^^^^^^^^^^^^^^^^^^^^^^^^^^^^^^^^^^^^^
     |
help: use `let _ = ...` to ignore the resulting value
     |
3107 |         let _ = fsm.on_candidate_response(FullNodesGroupMessage::ParticipationReport(report));
     |         +++++++

warning: unused return value of `publisher::Publisher::<ST>::on_candidate_response` that must be used
    --> monad-raptorcast/src/raptorcast_secondary/publisher.rs:3138:9
     |
3138 |         fsm.on_candidate_response(accept);
     |         ^^^^^^^^^^^^^^^^^^^^^^^^^^^^^^^^^
     |
help: use `let _ = ...` to ignore the resulting value
     |
3138 |         let _ = fsm.on_candidate_response(accept);
     |         +++++++

warning: unused return value of `publisher::Publisher::<ST>::on_candidate_response` that must be used
    --> monad-raptorcast/src/raptorcast_secondary/publisher.rs:3140:9
     |
3140 |         fsm.on_candidate_response(accept);
     |         ^^^^^^^^^^^^^^^^^^^^^^^^^^^^^^^^^
     |
help: use `let _ = ...` to ignore the resulting value
     |
3140 |         let _ = fsm.on_candidate_response(accept);
     |         +++++++

warning: unused return value of `publisher::Publisher::<ST>::on_candidate_response` that must be used
    --> monad-raptorcast/src/raptorcast_secondary/publisher.rs:3149:9
     |
3149 |         fsm.on_candidate_response(accept);
     |         ^^^^^^^^^^^^^^^^^^^^^^^^^^^^^^^^^
     |
help: use `let _ = ...` to ignore the resulting value
     |
3149 |         let _ = fsm.on_candidate_response(accept);
     |         +++++++

warning: unused return value of `publisher::Publisher::<ST>::on_candidate_response` that must be used
    --> monad-raptorcast/src/raptorcast_secondary/publisher.rs:3151:9
     |
3151 |         fsm.on_candidate_response(accept);
     |         ^^^^^^^^^^^^^^^^^^^^^^^^^^^^^^^^^
     |
help: use `let _ = ...` to ignore the resulting value
     |
3151 |         let _ = fsm.on_candidate_response(accept);
     |         +++++++

warning: unused return value of `publisher::Publisher::<ST>::on_candidate_response` that must be used
    --> monad-raptorcast/src/raptorcast_secondary/publisher.rs:3170:9
     |
3170 |         fsm.on_candidate_response(FullNodesGroupMessage::ParticipationReport(report));
     |         ^^^^^^^^^^^^^^^^^^^^^^^^^^^^^^^^^^^^^^^^^^^^^^^^^^^^^^^^^^^^^^^^^^^^^^^^^^^^^
     |
help: use `let _ = ...` to ignore the resulting value
     |
3170 |         let _ = fsm.on_candidate_response(FullNodesGroupMessage::ParticipationReport(report));
     |         +++++++

warning: `monad-raptorcast` (lib test) generated 29 warnings
    Finished `test` profile [optimized + debuginfo] target(s) in 0.36s
     Running unittests src/lib.rs (monad-bft/target/debug/deps/monad_raptorcast-889c008b1750f37c)

running 1 test
test udp::tests_deterministic::research_honest_proposer_high_s_relay_poison_recovers_next_round ... MARKER_V3_DEFAULT_STAGE_V1_CONTROL_ROUND42=1
MARKER_V3_POISONED_HONEST_ONE_ROUND42=0
MARKER_V3_POISONED_HONEST_TWO_ROUND42=0
MARKER_V3_RECOVERED_HONEST_ONE_ROUND43=1
MARKER_V3_RECOVERED_HONEST_TWO_ROUND43=1
MARKER_V3_TEST_COMPLETE=1
ok

test result: ok. 1 passed; 0 failed; 0 ignored; 0 measured; 213 filtered out; finished in 0.05s

     Running tests/encoder_error.rs (monad-bft/target/debug/deps/encoder_error-4e41b62c63ca51a5)

running 0 tests

test result: ok. 0 passed; 0 failed; 0 ignored; 0 measured; 1 filtered out; finished in 0.00s

     Running tests/raptorcast_instance.rs (monad-bft/target/debug/deps/raptorcast_instance-4675af7677ee3773)

running 0 tests

test result: ok. 0 passed; 0 failed; 0 ignored; 0 measured; 9 filtered out; finished in 0.00s

     Running tests/wireauth_raptorcast.rs (monad-bft/target/debug/deps/wireauth_raptorcast-25af2fb17c78ac1e)

running 0 tests

test result: ok. 0 passed; 0 failed; 0 ignored; 0 measured; 11 filtered out; finished in 0.00s

warning: unused variable: `block_num`
  --> monad-execution-state-read/src/mock.rs:80:9
   |
80 |         block_num: SeqNum,
   |         ^^^^^^^^^ help: if this is intentional, prefix it with an underscore: `_block_num`
   |
   = note: `#[warn(unused_variables)]` (part of `#[warn(unused)]`) on by default

warning: unused variable: `requested_epoch`
  --> monad-execution-state-read/src/mock.rs:81:9
   |
81 |         requested_epoch: monad_types::Epoch,
   |         ^^^^^^^^^^^^^^^ help: if this is intentional, prefix it with an underscore: `_requested_epoch`

warning: `monad-execution-state-read` (lib) generated 2 warnings
warning: unused doc comment
  --> monad-peer-discovery/src/discovery.rs:59:1
   |
59 | /// Metrics constants
   | ^^^^^^^^^^^^^^^^^^^^^ rustdoc does not generate documentation for macro invocations
   |
   = help: to document an item produced by a macro, the macro must produce the documentation as part of its expansion
   = note: `#[warn(unused_doc_comments)]` (part of `#[warn(unused)]`) on by default

warning: `monad-peer-discovery` (lib) generated 1 warning
warning: unused import: `CertificateKeyPair`
    --> monad-raptorcast/src/udp.rs:2234:37
     |
2234 |             certificate_signature::{CertificateKeyPair, PubKey as _},
     |                                     ^^^^^^^^^^^^^^^^^^
     |
     = note: `#[warn(unused_imports)]` (part of `#[warn(unused)]`) on by default

warning: unused import: `PubKey`
    --> monad-raptorcast/src/udp.rs:2234:57
     |
2234 |             certificate_signature::{CertificateKeyPair, PubKey as _},
     |                                                         ^^^^^^

warning: unused import: `CertificateKeyPair`
    --> monad-raptorcast/src/udp.rs:2481:37
     |
2481 |             certificate_signature::{CertificateKeyPair, PubKey as _},
     |                                     ^^^^^^^^^^^^^^^^^^

warning: unused import: `PubKey`
    --> monad-raptorcast/src/udp.rs:2481:57
     |
2481 |             certificate_signature::{CertificateKeyPair, PubKey as _},
     |                                                         ^^^^^^

warning: unused variable: `group`
    --> monad-raptorcast/src/raptorcast_secondary/publisher.rs:2427:13
     |
2427 |         let group = v0_fsm.group_schedule.get(&start_round).unwrap();
     |             ^^^^^ help: if this is intentional, prefix it with an underscore: `_group`
     |
     = note: `#[warn(unused_variables)]` (part of `#[warn(unused)]`) on by default

warning: method `get_secondary` is never used
   --> monad-raptorcast/src/round_info.rs:135:8
    |
 51 | impl<PT: PubKey> RoundInfoCache<PT> {
    | ----------------------------------- method in this implementation
...
135 |     fn get_secondary(
    |        ^^^^^^^^^^^^^
    |
    = note: `#[warn(dead_code)]` (part of `#[warn(unused)]`) on by default

warning: unused return value of `publisher::Publisher::<ST>::on_candidate_response` that must be used
    --> monad-raptorcast/src/raptorcast_secondary/publisher.rs:1466:9
     |
1466 |         v0_fsm.on_candidate_response(accept_msg);
     |         ^^^^^^^^^^^^^^^^^^^^^^^^^^^^^^^^^^^^^^^^
     |
     = note: `#[warn(unused_must_use)]` (part of `#[warn(unused)]`) on by default
help: use `let _ = ...` to ignore the resulting value
     |
1466 |         let _ = v0_fsm.on_candidate_response(accept_msg);
     |         +++++++

warning: unused return value of `publisher::Publisher::<ST>::on_candidate_response` that must be used
    --> monad-raptorcast/src/raptorcast_secondary/publisher.rs:2433:9
     |
2433 |         v0_fsm.on_candidate_response(attacker_response);
     |         ^^^^^^^^^^^^^^^^^^^^^^^^^^^^^^^^^^^^^^^^^^^^^^^
     |
help: use `let _ = ...` to ignore the resulting value
     |
2433 |         let _ = v0_fsm.on_candidate_response(attacker_response);
     |         +++++++

warning: unused return value of `publisher::Publisher::<ST>::on_candidate_response` that must be used
    --> monad-raptorcast/src/raptorcast_secondary/publisher.rs:2603:9
     |
2603 |         v0_fsm.on_candidate_response(accept_msg);
     |         ^^^^^^^^^^^^^^^^^^^^^^^^^^^^^^^^^^^^^^^^
     |
help: use `let _ = ...` to ignore the resulting value
     |
2603 |         let _ = v0_fsm.on_candidate_response(accept_msg);
     |         +++++++

warning: unused return value of `publisher::Publisher::<ST>::on_candidate_response` that must be used
    --> monad-raptorcast/src/raptorcast_secondary/publisher.rs:2614:9
     |
2614 |         v0_fsm.on_candidate_response(accept_msg);
     |         ^^^^^^^^^^^^^^^^^^^^^^^^^^^^^^^^^^^^^^^^
     |
help: use `let _ = ...` to ignore the resulting value
     |
2614 |         let _ = v0_fsm.on_candidate_response(accept_msg);
     |         +++++++

warning: unused return value of `publisher::Publisher::<ST>::on_candidate_response` that must be used
    --> monad-raptorcast/src/raptorcast_secondary/publisher.rs:2666:9
     |
2666 |         fsm.on_candidate_response(accept);
     |         ^^^^^^^^^^^^^^^^^^^^^^^^^^^^^^^^^
     |
help: use `let _ = ...` to ignore the resulting value
     |
2666 |         let _ = fsm.on_candidate_response(accept);
     |         +++++++

warning: unused return value of `publisher::Publisher::<ST>::on_candidate_response` that must be used
    --> monad-raptorcast/src/raptorcast_secondary/publisher.rs:2668:9
     |
2668 |         fsm.on_candidate_response(accept);
     |         ^^^^^^^^^^^^^^^^^^^^^^^^^^^^^^^^^
     |
help: use `let _ = ...` to ignore the resulting value
     |
2668 |         let _ = fsm.on_candidate_response(accept);
     |         +++++++

warning: unused return value of `publisher::Publisher::<ST>::on_candidate_response` that must be used
    --> monad-raptorcast/src/raptorcast_secondary/publisher.rs:2670:9
     |
2670 |         fsm.on_candidate_response(accept);
     |         ^^^^^^^^^^^^^^^^^^^^^^^^^^^^^^^^^
     |
help: use `let _ = ...` to ignore the resulting value
     |
2670 |         let _ = fsm.on_candidate_response(accept);
     |         +++++++

warning: unused return value of `publisher::Publisher::<ST>::on_candidate_response` that must be used
    --> monad-raptorcast/src/raptorcast_secondary/publisher.rs:2903:9
     |
2903 |         fsm.on_candidate_response(FullNodesGroupMessage::ParticipationReport(report));
     |         ^^^^^^^^^^^^^^^^^^^^^^^^^^^^^^^^^^^^^^^^^^^^^^^^^^^^^^^^^^^^^^^^^^^^^^^^^^^^^
     |
help: use `let _ = ...` to ignore the resulting value
     |
2903 |         let _ = fsm.on_candidate_response(FullNodesGroupMessage::ParticipationReport(report));
     |         +++++++

warning: unused return value of `publisher::Publisher::<ST>::on_candidate_response` that must be used
    --> monad-raptorcast/src/raptorcast_secondary/publisher.rs:2932:9
     |
2932 |         fsm.on_candidate_response(FullNodesGroupMessage::ParticipationReport(report));
     |         ^^^^^^^^^^^^^^^^^^^^^^^^^^^^^^^^^^^^^^^^^^^^^^^^^^^^^^^^^^^^^^^^^^^^^^^^^^^^^
     |
help: use `let _ = ...` to ignore the resulting value
     |
2932 |         let _ = fsm.on_candidate_response(FullNodesGroupMessage::ParticipationReport(report));
     |         +++++++

warning: unused return value of `publisher::Publisher::<ST>::on_candidate_response` that must be used
    --> monad-raptorcast/src/raptorcast_secondary/publisher.rs:2946:9
     |
2946 |         fsm.on_candidate_response(FullNodesGroupMessage::ParticipationReport(report));
     |         ^^^^^^^^^^^^^^^^^^^^^^^^^^^^^^^^^^^^^^^^^^^^^^^^^^^^^^^^^^^^^^^^^^^^^^^^^^^^^
     |
help: use `let _ = ...` to ignore the resulting value
     |
2946 |         let _ = fsm.on_candidate_response(FullNodesGroupMessage::ParticipationReport(report));
     |         +++++++

warning: unused return value of `publisher::Publisher::<ST>::on_candidate_response` that must be used
    --> monad-raptorcast/src/raptorcast_secondary/publisher.rs:2968:9
     |
2968 |         fsm.on_candidate_response(FullNodesGroupMessage::ParticipationReport(report));
     |         ^^^^^^^^^^^^^^^^^^^^^^^^^^^^^^^^^^^^^^^^^^^^^^^^^^^^^^^^^^^^^^^^^^^^^^^^^^^^^
     |
help: use `let _ = ...` to ignore the resulting value
     |
2968 |         let _ = fsm.on_candidate_response(FullNodesGroupMessage::ParticipationReport(report));
     |         +++++++

warning: unused return value of `publisher::Publisher::<ST>::on_candidate_response` that must be used
    --> monad-raptorcast/src/raptorcast_secondary/publisher.rs:2989:9
     |
2989 |         fsm.on_candidate_response(FullNodesGroupMessage::ParticipationReport(report));
     |         ^^^^^^^^^^^^^^^^^^^^^^^^^^^^^^^^^^^^^^^^^^^^^^^^^^^^^^^^^^^^^^^^^^^^^^^^^^^^^
     |
help: use `let _ = ...` to ignore the resulting value
     |
2989 |         let _ = fsm.on_candidate_response(FullNodesGroupMessage::ParticipationReport(report));
     |         +++++++

warning: unused return value of `publisher::Publisher::<ST>::on_candidate_response` that must be used
    --> monad-raptorcast/src/raptorcast_secondary/publisher.rs:3009:9
     |
3009 |         fsm.on_candidate_response(FullNodesGroupMessage::ParticipationReport(report));
     |         ^^^^^^^^^^^^^^^^^^^^^^^^^^^^^^^^^^^^^^^^^^^^^^^^^^^^^^^^^^^^^^^^^^^^^^^^^^^^^
     |
help: use `let _ = ...` to ignore the resulting value
     |
3009 |         let _ = fsm.on_candidate_response(FullNodesGroupMessage::ParticipationReport(report));
     |         +++++++

warning: unused return value of `publisher::Publisher::<ST>::on_candidate_response` that must be used
    --> monad-raptorcast/src/raptorcast_secondary/publisher.rs:3019:9
     |
3019 |         fsm.on_candidate_response(FullNodesGroupMessage::ParticipationReport(report));
     |         ^^^^^^^^^^^^^^^^^^^^^^^^^^^^^^^^^^^^^^^^^^^^^^^^^^^^^^^^^^^^^^^^^^^^^^^^^^^^^
     |
help: use `let _ = ...` to ignore the resulting value
     |
3019 |         let _ = fsm.on_candidate_response(FullNodesGroupMessage::ParticipationReport(report));
     |         +++++++

warning: unused return value of `publisher::Publisher::<ST>::on_candidate_response` that must be used
    --> monad-raptorcast/src/raptorcast_secondary/publisher.rs:3044:9
     |
3044 |         fsm.on_candidate_response(FullNodesGroupMessage::ParticipationReport(report));
     |         ^^^^^^^^^^^^^^^^^^^^^^^^^^^^^^^^^^^^^^^^^^^^^^^^^^^^^^^^^^^^^^^^^^^^^^^^^^^^^
     |
help: use `let _ = ...` to ignore the resulting value
     |
3044 |         let _ = fsm.on_candidate_response(FullNodesGroupMessage::ParticipationReport(report));
     |         +++++++

warning: unused return value of `publisher::Publisher::<ST>::on_candidate_response` that must be used
    --> monad-raptorcast/src/raptorcast_secondary/publisher.rs:3054:9
     |
3054 |         fsm.on_candidate_response(FullNodesGroupMessage::ParticipationReport(report));
     |         ^^^^^^^^^^^^^^^^^^^^^^^^^^^^^^^^^^^^^^^^^^^^^^^^^^^^^^^^^^^^^^^^^^^^^^^^^^^^^
     |
help: use `let _ = ...` to ignore the resulting value
     |
3054 |         let _ = fsm.on_candidate_response(FullNodesGroupMessage::ParticipationReport(report));
     |         +++++++

warning: unused return value of `publisher::Publisher::<ST>::on_candidate_response` that must be used
    --> monad-raptorcast/src/raptorcast_secondary/publisher.rs:3086:9
     |
3086 |         fsm.on_candidate_response(FullNodesGroupMessage::ParticipationReport(report));
     |         ^^^^^^^^^^^^^^^^^^^^^^^^^^^^^^^^^^^^^^^^^^^^^^^^^^^^^^^^^^^^^^^^^^^^^^^^^^^^^
     |
help: use `let _ = ...` to ignore the resulting value
     |
3086 |         let _ = fsm.on_candidate_response(FullNodesGroupMessage::ParticipationReport(report));
     |         +++++++

warning: unused return value of `publisher::Publisher::<ST>::on_candidate_response` that must be used
    --> monad-raptorcast/src/raptorcast_secondary/publisher.rs:3107:9
     |
3107 |         fsm.on_candidate_response(FullNodesGroupMessage::ParticipationReport(report));
     |         ^^^^^^^^^^^^^^^^^^^^^^^^^^^^^^^^^^^^^^^^^^^^^^^^^^^^^^^^^^^^^^^^^^^^^^^^^^^^^
     |
help: use `let _ = ...` to ignore the resulting value
     |
3107 |         let _ = fsm.on_candidate_response(FullNodesGroupMessage::ParticipationReport(report));
     |         +++++++

warning: unused return value of `publisher::Publisher::<ST>::on_candidate_response` that must be used
    --> monad-raptorcast/src/raptorcast_secondary/publisher.rs:3138:9
     |
3138 |         fsm.on_candidate_response(accept);
     |         ^^^^^^^^^^^^^^^^^^^^^^^^^^^^^^^^^
     |
help: use `let _ = ...` to ignore the resulting value
     |
3138 |         let _ = fsm.on_candidate_response(accept);
     |         +++++++

warning: unused return value of `publisher::Publisher::<ST>::on_candidate_response` that must be used
    --> monad-raptorcast/src/raptorcast_secondary/publisher.rs:3140:9
     |
3140 |         fsm.on_candidate_response(accept);
     |         ^^^^^^^^^^^^^^^^^^^^^^^^^^^^^^^^^
     |
help: use `let _ = ...` to ignore the resulting value
     |
3140 |         let _ = fsm.on_candidate_response(accept);
     |         +++++++

warning: unused return value of `publisher::Publisher::<ST>::on_candidate_response` that must be used
    --> monad-raptorcast/src/raptorcast_secondary/publisher.rs:3149:9
     |
3149 |         fsm.on_candidate_response(accept);
     |         ^^^^^^^^^^^^^^^^^^^^^^^^^^^^^^^^^
     |
help: use `let _ = ...` to ignore the resulting value
     |
3149 |         let _ = fsm.on_candidate_response(accept);
     |         +++++++

warning: unused return value of `publisher::Publisher::<ST>::on_candidate_response` that must be used
    --> monad-raptorcast/src/raptorcast_secondary/publisher.rs:3151:9
     |
3151 |         fsm.on_candidate_response(accept);
     |         ^^^^^^^^^^^^^^^^^^^^^^^^^^^^^^^^^
     |
help: use `let _ = ...` to ignore the resulting value
     |
3151 |         let _ = fsm.on_candidate_response(accept);
     |         +++++++

warning: unused return value of `publisher::Publisher::<ST>::on_candidate_response` that must be used
    --> monad-raptorcast/src/raptorcast_secondary/publisher.rs:3170:9
     |
3170 |         fsm.on_candidate_response(FullNodesGroupMessage::ParticipationReport(report));
     |         ^^^^^^^^^^^^^^^^^^^^^^^^^^^^^^^^^^^^^^^^^^^^^^^^^^^^^^^^^^^^^^^^^^^^^^^^^^^^^
     |
help: use `let _ = ...` to ignore the resulting value
     |
3170 |         let _ = fsm.on_candidate_response(FullNodesGroupMessage::ParticipationReport(report));
     |         +++++++

warning: `monad-raptorcast` (lib test) generated 29 warnings
    Finished `test` profile [optimized + debuginfo] target(s) in 0.36s
     Running unittests src/lib.rs (monad-bft/target/debug/deps/monad_raptorcast-889c008b1750f37c)

running 1 test
test udp::tests_deterministic::research_malicious_relay_repeats_high_s_alias_across_honest_rounds ... MARKER_SUSTAINED_ROUND_42_PROPOSER=0_COUNTS=0,0,0
MARKER_SUSTAINED_ROUND_43_PROPOSER=1_COUNTS=0,0,0
MARKER_SUSTAINED_ROUND_44_PROPOSER=2_COUNTS=0,0,0
MARKER_SUSTAINED_ROUND_45_PROPOSER=0_COUNTS=0,0,0
MARKER_SUSTAINED_ROUND_46_PROPOSER=1_COUNTS=0,0,0
MARKER_SUSTAINED_ROUND_47_PROPOSER=2_COUNTS=0,0,0
MARKER_SUSTAINED_ROUND_48_PROPOSER=0_COUNTS=0,0,0
MARKER_SUSTAINED_ROUND_49_PROPOSER=1_COUNTS=0,0,0
MARKER_SUSTAINED_ROUND_50_PROPOSER=2_COUNTS=0,0,0
MARKER_SUSTAINED_ROUND_51_PROPOSER=0_COUNTS=0,0,0
MARKER_SUSTAINED_ROUND_52_PROPOSER=1_COUNTS=0,0,0
MARKER_SUSTAINED_ROUND_53_PROPOSER=2_COUNTS=0,0,0
MARKER_SUSTAINED_TEST_COMPLETE=1
ok

test result: ok. 1 passed; 0 failed; 0 ignored; 0 measured; 213 filtered out; finished in 0.08s

     Running tests/encoder_error.rs (monad-bft/target/debug/deps/encoder_error-4e41b62c63ca51a5)

running 0 tests

test result: ok. 0 passed; 0 failed; 0 ignored; 0 measured; 1 filtered out; finished in 0.00s

     Running tests/raptorcast_instance.rs (monad-bft/target/debug/deps/raptorcast_instance-4675af7677ee3773)

running 0 tests

test result: ok. 0 passed; 0 failed; 0 ignored; 0 measured; 9 filtered out; finished in 0.00s

     Running tests/wireauth_raptorcast.rs (monad-bft/target/debug/deps/wireauth_raptorcast-25af2fb17c78ac1e)

running 0 tests

test result: ok. 0 passed; 0 failed; 0 ignored; 0 measured; 11 filtered out; finished in 0.00s

warning: unused variable: `block_num`
  --> monad-execution-state-read/src/mock.rs:80:9
   |
80 |         block_num: SeqNum,
   |         ^^^^^^^^^ help: if this is intentional, prefix it with an underscore: `_block_num`
   |
   = note: `#[warn(unused_variables)]` (part of `#[warn(unused)]`) on by default

warning: unused variable: `requested_epoch`
  --> monad-execution-state-read/src/mock.rs:81:9
   |
81 |         requested_epoch: monad_types::Epoch,
   |         ^^^^^^^^^^^^^^^ help: if this is intentional, prefix it with an underscore: `_requested_epoch`

warning: `monad-execution-state-read` (lib) generated 2 warnings
warning: unused doc comment
  --> monad-peer-discovery/src/discovery.rs:59:1
   |
59 | /// Metrics constants
   | ^^^^^^^^^^^^^^^^^^^^^ rustdoc does not generate documentation for macro invocations
   |
   = help: to document an item produced by a macro, the macro must produce the documentation as part of its expansion
   = note: `#[warn(unused_doc_comments)]` (part of `#[warn(unused)]`) on by default

warning: `monad-peer-discovery` (lib) generated 1 warning
warning: unused import: `CertificateKeyPair`
    --> monad-raptorcast/src/udp.rs:2234:37
     |
2234 |             certificate_signature::{CertificateKeyPair, PubKey as _},
     |                                     ^^^^^^^^^^^^^^^^^^
     |
     = note: `#[warn(unused_imports)]` (part of `#[warn(unused)]`) on by default

warning: unused import: `PubKey`
    --> monad-raptorcast/src/udp.rs:2234:57
     |
2234 |             certificate_signature::{CertificateKeyPair, PubKey as _},
     |                                                         ^^^^^^

warning: unused import: `CertificateKeyPair`
    --> monad-raptorcast/src/udp.rs:2481:37
     |
2481 |             certificate_signature::{CertificateKeyPair, PubKey as _},
     |                                     ^^^^^^^^^^^^^^^^^^

warning: unused import: `PubKey`
    --> monad-raptorcast/src/udp.rs:2481:57
     |
2481 |             certificate_signature::{CertificateKeyPair, PubKey as _},
     |                                                         ^^^^^^

warning: unused variable: `group`
    --> monad-raptorcast/src/raptorcast_secondary/publisher.rs:2427:13
     |
2427 |         let group = v0_fsm.group_schedule.get(&start_round).unwrap();
     |             ^^^^^ help: if this is intentional, prefix it with an underscore: `_group`
     |
     = note: `#[warn(unused_variables)]` (part of `#[warn(unused)]`) on by default

warning: method `get_secondary` is never used
   --> monad-raptorcast/src/round_info.rs:135:8
    |
 51 | impl<PT: PubKey> RoundInfoCache<PT> {
    | ----------------------------------- method in this implementation
...
135 |     fn get_secondary(
    |        ^^^^^^^^^^^^^
    |
    = note: `#[warn(dead_code)]` (part of `#[warn(unused)]`) on by default

warning: unused return value of `publisher::Publisher::<ST>::on_candidate_response` that must be used
    --> monad-raptorcast/src/raptorcast_secondary/publisher.rs:1466:9
     |
1466 |         v0_fsm.on_candidate_response(accept_msg);
     |         ^^^^^^^^^^^^^^^^^^^^^^^^^^^^^^^^^^^^^^^^
     |
     = note: `#[warn(unused_must_use)]` (part of `#[warn(unused)]`) on by default
help: use `let _ = ...` to ignore the resulting value
     |
1466 |         let _ = v0_fsm.on_candidate_response(accept_msg);
     |         +++++++

warning: unused return value of `publisher::Publisher::<ST>::on_candidate_response` that must be used
    --> monad-raptorcast/src/raptorcast_secondary/publisher.rs:2433:9
     |
2433 |         v0_fsm.on_candidate_response(attacker_response);
     |         ^^^^^^^^^^^^^^^^^^^^^^^^^^^^^^^^^^^^^^^^^^^^^^^
     |
help: use `let _ = ...` to ignore the resulting value
     |
2433 |         let _ = v0_fsm.on_candidate_response(attacker_response);
     |         +++++++

warning: unused return value of `publisher::Publisher::<ST>::on_candidate_response` that must be used
    --> monad-raptorcast/src/raptorcast_secondary/publisher.rs:2603:9
     |
2603 |         v0_fsm.on_candidate_response(accept_msg);
     |         ^^^^^^^^^^^^^^^^^^^^^^^^^^^^^^^^^^^^^^^^
     |
help: use `let _ = ...` to ignore the resulting value
     |
2603 |         let _ = v0_fsm.on_candidate_response(accept_msg);
     |         +++++++

warning: unused return value of `publisher::Publisher::<ST>::on_candidate_response` that must be used
    --> monad-raptorcast/src/raptorcast_secondary/publisher.rs:2614:9
     |
2614 |         v0_fsm.on_candidate_response(accept_msg);
     |         ^^^^^^^^^^^^^^^^^^^^^^^^^^^^^^^^^^^^^^^^
     |
help: use `let _ = ...` to ignore the resulting value
     |
2614 |         let _ = v0_fsm.on_candidate_response(accept_msg);
     |         +++++++

warning: unused return value of `publisher::Publisher::<ST>::on_candidate_response` that must be used
    --> monad-raptorcast/src/raptorcast_secondary/publisher.rs:2666:9
     |
2666 |         fsm.on_candidate_response(accept);
     |         ^^^^^^^^^^^^^^^^^^^^^^^^^^^^^^^^^
     |
help: use `let _ = ...` to ignore the resulting value
     |
2666 |         let _ = fsm.on_candidate_response(accept);
     |         +++++++

warning: unused return value of `publisher::Publisher::<ST>::on_candidate_response` that must be used
    --> monad-raptorcast/src/raptorcast_secondary/publisher.rs:2668:9
     |
2668 |         fsm.on_candidate_response(accept);
     |         ^^^^^^^^^^^^^^^^^^^^^^^^^^^^^^^^^
     |
help: use `let _ = ...` to ignore the resulting value
     |
2668 |         let _ = fsm.on_candidate_response(accept);
     |         +++++++

warning: unused return value of `publisher::Publisher::<ST>::on_candidate_response` that must be used
    --> monad-raptorcast/src/raptorcast_secondary/publisher.rs:2670:9
     |
2670 |         fsm.on_candidate_response(accept);
     |         ^^^^^^^^^^^^^^^^^^^^^^^^^^^^^^^^^
     |
help: use `let _ = ...` to ignore the resulting value
     |
2670 |         let _ = fsm.on_candidate_response(accept);
     |         +++++++

warning: unused return value of `publisher::Publisher::<ST>::on_candidate_response` that must be used
    --> monad-raptorcast/src/raptorcast_secondary/publisher.rs:2903:9
     |
2903 |         fsm.on_candidate_response(FullNodesGroupMessage::ParticipationReport(report));
     |         ^^^^^^^^^^^^^^^^^^^^^^^^^^^^^^^^^^^^^^^^^^^^^^^^^^^^^^^^^^^^^^^^^^^^^^^^^^^^^
     |
help: use `let _ = ...` to ignore the resulting value
     |
2903 |         let _ = fsm.on_candidate_response(FullNodesGroupMessage::ParticipationReport(report));
     |         +++++++

warning: unused return value of `publisher::Publisher::<ST>::on_candidate_response` that must be used
    --> monad-raptorcast/src/raptorcast_secondary/publisher.rs:2932:9
     |
2932 |         fsm.on_candidate_response(FullNodesGroupMessage::ParticipationReport(report));
     |         ^^^^^^^^^^^^^^^^^^^^^^^^^^^^^^^^^^^^^^^^^^^^^^^^^^^^^^^^^^^^^^^^^^^^^^^^^^^^^
     |
help: use `let _ = ...` to ignore the resulting value
     |
2932 |         let _ = fsm.on_candidate_response(FullNodesGroupMessage::ParticipationReport(report));
     |         +++++++

warning: unused return value of `publisher::Publisher::<ST>::on_candidate_response` that must be used
    --> monad-raptorcast/src/raptorcast_secondary/publisher.rs:2946:9
     |
2946 |         fsm.on_candidate_response(FullNodesGroupMessage::ParticipationReport(report));
     |         ^^^^^^^^^^^^^^^^^^^^^^^^^^^^^^^^^^^^^^^^^^^^^^^^^^^^^^^^^^^^^^^^^^^^^^^^^^^^^
     |
help: use `let _ = ...` to ignore the resulting value
     |
2946 |         let _ = fsm.on_candidate_response(FullNodesGroupMessage::ParticipationReport(report));
     |         +++++++

warning: unused return value of `publisher::Publisher::<ST>::on_candidate_response` that must be used
    --> monad-raptorcast/src/raptorcast_secondary/publisher.rs:2968:9
     |
2968 |         fsm.on_candidate_response(FullNodesGroupMessage::ParticipationReport(report));
     |         ^^^^^^^^^^^^^^^^^^^^^^^^^^^^^^^^^^^^^^^^^^^^^^^^^^^^^^^^^^^^^^^^^^^^^^^^^^^^^
     |
help: use `let _ = ...` to ignore the resulting value
     |
2968 |         let _ = fsm.on_candidate_response(FullNodesGroupMessage::ParticipationReport(report));
     |         +++++++

warning: unused return value of `publisher::Publisher::<ST>::on_candidate_response` that must be used
    --> monad-raptorcast/src/raptorcast_secondary/publisher.rs:2989:9
     |
2989 |         fsm.on_candidate_response(FullNodesGroupMessage::ParticipationReport(report));
     |         ^^^^^^^^^^^^^^^^^^^^^^^^^^^^^^^^^^^^^^^^^^^^^^^^^^^^^^^^^^^^^^^^^^^^^^^^^^^^^
     |
help: use `let _ = ...` to ignore the resulting value
     |
2989 |         let _ = fsm.on_candidate_response(FullNodesGroupMessage::ParticipationReport(report));
     |         +++++++

warning: unused return value of `publisher::Publisher::<ST>::on_candidate_response` that must be used
    --> monad-raptorcast/src/raptorcast_secondary/publisher.rs:3009:9
     |
3009 |         fsm.on_candidate_response(FullNodesGroupMessage::ParticipationReport(report));
     |         ^^^^^^^^^^^^^^^^^^^^^^^^^^^^^^^^^^^^^^^^^^^^^^^^^^^^^^^^^^^^^^^^^^^^^^^^^^^^^
     |
help: use `let _ = ...` to ignore the resulting value
     |
3009 |         let _ = fsm.on_candidate_response(FullNodesGroupMessage::ParticipationReport(report));
     |         +++++++

warning: unused return value of `publisher::Publisher::<ST>::on_candidate_response` that must be used
    --> monad-raptorcast/src/raptorcast_secondary/publisher.rs:3019:9
     |
3019 |         fsm.on_candidate_response(FullNodesGroupMessage::ParticipationReport(report));
     |         ^^^^^^^^^^^^^^^^^^^^^^^^^^^^^^^^^^^^^^^^^^^^^^^^^^^^^^^^^^^^^^^^^^^^^^^^^^^^^
     |
help: use `let _ = ...` to ignore the resulting value
     |
3019 |         let _ = fsm.on_candidate_response(FullNodesGroupMessage::ParticipationReport(report));
     |         +++++++

warning: unused return value of `publisher::Publisher::<ST>::on_candidate_response` that must be used
    --> monad-raptorcast/src/raptorcast_secondary/publisher.rs:3044:9
     |
3044 |         fsm.on_candidate_response(FullNodesGroupMessage::ParticipationReport(report));
     |         ^^^^^^^^^^^^^^^^^^^^^^^^^^^^^^^^^^^^^^^^^^^^^^^^^^^^^^^^^^^^^^^^^^^^^^^^^^^^^
     |
help: use `let _ = ...` to ignore the resulting value
     |
3044 |         let _ = fsm.on_candidate_response(FullNodesGroupMessage::ParticipationReport(report));
     |         +++++++

warning: unused return value of `publisher::Publisher::<ST>::on_candidate_response` that must be used
    --> monad-raptorcast/src/raptorcast_secondary/publisher.rs:3054:9
     |
3054 |         fsm.on_candidate_response(FullNodesGroupMessage::ParticipationReport(report));
     |         ^^^^^^^^^^^^^^^^^^^^^^^^^^^^^^^^^^^^^^^^^^^^^^^^^^^^^^^^^^^^^^^^^^^^^^^^^^^^^
     |
help: use `let _ = ...` to ignore the resulting value
     |
3054 |         let _ = fsm.on_candidate_response(FullNodesGroupMessage::ParticipationReport(report));
     |         +++++++

warning: unused return value of `publisher::Publisher::<ST>::on_candidate_response` that must be used
    --> monad-raptorcast/src/raptorcast_secondary/publisher.rs:3086:9
     |
3086 |         fsm.on_candidate_response(FullNodesGroupMessage::ParticipationReport(report));
     |         ^^^^^^^^^^^^^^^^^^^^^^^^^^^^^^^^^^^^^^^^^^^^^^^^^^^^^^^^^^^^^^^^^^^^^^^^^^^^^
     |
help: use `let _ = ...` to ignore the resulting value
     |
3086 |         let _ = fsm.on_candidate_response(FullNodesGroupMessage::ParticipationReport(report));
     |         +++++++

warning: unused return value of `publisher::Publisher::<ST>::on_candidate_response` that must be used
    --> monad-raptorcast/src/raptorcast_secondary/publisher.rs:3107:9
     |
3107 |         fsm.on_candidate_response(FullNodesGroupMessage::ParticipationReport(report));
     |         ^^^^^^^^^^^^^^^^^^^^^^^^^^^^^^^^^^^^^^^^^^^^^^^^^^^^^^^^^^^^^^^^^^^^^^^^^^^^^
     |
help: use `let _ = ...` to ignore the resulting value
     |
3107 |         let _ = fsm.on_candidate_response(FullNodesGroupMessage::ParticipationReport(report));
     |         +++++++

warning: unused return value of `publisher::Publisher::<ST>::on_candidate_response` that must be used
    --> monad-raptorcast/src/raptorcast_secondary/publisher.rs:3138:9
     |
3138 |         fsm.on_candidate_response(accept);
     |         ^^^^^^^^^^^^^^^^^^^^^^^^^^^^^^^^^
     |
help: use `let _ = ...` to ignore the resulting value
     |
3138 |         let _ = fsm.on_candidate_response(accept);
     |         +++++++

warning: unused return value of `publisher::Publisher::<ST>::on_candidate_response` that must be used
    --> monad-raptorcast/src/raptorcast_secondary/publisher.rs:3140:9
     |
3140 |         fsm.on_candidate_response(accept);
     |         ^^^^^^^^^^^^^^^^^^^^^^^^^^^^^^^^^
     |
help: use `let _ = ...` to ignore the resulting value
     |
3140 |         let _ = fsm.on_candidate_response(accept);
     |         +++++++

warning: unused return value of `publisher::Publisher::<ST>::on_candidate_response` that must be used
    --> monad-raptorcast/src/raptorcast_secondary/publisher.rs:3149:9
     |
3149 |         fsm.on_candidate_response(accept);
     |         ^^^^^^^^^^^^^^^^^^^^^^^^^^^^^^^^^
     |
help: use `let _ = ...` to ignore the resulting value
     |
3149 |         let _ = fsm.on_candidate_response(accept);
     |         +++++++

warning: unused return value of `publisher::Publisher::<ST>::on_candidate_response` that must be used
    --> monad-raptorcast/src/raptorcast_secondary/publisher.rs:3151:9
     |
3151 |         fsm.on_candidate_response(accept);
     |         ^^^^^^^^^^^^^^^^^^^^^^^^^^^^^^^^^
     |
help: use `let _ = ...` to ignore the resulting value
     |
3151 |         let _ = fsm.on_candidate_response(accept);
     |         +++++++

warning: unused return value of `publisher::Publisher::<ST>::on_candidate_response` that must be used
    --> monad-raptorcast/src/raptorcast_secondary/publisher.rs:3170:9
     |
3170 |         fsm.on_candidate_response(FullNodesGroupMessage::ParticipationReport(report));
     |         ^^^^^^^^^^^^^^^^^^^^^^^^^^^^^^^^^^^^^^^^^^^^^^^^^^^^^^^^^^^^^^^^^^^^^^^^^^^^^
     |
help: use `let _ = ...` to ignore the resulting value
     |
3170 |         let _ = fsm.on_candidate_response(FullNodesGroupMessage::ParticipationReport(report));
     |         +++++++

warning: `monad-raptorcast` (lib test) generated 29 warnings
    Finished `test` profile [optimized + debuginfo] target(s) in 0.36s
     Running unittests src/lib.rs (monad-bft/target/debug/deps/monad_raptorcast-889c008b1750f37c)

running 1 test
test udp::tests_deterministic::research_malicious_relay_repeats_high_s_alias_across_honest_rounds ... MARKER_SUSTAINED_ROUND_42_PROPOSER=0_COUNTS=0,0,0
MARKER_SUSTAINED_ROUND_43_PROPOSER=1_COUNTS=0,0,0
MARKER_SUSTAINED_ROUND_44_PROPOSER=2_COUNTS=0,0,0
MARKER_SUSTAINED_ROUND_45_PROPOSER=0_COUNTS=0,0,0
MARKER_SUSTAINED_ROUND_46_PROPOSER=1_COUNTS=0,0,0
MARKER_SUSTAINED_ROUND_47_PROPOSER=2_COUNTS=0,0,0
MARKER_SUSTAINED_ROUND_48_PROPOSER=0_COUNTS=0,0,0
MARKER_SUSTAINED_ROUND_49_PROPOSER=1_COUNTS=0,0,0
MARKER_SUSTAINED_ROUND_50_PROPOSER=2_COUNTS=0,0,0
MARKER_SUSTAINED_ROUND_51_PROPOSER=0_COUNTS=0,0,0
MARKER_SUSTAINED_ROUND_52_PROPOSER=1_COUNTS=0,0,0
MARKER_SUSTAINED_ROUND_53_PROPOSER=2_COUNTS=0,0,0
MARKER_SUSTAINED_TEST_COMPLETE=1
ok

test result: ok. 1 passed; 0 failed; 0 ignored; 0 measured; 213 filtered out; finished in 0.08s

     Running tests/encoder_error.rs (monad-bft/target/debug/deps/encoder_error-4e41b62c63ca51a5)

running 0 tests

test result: ok. 0 passed; 0 failed; 0 ignored; 0 measured; 1 filtered out; finished in 0.00s

     Running tests/raptorcast_instance.rs (monad-bft/target/debug/deps/raptorcast_instance-4675af7677ee3773)

running 0 tests

test result: ok. 0 passed; 0 failed; 0 ignored; 0 measured; 9 filtered out; finished in 0.00s

     Running tests/wireauth_raptorcast.rs (monad-bft/target/debug/deps/wireauth_raptorcast-25af2fb17c78ac1e)

running 0 tests

test result: ok. 0 passed; 0 failed; 0 ignored; 0 measured; 11 filtered out; finished in 0.00s

warning: unused variable: `block_num`
  --> monad-execution-state-read/src/mock.rs:80:9
   |
80 |         block_num: SeqNum,
   |         ^^^^^^^^^ help: if this is intentional, prefix it with an underscore: `_block_num`
   |
   = note: `#[warn(unused_variables)]` (part of `#[warn(unused)]`) on by default

warning: unused variable: `requested_epoch`
  --> monad-execution-state-read/src/mock.rs:81:9
   |
81 |         requested_epoch: monad_types::Epoch,
   |         ^^^^^^^^^^^^^^^ help: if this is intentional, prefix it with an underscore: `_requested_epoch`

warning: `monad-execution-state-read` (lib) generated 2 warnings
warning: unused doc comment
  --> monad-peer-discovery/src/discovery.rs:59:1
   |
59 | /// Metrics constants
   | ^^^^^^^^^^^^^^^^^^^^^ rustdoc does not generate documentation for macro invocations
   |
   = help: to document an item produced by a macro, the macro must produce the documentation as part of its expansion
   = note: `#[warn(unused_doc_comments)]` (part of `#[warn(unused)]`) on by default

warning: `monad-peer-discovery` (lib) generated 1 warning
warning: unused import: `CertificateKeyPair`
    --> monad-raptorcast/src/udp.rs:2234:37
     |
2234 |             certificate_signature::{CertificateKeyPair, PubKey as _},
     |                                     ^^^^^^^^^^^^^^^^^^
     |
     = note: `#[warn(unused_imports)]` (part of `#[warn(unused)]`) on by default

warning: unused import: `PubKey`
    --> monad-raptorcast/src/udp.rs:2234:57
     |
2234 |             certificate_signature::{CertificateKeyPair, PubKey as _},
     |                                                         ^^^^^^

warning: unused import: `CertificateKeyPair`
    --> monad-raptorcast/src/udp.rs:2481:37
     |
2481 |             certificate_signature::{CertificateKeyPair, PubKey as _},
     |                                     ^^^^^^^^^^^^^^^^^^

warning: unused import: `PubKey`
    --> monad-raptorcast/src/udp.rs:2481:57
     |
2481 |             certificate_signature::{CertificateKeyPair, PubKey as _},
     |                                                         ^^^^^^

warning: unused variable: `group`
    --> monad-raptorcast/src/raptorcast_secondary/publisher.rs:2427:13
     |
2427 |         let group = v0_fsm.group_schedule.get(&start_round).unwrap();
     |             ^^^^^ help: if this is intentional, prefix it with an underscore: `_group`
     |
     = note: `#[warn(unused_variables)]` (part of `#[warn(unused)]`) on by default

warning: method `get_secondary` is never used
   --> monad-raptorcast/src/round_info.rs:135:8
    |
 51 | impl<PT: PubKey> RoundInfoCache<PT> {
    | ----------------------------------- method in this implementation
...
135 |     fn get_secondary(
    |        ^^^^^^^^^^^^^
    |
    = note: `#[warn(dead_code)]` (part of `#[warn(unused)]`) on by default

warning: unused return value of `publisher::Publisher::<ST>::on_candidate_response` that must be used
    --> monad-raptorcast/src/raptorcast_secondary/publisher.rs:1466:9
     |
1466 |         v0_fsm.on_candidate_response(accept_msg);
     |         ^^^^^^^^^^^^^^^^^^^^^^^^^^^^^^^^^^^^^^^^
     |
     = note: `#[warn(unused_must_use)]` (part of `#[warn(unused)]`) on by default
help: use `let _ = ...` to ignore the resulting value
     |
1466 |         let _ = v0_fsm.on_candidate_response(accept_msg);
     |         +++++++

warning: unused return value of `publisher::Publisher::<ST>::on_candidate_response` that must be used
    --> monad-raptorcast/src/raptorcast_secondary/publisher.rs:2433:9
     |
2433 |         v0_fsm.on_candidate_response(attacker_response);
     |         ^^^^^^^^^^^^^^^^^^^^^^^^^^^^^^^^^^^^^^^^^^^^^^^
     |
help: use `let _ = ...` to ignore the resulting value
     |
2433 |         let _ = v0_fsm.on_candidate_response(attacker_response);
     |         +++++++

warning: unused return value of `publisher::Publisher::<ST>::on_candidate_response` that must be used
    --> monad-raptorcast/src/raptorcast_secondary/publisher.rs:2603:9
     |
2603 |         v0_fsm.on_candidate_response(accept_msg);
     |         ^^^^^^^^^^^^^^^^^^^^^^^^^^^^^^^^^^^^^^^^
     |
help: use `let _ = ...` to ignore the resulting value
     |
2603 |         let _ = v0_fsm.on_candidate_response(accept_msg);
     |         +++++++

warning: unused return value of `publisher::Publisher::<ST>::on_candidate_response` that must be used
    --> monad-raptorcast/src/raptorcast_secondary/publisher.rs:2614:9
     |
2614 |         v0_fsm.on_candidate_response(accept_msg);
     |         ^^^^^^^^^^^^^^^^^^^^^^^^^^^^^^^^^^^^^^^^
     |
help: use `let _ = ...` to ignore the resulting value
     |
2614 |         let _ = v0_fsm.on_candidate_response(accept_msg);
     |         +++++++

warning: unused return value of `publisher::Publisher::<ST>::on_candidate_response` that must be used
    --> monad-raptorcast/src/raptorcast_secondary/publisher.rs:2666:9
     |
2666 |         fsm.on_candidate_response(accept);
     |         ^^^^^^^^^^^^^^^^^^^^^^^^^^^^^^^^^
     |
help: use `let _ = ...` to ignore the resulting value
     |
2666 |         let _ = fsm.on_candidate_response(accept);
     |         +++++++

warning: unused return value of `publisher::Publisher::<ST>::on_candidate_response` that must be used
    --> monad-raptorcast/src/raptorcast_secondary/publisher.rs:2668:9
     |
2668 |         fsm.on_candidate_response(accept);
     |         ^^^^^^^^^^^^^^^^^^^^^^^^^^^^^^^^^
     |
help: use `let _ = ...` to ignore the resulting value
     |
2668 |         let _ = fsm.on_candidate_response(accept);
     |         +++++++

warning: unused return value of `publisher::Publisher::<ST>::on_candidate_response` that must be used
    --> monad-raptorcast/src/raptorcast_secondary/publisher.rs:2670:9
     |
2670 |         fsm.on_candidate_response(accept);
     |         ^^^^^^^^^^^^^^^^^^^^^^^^^^^^^^^^^
     |
help: use `let _ = ...` to ignore the resulting value
     |
2670 |         let _ = fsm.on_candidate_response(accept);
     |         +++++++

warning: unused return value of `publisher::Publisher::<ST>::on_candidate_response` that must be used
    --> monad-raptorcast/src/raptorcast_secondary/publisher.rs:2903:9
     |
2903 |         fsm.on_candidate_response(FullNodesGroupMessage::ParticipationReport(report));
     |         ^^^^^^^^^^^^^^^^^^^^^^^^^^^^^^^^^^^^^^^^^^^^^^^^^^^^^^^^^^^^^^^^^^^^^^^^^^^^^
     |
help: use `let _ = ...` to ignore the resulting value
     |
2903 |         let _ = fsm.on_candidate_response(FullNodesGroupMessage::ParticipationReport(report));
     |         +++++++

warning: unused return value of `publisher::Publisher::<ST>::on_candidate_response` that must be used
    --> monad-raptorcast/src/raptorcast_secondary/publisher.rs:2932:9
     |
2932 |         fsm.on_candidate_response(FullNodesGroupMessage::ParticipationReport(report));
     |         ^^^^^^^^^^^^^^^^^^^^^^^^^^^^^^^^^^^^^^^^^^^^^^^^^^^^^^^^^^^^^^^^^^^^^^^^^^^^^
     |
help: use `let _ = ...` to ignore the resulting value
     |
2932 |         let _ = fsm.on_candidate_response(FullNodesGroupMessage::ParticipationReport(report));
     |         +++++++

warning: unused return value of `publisher::Publisher::<ST>::on_candidate_response` that must be used
    --> monad-raptorcast/src/raptorcast_secondary/publisher.rs:2946:9
     |
2946 |         fsm.on_candidate_response(FullNodesGroupMessage::ParticipationReport(report));
     |         ^^^^^^^^^^^^^^^^^^^^^^^^^^^^^^^^^^^^^^^^^^^^^^^^^^^^^^^^^^^^^^^^^^^^^^^^^^^^^
     |
help: use `let _ = ...` to ignore the resulting value
     |
2946 |         let _ = fsm.on_candidate_response(FullNodesGroupMessage::ParticipationReport(report));
     |         +++++++

warning: unused return value of `publisher::Publisher::<ST>::on_candidate_response` that must be used
    --> monad-raptorcast/src/raptorcast_secondary/publisher.rs:2968:9
     |
2968 |         fsm.on_candidate_response(FullNodesGroupMessage::ParticipationReport(report));
     |         ^^^^^^^^^^^^^^^^^^^^^^^^^^^^^^^^^^^^^^^^^^^^^^^^^^^^^^^^^^^^^^^^^^^^^^^^^^^^^
     |
help: use `let _ = ...` to ignore the resulting value
     |
2968 |         let _ = fsm.on_candidate_response(FullNodesGroupMessage::ParticipationReport(report));
     |         +++++++

warning: unused return value of `publisher::Publisher::<ST>::on_candidate_response` that must be used
    --> monad-raptorcast/src/raptorcast_secondary/publisher.rs:2989:9
     |
2989 |         fsm.on_candidate_response(FullNodesGroupMessage::ParticipationReport(report));
     |         ^^^^^^^^^^^^^^^^^^^^^^^^^^^^^^^^^^^^^^^^^^^^^^^^^^^^^^^^^^^^^^^^^^^^^^^^^^^^^
     |
help: use `let _ = ...` to ignore the resulting value
     |
2989 |         let _ = fsm.on_candidate_response(FullNodesGroupMessage::ParticipationReport(report));
     |         +++++++

warning: unused return value of `publisher::Publisher::<ST>::on_candidate_response` that must be used
    --> monad-raptorcast/src/raptorcast_secondary/publisher.rs:3009:9
     |
3009 |         fsm.on_candidate_response(FullNodesGroupMessage::ParticipationReport(report));
     |         ^^^^^^^^^^^^^^^^^^^^^^^^^^^^^^^^^^^^^^^^^^^^^^^^^^^^^^^^^^^^^^^^^^^^^^^^^^^^^
     |
help: use `let _ = ...` to ignore the resulting value
     |
3009 |         let _ = fsm.on_candidate_response(FullNodesGroupMessage::ParticipationReport(report));
     |         +++++++

warning: unused return value of `publisher::Publisher::<ST>::on_candidate_response` that must be used
    --> monad-raptorcast/src/raptorcast_secondary/publisher.rs:3019:9
     |
3019 |         fsm.on_candidate_response(FullNodesGroupMessage::ParticipationReport(report));
     |         ^^^^^^^^^^^^^^^^^^^^^^^^^^^^^^^^^^^^^^^^^^^^^^^^^^^^^^^^^^^^^^^^^^^^^^^^^^^^^
     |
help: use `let _ = ...` to ignore the resulting value
     |
3019 |         let _ = fsm.on_candidate_response(FullNodesGroupMessage::ParticipationReport(report));
     |         +++++++

warning: unused return value of `publisher::Publisher::<ST>::on_candidate_response` that must be used
    --> monad-raptorcast/src/raptorcast_secondary/publisher.rs:3044:9
     |
3044 |         fsm.on_candidate_response(FullNodesGroupMessage::ParticipationReport(report));
     |         ^^^^^^^^^^^^^^^^^^^^^^^^^^^^^^^^^^^^^^^^^^^^^^^^^^^^^^^^^^^^^^^^^^^^^^^^^^^^^
     |
help: use `let _ = ...` to ignore the resulting value
     |
3044 |         let _ = fsm.on_candidate_response(FullNodesGroupMessage::ParticipationReport(report));
     |         +++++++

warning: unused return value of `publisher::Publisher::<ST>::on_candidate_response` that must be used
    --> monad-raptorcast/src/raptorcast_secondary/publisher.rs:3054:9
     |
3054 |         fsm.on_candidate_response(FullNodesGroupMessage::ParticipationReport(report));
     |         ^^^^^^^^^^^^^^^^^^^^^^^^^^^^^^^^^^^^^^^^^^^^^^^^^^^^^^^^^^^^^^^^^^^^^^^^^^^^^
     |
help: use `let _ = ...` to ignore the resulting value
     |
3054 |         let _ = fsm.on_candidate_response(FullNodesGroupMessage::ParticipationReport(report));
     |         +++++++

warning: unused return value of `publisher::Publisher::<ST>::on_candidate_response` that must be used
    --> monad-raptorcast/src/raptorcast_secondary/publisher.rs:3086:9
     |
3086 |         fsm.on_candidate_response(FullNodesGroupMessage::ParticipationReport(report));
     |         ^^^^^^^^^^^^^^^^^^^^^^^^^^^^^^^^^^^^^^^^^^^^^^^^^^^^^^^^^^^^^^^^^^^^^^^^^^^^^
     |
help: use `let _ = ...` to ignore the resulting value
     |
3086 |         let _ = fsm.on_candidate_response(FullNodesGroupMessage::ParticipationReport(report));
     |         +++++++

warning: unused return value of `publisher::Publisher::<ST>::on_candidate_response` that must be used
    --> monad-raptorcast/src/raptorcast_secondary/publisher.rs:3107:9
     |
3107 |         fsm.on_candidate_response(FullNodesGroupMessage::ParticipationReport(report));
     |         ^^^^^^^^^^^^^^^^^^^^^^^^^^^^^^^^^^^^^^^^^^^^^^^^^^^^^^^^^^^^^^^^^^^^^^^^^^^^^
     |
help: use `let _ = ...` to ignore the resulting value
     |
3107 |         let _ = fsm.on_candidate_response(FullNodesGroupMessage::ParticipationReport(report));
     |         +++++++

warning: unused return value of `publisher::Publisher::<ST>::on_candidate_response` that must be used
    --> monad-raptorcast/src/raptorcast_secondary/publisher.rs:3138:9
     |
3138 |         fsm.on_candidate_response(accept);
     |         ^^^^^^^^^^^^^^^^^^^^^^^^^^^^^^^^^
     |
help: use `let _ = ...` to ignore the resulting value
     |
3138 |         let _ = fsm.on_candidate_response(accept);
     |         +++++++

warning: unused return value of `publisher::Publisher::<ST>::on_candidate_response` that must be used
    --> monad-raptorcast/src/raptorcast_secondary/publisher.rs:3140:9
     |
3140 |         fsm.on_candidate_response(accept);
     |         ^^^^^^^^^^^^^^^^^^^^^^^^^^^^^^^^^
     |
help: use `let _ = ...` to ignore the resulting value
     |
3140 |         let _ = fsm.on_candidate_response(accept);
     |         +++++++

warning: unused return value of `publisher::Publisher::<ST>::on_candidate_response` that must be used
    --> monad-raptorcast/src/raptorcast_secondary/publisher.rs:3149:9
     |
3149 |         fsm.on_candidate_response(accept);
     |         ^^^^^^^^^^^^^^^^^^^^^^^^^^^^^^^^^
     |
help: use `let _ = ...` to ignore the resulting value
     |
3149 |         let _ = fsm.on_candidate_response(accept);
     |         +++++++

warning: unused return value of `publisher::Publisher::<ST>::on_candidate_response` that must be used
    --> monad-raptorcast/src/raptorcast_secondary/publisher.rs:3151:9
     |
3151 |         fsm.on_candidate_response(accept);
     |         ^^^^^^^^^^^^^^^^^^^^^^^^^^^^^^^^^
     |
help: use `let _ = ...` to ignore the resulting value
     |
3151 |         let _ = fsm.on_candidate_response(accept);
     |         +++++++

warning: unused return value of `publisher::Publisher::<ST>::on_candidate_response` that must be used
    --> monad-raptorcast/src/raptorcast_secondary/publisher.rs:3170:9
     |
3170 |         fsm.on_candidate_response(FullNodesGroupMessage::ParticipationReport(report));
     |         ^^^^^^^^^^^^^^^^^^^^^^^^^^^^^^^^^^^^^^^^^^^^^^^^^^^^^^^^^^^^^^^^^^^^^^^^^^^^^
     |
help: use `let _ = ...` to ignore the resulting value
     |
3170 |         let _ = fsm.on_candidate_response(FullNodesGroupMessage::ParticipationReport(report));
     |         +++++++

warning: `monad-raptorcast` (lib test) generated 29 warnings
    Finished `test` profile [optimized + debuginfo] target(s) in 0.35s
     Running unittests src/lib.rs (monad-bft/target/debug/deps/monad_raptorcast-889c008b1750f37c)

running 1 test
test udp::tests_deterministic::research_malicious_relay_repeats_high_s_alias_across_honest_rounds ... MARKER_SUSTAINED_ROUND_42_PROPOSER=0_COUNTS=0,0,0
MARKER_SUSTAINED_ROUND_43_PROPOSER=1_COUNTS=0,0,0
MARKER_SUSTAINED_ROUND_44_PROPOSER=2_COUNTS=0,0,0
MARKER_SUSTAINED_ROUND_45_PROPOSER=0_COUNTS=0,0,0
MARKER_SUSTAINED_ROUND_46_PROPOSER=1_COUNTS=0,0,0
MARKER_SUSTAINED_ROUND_47_PROPOSER=2_COUNTS=0,0,0
MARKER_SUSTAINED_ROUND_48_PROPOSER=0_COUNTS=0,0,0
MARKER_SUSTAINED_ROUND_49_PROPOSER=1_COUNTS=0,0,0
MARKER_SUSTAINED_ROUND_50_PROPOSER=2_COUNTS=0,0,0
MARKER_SUSTAINED_ROUND_51_PROPOSER=0_COUNTS=0,0,0
MARKER_SUSTAINED_ROUND_52_PROPOSER=1_COUNTS=0,0,0
MARKER_SUSTAINED_ROUND_53_PROPOSER=2_COUNTS=0,0,0
MARKER_SUSTAINED_TEST_COMPLETE=1
ok

test result: ok. 1 passed; 0 failed; 0 ignored; 0 measured; 213 filtered out; finished in 0.08s

     Running tests/encoder_error.rs (monad-bft/target/debug/deps/encoder_error-4e41b62c63ca51a5)

running 0 tests

test result: ok. 0 passed; 0 failed; 0 ignored; 0 measured; 1 filtered out; finished in 0.00s

     Running tests/raptorcast_instance.rs (monad-bft/target/debug/deps/raptorcast_instance-4675af7677ee3773)

running 0 tests

test result: ok. 0 passed; 0 failed; 0 ignored; 0 measured; 9 filtered out; finished in 0.00s

     Running tests/wireauth_raptorcast.rs (monad-bft/target/debug/deps/wireauth_raptorcast-25af2fb17c78ac1e)

running 0 tests

test result: ok. 0 passed; 0 failed; 0 ignored; 0 measured; 11 filtered out; finished in 0.00s

Applied canonical low-S rejection to monad-bft/monad-secp/src/secp.rs
Warning: can't set `imports_granularity = Crate`, unstable features are only available in nightly channel.
Warning: can't set `group_imports = StdExternalCrate`, unstable features are only available in nightly channel.
Warning: can't set `ignore = IgnoreList { path_set: {"manytrace"}, rustfmt_toml_path: "" }`, unstable features are only available in nightly channel.
Warning: can't set `imports_granularity = Crate`, unstable features are only available in nightly channel.
Warning: can't set `group_imports = StdExternalCrate`, unstable features are only available in nightly channel.
Warning: can't set `ignore = IgnoreList { path_set: {"manytrace"}, rustfmt_toml_path: "" }`, unstable features are only available in nightly channel.
Warning: can't set `imports_granularity = Crate`, unstable features are only available in nightly channel.
Warning: can't set `group_imports = StdExternalCrate`, unstable features are only available in nightly channel.
Warning: can't set `ignore = IgnoreList { path_set: {"manytrace"}, rustfmt_toml_path: "" }`, unstable features are only available in nightly channel.
Warning: can't set `imports_granularity = Crate`, unstable features are only available in nightly channel.
Warning: can't set `group_imports = StdExternalCrate`, unstable features are only available in nightly channel.
Warning: can't set `ignore = IgnoreList { path_set: {"manytrace"}, rustfmt_toml_path: "" }`, unstable features are only available in nightly channel.
Warning: can't set `imports_granularity = Crate`, unstable features are only available in nightly channel.
Warning: can't set `group_imports = StdExternalCrate`, unstable features are only available in nightly channel.
Warning: can't set `ignore = IgnoreList { path_set: {"manytrace"}, rustfmt_toml_path: "" }`, unstable features are only available in nightly channel.
Warning: can't set `imports_granularity = Crate`, unstable features are only available in nightly channel.
Warning: can't set `group_imports = StdExternalCrate`, unstable features are only available in nightly channel.
Warning: can't set `ignore = IgnoreList { path_set: {"manytrace"}, rustfmt_toml_path: "" }`, unstable features are only available in nightly channel.
Warning: can't set `imports_granularity = Crate`, unstable features are only available in nightly channel.
Warning: can't set `group_imports = StdExternalCrate`, unstable features are only available in nightly channel.
Warning: can't set `ignore = IgnoreList { path_set: {"manytrace"}, rustfmt_toml_path: "" }`, unstable features are only available in nightly channel.
Warning: can't set `imports_granularity = Crate`, unstable features are only available in nightly channel.
Warning: can't set `group_imports = StdExternalCrate`, unstable features are only available in nightly channel.
Warning: can't set `ignore = IgnoreList { path_set: {"manytrace"}, rustfmt_toml_path: "" }`, unstable features are only available in nightly channel.
Warning: can't set `imports_granularity = Crate`, unstable features are only available in nightly channel.
Warning: can't set `group_imports = StdExternalCrate`, unstable features are only available in nightly channel.
Warning: can't set `ignore = IgnoreList { path_set: {"manytrace"}, rustfmt_toml_path: "" }`, unstable features are only available in nightly channel.
Warning: can't set `imports_granularity = Crate`, unstable features are only available in nightly channel.
Warning: can't set `group_imports = StdExternalCrate`, unstable features are only available in nightly channel.
Warning: can't set `ignore = IgnoreList { path_set: {"manytrace"}, rustfmt_toml_path: "" }`, unstable features are only available in nightly channel.
Warning: can't set `imports_granularity = Crate`, unstable features are only available in nightly channel.
Warning: can't set `group_imports = StdExternalCrate`, unstable features are only available in nightly channel.
Warning: can't set `ignore = IgnoreList { path_set: {"manytrace"}, rustfmt_toml_path: "" }`, unstable features are only available in nightly channel.
Warning: can't set `imports_granularity = Crate`, unstable features are only available in nightly channel.
Warning: can't set `group_imports = StdExternalCrate`, unstable features are only available in nightly channel.
Warning: can't set `ignore = IgnoreList { path_set: {"manytrace"}, rustfmt_toml_path: "" }`, unstable features are only available in nightly channel.
Warning: can't set `imports_granularity = Crate`, unstable features are only available in nightly channel.
Warning: can't set `group_imports = StdExternalCrate`, unstable features are only available in nightly channel.
Warning: can't set `ignore = IgnoreList { path_set: {"manytrace"}, rustfmt_toml_path: "" }`, unstable features are only available in nightly channel.
Warning: can't set `imports_granularity = Crate`, unstable features are only available in nightly channel.
Warning: can't set `group_imports = StdExternalCrate`, unstable features are only available in nightly channel.
Warning: can't set `ignore = IgnoreList { path_set: {"manytrace"}, rustfmt_toml_path: "" }`, unstable features are only available in nightly channel.
Warning: can't set `imports_granularity = Crate`, unstable features are only available in nightly channel.
Warning: can't set `group_imports = StdExternalCrate`, unstable features are only available in nightly channel.
Warning: can't set `ignore = IgnoreList { path_set: {"manytrace"}, rustfmt_toml_path: "" }`, unstable features are only available in nightly channel.
Warning: can't set `imports_granularity = Crate`, unstable features are only available in nightly channel.
Warning: can't set `group_imports = StdExternalCrate`, unstable features are only available in nightly channel.
Warning: can't set `ignore = IgnoreList { path_set: {"manytrace"}, rustfmt_toml_path: "" }`, unstable features are only available in nightly channel.
Warning: can't set `imports_granularity = Crate`, unstable features are only available in nightly channel.
Warning: can't set `group_imports = StdExternalCrate`, unstable features are only available in nightly channel.
Warning: can't set `ignore = IgnoreList { path_set: {"manytrace"}, rustfmt_toml_path: "" }`, unstable features are only available in nightly channel.
Warning: can't set `imports_granularity = Crate`, unstable features are only available in nightly channel.
Warning: can't set `group_imports = StdExternalCrate`, unstable features are only available in nightly channel.
Warning: can't set `ignore = IgnoreList { path_set: {"manytrace"}, rustfmt_toml_path: "" }`, unstable features are only available in nightly channel.
Warning: can't set `imports_granularity = Crate`, unstable features are only available in nightly channel.
Warning: can't set `group_imports = StdExternalCrate`, unstable features are only available in nightly channel.
Warning: can't set `ignore = IgnoreList { path_set: {"manytrace"}, rustfmt_toml_path: "" }`, unstable features are only available in nightly channel.
Warning: can't set `imports_granularity = Crate`, unstable features are only available in nightly channel.
Warning: can't set `group_imports = StdExternalCrate`, unstable features are only available in nightly channel.
Warning: can't set `ignore = IgnoreList { path_set: {"manytrace"}, rustfmt_toml_path: "" }`, unstable features are only available in nightly channel.
Warning: can't set `imports_granularity = Crate`, unstable features are only available in nightly channel.
Warning: can't set `group_imports = StdExternalCrate`, unstable features are only available in nightly channel.
Warning: can't set `ignore = IgnoreList { path_set: {"manytrace"}, rustfmt_toml_path: "" }`, unstable features are only available in nightly channel.
Warning: can't set `imports_granularity = Crate`, unstable features are only available in nightly channel.
Warning: can't set `group_imports = StdExternalCrate`, unstable features are only available in nightly channel.
Warning: can't set `ignore = IgnoreList { path_set: {"manytrace"}, rustfmt_toml_path: "" }`, unstable features are only available in nightly channel.
Warning: can't set `imports_granularity = Crate`, unstable features are only available in nightly channel.
Warning: can't set `group_imports = StdExternalCrate`, unstable features are only available in nightly channel.
Warning: can't set `ignore = IgnoreList { path_set: {"manytrace"}, rustfmt_toml_path: "" }`, unstable features are only available in nightly channel.
Warning: can't set `imports_granularity = Crate`, unstable features are only available in nightly channel.
Warning: can't set `group_imports = StdExternalCrate`, unstable features are only available in nightly channel.
Warning: can't set `ignore = IgnoreList { path_set: {"manytrace"}, rustfmt_toml_path: "" }`, unstable features are only available in nightly channel.
Warning: can't set `imports_granularity = Crate`, unstable features are only available in nightly channel.
Warning: can't set `group_imports = StdExternalCrate`, unstable features are only available in nightly channel.
Warning: can't set `ignore = IgnoreList { path_set: {"manytrace"}, rustfmt_toml_path: "" }`, unstable features are only available in nightly channel.
Warning: can't set `imports_granularity = Crate`, unstable features are only available in nightly channel.
Warning: can't set `group_imports = StdExternalCrate`, unstable features are only available in nightly channel.
Warning: can't set `ignore = IgnoreList { path_set: {"manytrace"}, rustfmt_toml_path: "" }`, unstable features are only available in nightly channel.
Warning: can't set `imports_granularity = Crate`, unstable features are only available in nightly channel.
Warning: can't set `group_imports = StdExternalCrate`, unstable features are only available in nightly channel.
Warning: can't set `ignore = IgnoreList { path_set: {"manytrace"}, rustfmt_toml_path: "" }`, unstable features are only available in nightly channel.
Warning: can't set `imports_granularity = Crate`, unstable features are only available in nightly channel.
Warning: can't set `group_imports = StdExternalCrate`, unstable features are only available in nightly channel.
Warning: can't set `ignore = IgnoreList { path_set: {"manytrace"}, rustfmt_toml_path: "" }`, unstable features are only available in nightly channel.
Warning: can't set `imports_granularity = Crate`, unstable features are only available in nightly channel.
Warning: can't set `group_imports = StdExternalCrate`, unstable features are only available in nightly channel.
Warning: can't set `ignore = IgnoreList { path_set: {"manytrace"}, rustfmt_toml_path: "" }`, unstable features are only available in nightly channel.
Warning: can't set `imports_granularity = Crate`, unstable features are only available in nightly channel.
Warning: can't set `group_imports = StdExternalCrate`, unstable features are only available in nightly channel.
Warning: can't set `ignore = IgnoreList { path_set: {"manytrace"}, rustfmt_toml_path: "" }`, unstable features are only available in nightly channel.
Warning: can't set `imports_granularity = Crate`, unstable features are only available in nightly channel.
Warning: can't set `group_imports = StdExternalCrate`, unstable features are only available in nightly channel.
Warning: can't set `ignore = IgnoreList { path_set: {"manytrace"}, rustfmt_toml_path: "" }`, unstable features are only available in nightly channel.
Warning: can't set `imports_granularity = Crate`, unstable features are only available in nightly channel.
Warning: can't set `group_imports = StdExternalCrate`, unstable features are only available in nightly channel.
Warning: can't set `ignore = IgnoreList { path_set: {"manytrace"}, rustfmt_toml_path: "" }`, unstable features are only available in nightly channel.
Warning: can't set `imports_granularity = Crate`, unstable features are only available in nightly channel.
Warning: can't set `group_imports = StdExternalCrate`, unstable features are only available in nightly channel.
Warning: can't set `ignore = IgnoreList { path_set: {"manytrace"}, rustfmt_toml_path: "" }`, unstable features are only available in nightly channel.
Warning: can't set `imports_granularity = Crate`, unstable features are only available in nightly channel.
Warning: can't set `group_imports = StdExternalCrate`, unstable features are only available in nightly channel.
Warning: can't set `ignore = IgnoreList { path_set: {"manytrace"}, rustfmt_toml_path: "" }`, unstable features are only available in nightly channel.
Warning: can't set `imports_granularity = Crate`, unstable features are only available in nightly channel.
Warning: can't set `group_imports = StdExternalCrate`, unstable features are only available in nightly channel.
Warning: can't set `ignore = IgnoreList { path_set: {"manytrace"}, rustfmt_toml_path: "" }`, unstable features are only available in nightly channel.
Warning: can't set `imports_granularity = Crate`, unstable features are only available in nightly channel.
Warning: can't set `group_imports = StdExternalCrate`, unstable features are only available in nightly channel.
Warning: can't set `ignore = IgnoreList { path_set: {"manytrace"}, rustfmt_toml_path: "" }`, unstable features are only available in nightly channel.
Warning: can't set `imports_granularity = Crate`, unstable features are only available in nightly channel.
Warning: can't set `group_imports = StdExternalCrate`, unstable features are only available in nightly channel.
Warning: can't set `ignore = IgnoreList { path_set: {"manytrace"}, rustfmt_toml_path: "" }`, unstable features are only available in nightly channel.
Warning: can't set `imports_granularity = Crate`, unstable features are only available in nightly channel.
Warning: can't set `group_imports = StdExternalCrate`, unstable features are only available in nightly channel.
Warning: can't set `ignore = IgnoreList { path_set: {"manytrace"}, rustfmt_toml_path: "" }`, unstable features are only available in nightly channel.
Warning: can't set `imports_granularity = Crate`, unstable features are only available in nightly channel.
Warning: can't set `group_imports = StdExternalCrate`, unstable features are only available in nightly channel.
Warning: can't set `ignore = IgnoreList { path_set: {"manytrace"}, rustfmt_toml_path: "" }`, unstable features are only available in nightly channel.
Warning: can't set `imports_granularity = Crate`, unstable features are only available in nightly channel.
Warning: can't set `group_imports = StdExternalCrate`, unstable features are only available in nightly channel.
Warning: can't set `ignore = IgnoreList { path_set: {"manytrace"}, rustfmt_toml_path: "" }`, unstable features are only available in nightly channel.
Warning: can't set `imports_granularity = Crate`, unstable features are only available in nightly channel.
Warning: can't set `group_imports = StdExternalCrate`, unstable features are only available in nightly channel.
Warning: can't set `ignore = IgnoreList { path_set: {"manytrace"}, rustfmt_toml_path: "" }`, unstable features are only available in nightly channel.
Warning: can't set `imports_granularity = Crate`, unstable features are only available in nightly channel.
Warning: can't set `group_imports = StdExternalCrate`, unstable features are only available in nightly channel.
Warning: can't set `ignore = IgnoreList { path_set: {"manytrace"}, rustfmt_toml_path: "" }`, unstable features are only available in nightly channel.
Warning: can't set `imports_granularity = Crate`, unstable features are only available in nightly channel.
Warning: can't set `group_imports = StdExternalCrate`, unstable features are only available in nightly channel.
Warning: can't set `ignore = IgnoreList { path_set: {"manytrace"}, rustfmt_toml_path: "" }`, unstable features are only available in nightly channel.
Warning: can't set `imports_granularity = Crate`, unstable features are only available in nightly channel.
Warning: can't set `group_imports = StdExternalCrate`, unstable features are only available in nightly channel.
Warning: can't set `ignore = IgnoreList { path_set: {"manytrace"}, rustfmt_toml_path: "" }`, unstable features are only available in nightly channel.
Warning: can't set `imports_granularity = Crate`, unstable features are only available in nightly channel.
Warning: can't set `group_imports = StdExternalCrate`, unstable features are only available in nightly channel.
Warning: can't set `ignore = IgnoreList { path_set: {"manytrace"}, rustfmt_toml_path: "" }`, unstable features are only available in nightly channel.
Warning: can't set `imports_granularity = Crate`, unstable features are only available in nightly channel.
Warning: can't set `group_imports = StdExternalCrate`, unstable features are only available in nightly channel.
Warning: can't set `ignore = IgnoreList { path_set: {"manytrace"}, rustfmt_toml_path: "" }`, unstable features are only available in nightly channel.
Warning: can't set `imports_granularity = Crate`, unstable features are only available in nightly channel.
Warning: can't set `group_imports = StdExternalCrate`, unstable features are only available in nightly channel.
Warning: can't set `ignore = IgnoreList { path_set: {"manytrace"}, rustfmt_toml_path: "" }`, unstable features are only available in nightly channel.
Warning: can't set `imports_granularity = Crate`, unstable features are only available in nightly channel.
Warning: can't set `group_imports = StdExternalCrate`, unstable features are only available in nightly channel.
Warning: can't set `ignore = IgnoreList { path_set: {"manytrace"}, rustfmt_toml_path: "" }`, unstable features are only available in nightly channel.
Warning: can't set `imports_granularity = Crate`, unstable features are only available in nightly channel.
Warning: can't set `group_imports = StdExternalCrate`, unstable features are only available in nightly channel.
Warning: can't set `ignore = IgnoreList { path_set: {"manytrace"}, rustfmt_toml_path: "" }`, unstable features are only available in nightly channel.
Warning: can't set `imports_granularity = Crate`, unstable features are only available in nightly channel.
Warning: can't set `group_imports = StdExternalCrate`, unstable features are only available in nightly channel.
Warning: can't set `ignore = IgnoreList { path_set: {"manytrace"}, rustfmt_toml_path: "" }`, unstable features are only available in nightly channel.
Warning: can't set `imports_granularity = Crate`, unstable features are only available in nightly channel.
Warning: can't set `group_imports = StdExternalCrate`, unstable features are only available in nightly channel.
Warning: can't set `ignore = IgnoreList { path_set: {"manytrace"}, rustfmt_toml_path: "" }`, unstable features are only available in nightly channel.
Warning: can't set `imports_granularity = Crate`, unstable features are only available in nightly channel.
Warning: can't set `group_imports = StdExternalCrate`, unstable features are only available in nightly channel.
Warning: can't set `ignore = IgnoreList { path_set: {"manytrace"}, rustfmt_toml_path: "" }`, unstable features are only available in nightly channel.
Warning: can't set `imports_granularity = Crate`, unstable features are only available in nightly channel.
Warning: can't set `group_imports = StdExternalCrate`, unstable features are only available in nightly channel.
Warning: can't set `ignore = IgnoreList { path_set: {"manytrace"}, rustfmt_toml_path: "" }`, unstable features are only available in nightly channel.
Warning: can't set `imports_granularity = Crate`, unstable features are only available in nightly channel.
Warning: can't set `group_imports = StdExternalCrate`, unstable features are only available in nightly channel.
Warning: can't set `imports_granularity = Crate`, unstable features are only available in nightly channel.
Warning: can't set `group_imports = StdExternalCrate`, unstable features are only available in nightly channel.
Warning: can't set `imports_granularity = Crate`, unstable features are only available in nightly channel.
Warning: can't set `group_imports = StdExternalCrate`, unstable features are only available in nightly channel.
Warning: can't set `imports_granularity = Crate`, unstable features are only available in nightly channel.
Warning: can't set `group_imports = StdExternalCrate`, unstable features are only available in nightly channel.
Warning: can't set `imports_granularity = Crate`, unstable features are only available in nightly channel.
Warning: can't set `group_imports = StdExternalCrate`, unstable features are only available in nightly channel.
Warning: can't set `imports_granularity = Crate`, unstable features are only available in nightly channel.
Warning: can't set `group_imports = StdExternalCrate`, unstable features are only available in nightly channel.
Warning: can't set `imports_granularity = Crate`, unstable features are only available in nightly channel.
Warning: can't set `group_imports = StdExternalCrate`, unstable features are only available in nightly channel.
Warning: can't set `imports_granularity = Crate`, unstable features are only available in nightly channel.
Warning: can't set `group_imports = StdExternalCrate`, unstable features are only available in nightly channel.
Warning: can't set `imports_granularity = Crate`, unstable features are only available in nightly channel.
Warning: can't set `group_imports = StdExternalCrate`, unstable features are only available in nightly channel.
Warning: can't set `imports_granularity = Crate`, unstable features are only available in nightly channel.
Warning: can't set `group_imports = StdExternalCrate`, unstable features are only available in nightly channel.
Warning: can't set `imports_granularity = Crate`, unstable features are only available in nightly channel.
Warning: can't set `group_imports = StdExternalCrate`, unstable features are only available in nightly channel.
Warning: can't set `imports_granularity = Crate`, unstable features are only available in nightly channel.
Warning: can't set `group_imports = StdExternalCrate`, unstable features are only available in nightly channel.
Warning: can't set `imports_granularity = Crate`, unstable features are only available in nightly channel.
Warning: can't set `group_imports = StdExternalCrate`, unstable features are only available in nightly channel.
Warning: can't set `imports_granularity = Crate`, unstable features are only available in nightly channel.
Warning: can't set `group_imports = StdExternalCrate`, unstable features are only available in nightly channel.
Warning: can't set `imports_granularity = Crate`, unstable features are only available in nightly channel.
Warning: can't set `group_imports = StdExternalCrate`, unstable features are only available in nightly channel.
Warning: can't set `imports_granularity = Crate`, unstable features are only available in nightly channel.
Warning: can't set `group_imports = StdExternalCrate`, unstable features are only available in nightly channel.
Warning: can't set `imports_granularity = Crate`, unstable features are only available in nightly channel.
Warning: can't set `group_imports = StdExternalCrate`, unstable features are only available in nightly channel.
Warning: can't set `imports_granularity = Crate`, unstable features are only available in nightly channel.
Warning: can't set `group_imports = StdExternalCrate`, unstable features are only available in nightly channel.
Warning: can't set `imports_granularity = Crate`, unstable features are only available in nightly channel.
Warning: can't set `group_imports = StdExternalCrate`, unstable features are only available in nightly channel.
Warning: can't set `imports_granularity = Crate`, unstable features are only available in nightly channel.
Warning: can't set `group_imports = StdExternalCrate`, unstable features are only available in nightly channel.
Warning: can't set `imports_granularity = Crate`, unstable features are only available in nightly channel.
Warning: can't set `group_imports = StdExternalCrate`, unstable features are only available in nightly channel.
Warning: can't set `ignore = IgnoreList { path_set: {"manytrace"}, rustfmt_toml_path: "" }`, unstable features are only available in nightly channel.
Warning: can't set `imports_granularity = Crate`, unstable features are only available in nightly channel.
Warning: can't set `group_imports = StdExternalCrate`, unstable features are only available in nightly channel.
Warning: can't set `ignore = IgnoreList { path_set: {"manytrace"}, rustfmt_toml_path: "" }`, unstable features are only available in nightly channel.
Warning: can't set `imports_granularity = Crate`, unstable features are only available in nightly channel.
Warning: can't set `group_imports = StdExternalCrate`, unstable features are only available in nightly channel.
Warning: can't set `ignore = IgnoreList { path_set: {"manytrace"}, rustfmt_toml_path: "" }`, unstable features are only available in nightly channel.
Warning: can't set `imports_granularity = Crate`, unstable features are only available in nightly channel.
Warning: can't set `group_imports = StdExternalCrate`, unstable features are only available in nightly channel.
Warning: can't set `ignore = IgnoreList { path_set: {"manytrace"}, rustfmt_toml_path: "" }`, unstable features are only available in nightly channel.
Warning: can't set `imports_granularity = Crate`, unstable features are only available in nightly channel.
Warning: can't set `group_imports = StdExternalCrate`, unstable features are only available in nightly channel.
Warning: can't set `ignore = IgnoreList { path_set: {"manytrace"}, rustfmt_toml_path: "" }`, unstable features are only available in nightly channel.
Warning: can't set `imports_granularity = Crate`, unstable features are only available in nightly channel.
Warning: can't set `group_imports = StdExternalCrate`, unstable features are only available in nightly channel.
Warning: can't set `ignore = IgnoreList { path_set: {"manytrace"}, rustfmt_toml_path: "" }`, unstable features are only available in nightly channel.
Warning: can't set `imports_granularity = Crate`, unstable features are only available in nightly channel.
Warning: can't set `group_imports = StdExternalCrate`, unstable features are only available in nightly channel.
Warning: can't set `ignore = IgnoreList { path_set: {"manytrace"}, rustfmt_toml_path: "" }`, unstable features are only available in nightly channel.
Warning: can't set `imports_granularity = Crate`, unstable features are only available in nightly channel.
Warning: can't set `group_imports = StdExternalCrate`, unstable features are only available in nightly channel.
Warning: can't set `ignore = IgnoreList { path_set: {"manytrace"}, rustfmt_toml_path: "" }`, unstable features are only available in nightly channel.
Warning: can't set `imports_granularity = Crate`, unstable features are only available in nightly channel.
Warning: can't set `group_imports = StdExternalCrate`, unstable features are only available in nightly channel.
Warning: can't set `ignore = IgnoreList { path_set: {"manytrace"}, rustfmt_toml_path: "" }`, unstable features are only available in nightly channel.
Warning: can't set `imports_granularity = Crate`, unstable features are only available in nightly channel.
Warning: can't set `group_imports = StdExternalCrate`, unstable features are only available in nightly channel.
Warning: can't set `ignore = IgnoreList { path_set: {"manytrace"}, rustfmt_toml_path: "" }`, unstable features are only available in nightly channel.
Warning: can't set `imports_granularity = Crate`, unstable features are only available in nightly channel.
Warning: can't set `group_imports = StdExternalCrate`, unstable features are only available in nightly channel.
Warning: can't set `ignore = IgnoreList { path_set: {"manytrace"}, rustfmt_toml_path: "" }`, unstable features are only available in nightly channel.
Warning: can't set `imports_granularity = Crate`, unstable features are only available in nightly channel.
Warning: can't set `group_imports = StdExternalCrate`, unstable features are only available in nightly channel.
Warning: can't set `ignore = IgnoreList { path_set: {"manytrace"}, rustfmt_toml_path: "" }`, unstable features are only available in nightly channel.
Warning: can't set `imports_granularity = Crate`, unstable features are only available in nightly channel.
Warning: can't set `group_imports = StdExternalCrate`, unstable features are only available in nightly channel.
Warning: can't set `ignore = IgnoreList { path_set: {"manytrace"}, rustfmt_toml_path: "" }`, unstable features are only available in nightly channel.
Warning: can't set `imports_granularity = Crate`, unstable features are only available in nightly channel.
Warning: can't set `group_imports = StdExternalCrate`, unstable features are only available in nightly channel.
Warning: can't set `ignore = IgnoreList { path_set: {"manytrace"}, rustfmt_toml_path: "" }`, unstable features are only available in nightly channel.
Warning: can't set `imports_granularity = Crate`, unstable features are only available in nightly channel.
Warning: can't set `group_imports = StdExternalCrate`, unstable features are only available in nightly channel.
Warning: can't set `ignore = IgnoreList { path_set: {"manytrace"}, rustfmt_toml_path: "" }`, unstable features are only available in nightly channel.
Warning: can't set `imports_granularity = Crate`, unstable features are only available in nightly channel.
Warning: can't set `group_imports = StdExternalCrate`, unstable features are only available in nightly channel.
Warning: can't set `ignore = IgnoreList { path_set: {"manytrace"}, rustfmt_toml_path: "" }`, unstable features are only available in nightly channel.
Warning: can't set `imports_granularity = Crate`, unstable features are only available in nightly channel.
Warning: can't set `group_imports = StdExternalCrate`, unstable features are only available in nightly channel.
Warning: can't set `ignore = IgnoreList { path_set: {"manytrace"}, rustfmt_toml_path: "" }`, unstable features are only available in nightly channel.
Warning: can't set `imports_granularity = Crate`, unstable features are only available in nightly channel.
Warning: can't set `group_imports = StdExternalCrate`, unstable features are only available in nightly channel.
Warning: can't set `ignore = IgnoreList { path_set: {"manytrace"}, rustfmt_toml_path: "" }`, unstable features are only available in nightly channel.
Warning: can't set `imports_granularity = Crate`, unstable features are only available in nightly channel.
Warning: can't set `group_imports = StdExternalCrate`, unstable features are only available in nightly channel.
Warning: can't set `ignore = IgnoreList { path_set: {"manytrace"}, rustfmt_toml_path: "" }`, unstable features are only available in nightly channel.
Warning: can't set `imports_granularity = Crate`, unstable features are only available in nightly channel.
Warning: can't set `group_imports = StdExternalCrate`, unstable features are only available in nightly channel.
Warning: can't set `ignore = IgnoreList { path_set: {"manytrace"}, rustfmt_toml_path: "" }`, unstable features are only available in nightly channel.
Warning: can't set `imports_granularity = Crate`, unstable features are only available in nightly channel.
Warning: can't set `group_imports = StdExternalCrate`, unstable features are only available in nightly channel.
Warning: can't set `ignore = IgnoreList { path_set: {"manytrace"}, rustfmt_toml_path: "" }`, unstable features are only available in nightly channel.
Warning: can't set `imports_granularity = Crate`, unstable features are only available in nightly channel.
Warning: can't set `group_imports = StdExternalCrate`, unstable features are only available in nightly channel.
Warning: can't set `ignore = IgnoreList { path_set: {"manytrace"}, rustfmt_toml_path: "" }`, unstable features are only available in nightly channel.
Warning: can't set `imports_granularity = Crate`, unstable features are only available in nightly channel.
Warning: can't set `group_imports = StdExternalCrate`, unstable features are only available in nightly channel.
Warning: can't set `ignore = IgnoreList { path_set: {"manytrace"}, rustfmt_toml_path: "" }`, unstable features are only available in nightly channel.
Warning: can't set `imports_granularity = Crate`, unstable features are only available in nightly channel.
Warning: can't set `group_imports = StdExternalCrate`, unstable features are only available in nightly channel.
Warning: can't set `ignore = IgnoreList { path_set: {"manytrace"}, rustfmt_toml_path: "" }`, unstable features are only available in nightly channel.
Warning: can't set `imports_granularity = Crate`, unstable features are only available in nightly channel.
Warning: can't set `group_imports = StdExternalCrate`, unstable features are only available in nightly channel.
Warning: can't set `ignore = IgnoreList { path_set: {"manytrace"}, rustfmt_toml_path: "" }`, unstable features are only available in nightly channel.
Warning: can't set `imports_granularity = Crate`, unstable features are only available in nightly channel.
Warning: can't set `group_imports = StdExternalCrate`, unstable features are only available in nightly channel.
Warning: can't set `ignore = IgnoreList { path_set: {"manytrace"}, rustfmt_toml_path: "" }`, unstable features are only available in nightly channel.
Warning: can't set `imports_granularity = Crate`, unstable features are only available in nightly channel.
Warning: can't set `group_imports = StdExternalCrate`, unstable features are only available in nightly channel.
Warning: can't set `ignore = IgnoreList { path_set: {"manytrace"}, rustfmt_toml_path: "" }`, unstable features are only available in nightly channel.
Warning: can't set `imports_granularity = Crate`, unstable features are only available in nightly channel.
Warning: can't set `group_imports = StdExternalCrate`, unstable features are only available in nightly channel.
Warning: can't set `ignore = IgnoreList { path_set: {"manytrace"}, rustfmt_toml_path: "" }`, unstable features are only available in nightly channel.
Warning: can't set `imports_granularity = Crate`, unstable features are only available in nightly channel.
Warning: can't set `group_imports = StdExternalCrate`, unstable features are only available in nightly channel.
Warning: can't set `ignore = IgnoreList { path_set: {"manytrace"}, rustfmt_toml_path: "" }`, unstable features are only available in nightly channel.
Warning: can't set `imports_granularity = Crate`, unstable features are only available in nightly channel.
Warning: can't set `group_imports = StdExternalCrate`, unstable features are only available in nightly channel.
Warning: can't set `ignore = IgnoreList { path_set: {"manytrace"}, rustfmt_toml_path: "" }`, unstable features are only available in nightly channel.
Warning: can't set `imports_granularity = Crate`, unstable features are only available in nightly channel.
Warning: can't set `group_imports = StdExternalCrate`, unstable features are only available in nightly channel.
Warning: can't set `ignore = IgnoreList { path_set: {"manytrace"}, rustfmt_toml_path: "" }`, unstable features are only available in nightly channel.
Warning: can't set `imports_granularity = Crate`, unstable features are only available in nightly channel.
Warning: can't set `group_imports = StdExternalCrate`, unstable features are only available in nightly channel.
Warning: can't set `ignore = IgnoreList { path_set: {"manytrace"}, rustfmt_toml_path: "" }`, unstable features are only available in nightly channel.
Warning: can't set `imports_granularity = Crate`, unstable features are only available in nightly channel.
Warning: can't set `group_imports = StdExternalCrate`, unstable features are only available in nightly channel.
Warning: can't set `ignore = IgnoreList { path_set: {"manytrace"}, rustfmt_toml_path: "" }`, unstable features are only available in nightly channel.
Warning: can't set `imports_granularity = Crate`, unstable features are only available in nightly channel.
Warning: can't set `group_imports = StdExternalCrate`, unstable features are only available in nightly channel.
Warning: can't set `ignore = IgnoreList { path_set: {"manytrace"}, rustfmt_toml_path: "" }`, unstable features are only available in nightly channel.
Warning: can't set `imports_granularity = Crate`, unstable features are only available in nightly channel.
Warning: can't set `group_imports = StdExternalCrate`, unstable features are only available in nightly channel.
Warning: can't set `ignore = IgnoreList { path_set: {"manytrace"}, rustfmt_toml_path: "" }`, unstable features are only available in nightly channel.
Warning: can't set `imports_granularity = Crate`, unstable features are only available in nightly channel.
Warning: can't set `group_imports = StdExternalCrate`, unstable features are only available in nightly channel.
Warning: can't set `ignore = IgnoreList { path_set: {"manytrace"}, rustfmt_toml_path: "" }`, unstable features are only available in nightly channel.
Warning: can't set `imports_granularity = Crate`, unstable features are only available in nightly channel.
Warning: can't set `group_imports = StdExternalCrate`, unstable features are only available in nightly channel.
Warning: can't set `ignore = IgnoreList { path_set: {"manytrace"}, rustfmt_toml_path: "" }`, unstable features are only available in nightly channel.
Warning: can't set `imports_granularity = Crate`, unstable features are only available in nightly channel.
Warning: can't set `group_imports = StdExternalCrate`, unstable features are only available in nightly channel.
Warning: can't set `ignore = IgnoreList { path_set: {"manytrace"}, rustfmt_toml_path: "" }`, unstable features are only available in nightly channel.
Warning: can't set `imports_granularity = Crate`, unstable features are only available in nightly channel.
Warning: can't set `group_imports = StdExternalCrate`, unstable features are only available in nightly channel.
Warning: can't set `ignore = IgnoreList { path_set: {"manytrace"}, rustfmt_toml_path: "" }`, unstable features are only available in nightly channel.
Warning: can't set `imports_granularity = Crate`, unstable features are only available in nightly channel.
Warning: can't set `group_imports = StdExternalCrate`, unstable features are only available in nightly channel.
Warning: can't set `ignore = IgnoreList { path_set: {"manytrace"}, rustfmt_toml_path: "" }`, unstable features are only available in nightly channel.
Warning: can't set `imports_granularity = Crate`, unstable features are only available in nightly channel.
Warning: can't set `group_imports = StdExternalCrate`, unstable features are only available in nightly channel.
Warning: can't set `ignore = IgnoreList { path_set: {"manytrace"}, rustfmt_toml_path: "" }`, unstable features are only available in nightly channel.
Warning: can't set `imports_granularity = Crate`, unstable features are only available in nightly channel.
Warning: can't set `group_imports = StdExternalCrate`, unstable features are only available in nightly channel.
Warning: can't set `ignore = IgnoreList { path_set: {"manytrace"}, rustfmt_toml_path: "" }`, unstable features are only available in nightly channel.
Warning: can't set `imports_granularity = Crate`, unstable features are only available in nightly channel.
Warning: can't set `group_imports = StdExternalCrate`, unstable features are only available in nightly channel.
Warning: can't set `ignore = IgnoreList { path_set: {"manytrace"}, rustfmt_toml_path: "" }`, unstable features are only available in nightly channel.
Warning: can't set `imports_granularity = Crate`, unstable features are only available in nightly channel.
Warning: can't set `group_imports = StdExternalCrate`, unstable features are only available in nightly channel.
Warning: can't set `ignore = IgnoreList { path_set: {"manytrace"}, rustfmt_toml_path: "" }`, unstable features are only available in nightly channel.
Warning: can't set `imports_granularity = Crate`, unstable features are only available in nightly channel.
Warning: can't set `group_imports = StdExternalCrate`, unstable features are only available in nightly channel.
Warning: can't set `ignore = IgnoreList { path_set: {"manytrace"}, rustfmt_toml_path: "" }`, unstable features are only available in nightly channel.
Warning: can't set `imports_granularity = Crate`, unstable features are only available in nightly channel.
Warning: can't set `group_imports = StdExternalCrate`, unstable features are only available in nightly channel.
Warning: can't set `ignore = IgnoreList { path_set: {"manytrace"}, rustfmt_toml_path: "" }`, unstable features are only available in nightly channel.
Warning: can't set `imports_granularity = Crate`, unstable features are only available in nightly channel.
Warning: can't set `group_imports = StdExternalCrate`, unstable features are only available in nightly channel.
Warning: can't set `ignore = IgnoreList { path_set: {"manytrace"}, rustfmt_toml_path: "" }`, unstable features are only available in nightly channel.
Warning: can't set `imports_granularity = Crate`, unstable features are only available in nightly channel.
Warning: can't set `group_imports = StdExternalCrate`, unstable features are only available in nightly channel.
Warning: can't set `ignore = IgnoreList { path_set: {"manytrace"}, rustfmt_toml_path: "" }`, unstable features are only available in nightly channel.
Warning: can't set `imports_granularity = Crate`, unstable features are only available in nightly channel.
Warning: can't set `group_imports = StdExternalCrate`, unstable features are only available in nightly channel.
Warning: can't set `ignore = IgnoreList { path_set: {"manytrace"}, rustfmt_toml_path: "" }`, unstable features are only available in nightly channel.
Warning: can't set `imports_granularity = Crate`, unstable features are only available in nightly channel.
Warning: can't set `group_imports = StdExternalCrate`, unstable features are only available in nightly channel.
Warning: can't set `ignore = IgnoreList { path_set: {"manytrace"}, rustfmt_toml_path: "" }`, unstable features are only available in nightly channel.
Warning: can't set `imports_granularity = Crate`, unstable features are only available in nightly channel.
Warning: can't set `group_imports = StdExternalCrate`, unstable features are only available in nightly channel.
Warning: can't set `ignore = IgnoreList { path_set: {"manytrace"}, rustfmt_toml_path: "" }`, unstable features are only available in nightly channel.
Warning: can't set `imports_granularity = Crate`, unstable features are only available in nightly channel.
Warning: can't set `group_imports = StdExternalCrate`, unstable features are only available in nightly channel.
Warning: can't set `ignore = IgnoreList { path_set: {"manytrace"}, rustfmt_toml_path: "" }`, unstable features are only available in nightly channel.
Warning: can't set `imports_granularity = Crate`, unstable features are only available in nightly channel.
Warning: can't set `group_imports = StdExternalCrate`, unstable features are only available in nightly channel.
Warning: can't set `ignore = IgnoreList { path_set: {"manytrace"}, rustfmt_toml_path: "" }`, unstable features are only available in nightly channel.
Warning: can't set `imports_granularity = Crate`, unstable features are only available in nightly channel.
Warning: can't set `group_imports = StdExternalCrate`, unstable features are only available in nightly channel.
Warning: can't set `ignore = IgnoreList { path_set: {"manytrace"}, rustfmt_toml_path: "" }`, unstable features are only available in nightly channel.
Warning: can't set `imports_granularity = Crate`, unstable features are only available in nightly channel.
Warning: can't set `group_imports = StdExternalCrate`, unstable features are only available in nightly channel.
Warning: can't set `ignore = IgnoreList { path_set: {"manytrace"}, rustfmt_toml_path: "" }`, unstable features are only available in nightly channel.
Warning: can't set `imports_granularity = Crate`, unstable features are only available in nightly channel.
Warning: can't set `group_imports = StdExternalCrate`, unstable features are only available in nightly channel.
Warning: can't set `ignore = IgnoreList { path_set: {"manytrace"}, rustfmt_toml_path: "" }`, unstable features are only available in nightly channel.
Warning: can't set `imports_granularity = Crate`, unstable features are only available in nightly channel.
Warning: can't set `group_imports = StdExternalCrate`, unstable features are only available in nightly channel.
Warning: can't set `ignore = IgnoreList { path_set: {"manytrace"}, rustfmt_toml_path: "" }`, unstable features are only available in nightly channel.
Warning: can't set `imports_granularity = Crate`, unstable features are only available in nightly channel.
Warning: can't set `group_imports = StdExternalCrate`, unstable features are only available in nightly channel.
Warning: can't set `ignore = IgnoreList { path_set: {"manytrace"}, rustfmt_toml_path: "" }`, unstable features are only available in nightly channel.
Warning: can't set `imports_granularity = Crate`, unstable features are only available in nightly channel.
Warning: can't set `group_imports = StdExternalCrate`, unstable features are only available in nightly channel.
Warning: can't set `ignore = IgnoreList { path_set: {"manytrace"}, rustfmt_toml_path: "" }`, unstable features are only available in nightly channel.
Warning: can't set `imports_granularity = Crate`, unstable features are only available in nightly channel.
Warning: can't set `group_imports = StdExternalCrate`, unstable features are only available in nightly channel.
Warning: can't set `ignore = IgnoreList { path_set: {"manytrace"}, rustfmt_toml_path: "" }`, unstable features are only available in nightly channel.
Warning: can't set `imports_granularity = Crate`, unstable features are only available in nightly channel.
Warning: can't set `group_imports = StdExternalCrate`, unstable features are only available in nightly channel.
Warning: can't set `ignore = IgnoreList { path_set: {"manytrace"}, rustfmt_toml_path: "" }`, unstable features are only available in nightly channel.
Warning: can't set `imports_granularity = Crate`, unstable features are only available in nightly channel.
Warning: can't set `group_imports = StdExternalCrate`, unstable features are only available in nightly channel.
Warning: can't set `ignore = IgnoreList { path_set: {"manytrace"}, rustfmt_toml_path: "" }`, unstable features are only available in nightly channel.
Warning: can't set `imports_granularity = Crate`, unstable features are only available in nightly channel.
Warning: can't set `group_imports = StdExternalCrate`, unstable features are only available in nightly channel.
Warning: can't set `ignore = IgnoreList { path_set: {"manytrace"}, rustfmt_toml_path: "" }`, unstable features are only available in nightly channel.
Warning: can't set `imports_granularity = Crate`, unstable features are only available in nightly channel.
Warning: can't set `group_imports = StdExternalCrate`, unstable features are only available in nightly channel.
Warning: can't set `ignore = IgnoreList { path_set: {"manytrace"}, rustfmt_toml_path: "" }`, unstable features are only available in nightly channel.
Warning: can't set `imports_granularity = Crate`, unstable features are only available in nightly channel.
Warning: can't set `group_imports = StdExternalCrate`, unstable features are only available in nightly channel.
Warning: can't set `ignore = IgnoreList { path_set: {"manytrace"}, rustfmt_toml_path: "" }`, unstable features are only available in nightly channel.
Warning: can't set `imports_granularity = Crate`, unstable features are only available in nightly channel.
Warning: can't set `group_imports = StdExternalCrate`, unstable features are only available in nightly channel.
Warning: can't set `ignore = IgnoreList { path_set: {"manytrace"}, rustfmt_toml_path: "" }`, unstable features are only available in nightly channel.
Warning: can't set `imports_granularity = Crate`, unstable features are only available in nightly channel.
Warning: can't set `group_imports = StdExternalCrate`, unstable features are only available in nightly channel.
Warning: can't set `ignore = IgnoreList { path_set: {"manytrace"}, rustfmt_toml_path: "" }`, unstable features are only available in nightly channel.
Warning: can't set `imports_granularity = Crate`, unstable features are only available in nightly channel.
Warning: can't set `group_imports = StdExternalCrate`, unstable features are only available in nightly channel.
Warning: can't set `ignore = IgnoreList { path_set: {"manytrace"}, rustfmt_toml_path: "" }`, unstable features are only available in nightly channel.
Warning: can't set `imports_granularity = Crate`, unstable features are only available in nightly channel.
Warning: can't set `group_imports = StdExternalCrate`, unstable features are only available in nightly channel.
Warning: can't set `ignore = IgnoreList { path_set: {"manytrace"}, rustfmt_toml_path: "" }`, unstable features are only available in nightly channel.
Warning: can't set `imports_granularity = Crate`, unstable features are only available in nightly channel.
Warning: can't set `group_imports = StdExternalCrate`, unstable features are only available in nightly channel.
Warning: can't set `ignore = IgnoreList { path_set: {"manytrace"}, rustfmt_toml_path: "" }`, unstable features are only available in nightly channel.
Warning: can't set `imports_granularity = Crate`, unstable features are only available in nightly channel.
Warning: can't set `group_imports = StdExternalCrate`, unstable features are only available in nightly channel.
Warning: can't set `ignore = IgnoreList { path_set: {"manytrace"}, rustfmt_toml_path: "" }`, unstable features are only available in nightly channel.
Warning: can't set `imports_granularity = Crate`, unstable features are only available in nightly channel.
Warning: can't set `group_imports = StdExternalCrate`, unstable features are only available in nightly channel.
Warning: can't set `ignore = IgnoreList { path_set: {"manytrace"}, rustfmt_toml_path: "" }`, unstable features are only available in nightly channel.
Warning: can't set `imports_granularity = Crate`, unstable features are only available in nightly channel.
Warning: can't set `group_imports = StdExternalCrate`, unstable features are only available in nightly channel.
Warning: can't set `ignore = IgnoreList { path_set: {"manytrace"}, rustfmt_toml_path: "" }`, unstable features are only available in nightly channel.
Warning: can't set `imports_granularity = Crate`, unstable features are only available in nightly channel.
Warning: can't set `group_imports = StdExternalCrate`, unstable features are only available in nightly channel.
Warning: can't set `ignore = IgnoreList { path_set: {"manytrace"}, rustfmt_toml_path: "" }`, unstable features are only available in nightly channel.
Warning: can't set `imports_granularity = Crate`, unstable features are only available in nightly channel.
Warning: can't set `group_imports = StdExternalCrate`, unstable features are only available in nightly channel.
Warning: can't set `ignore = IgnoreList { path_set: {"manytrace"}, rustfmt_toml_path: "" }`, unstable features are only available in nightly channel.
Warning: can't set `imports_granularity = Crate`, unstable features are only available in nightly channel.
Warning: can't set `group_imports = StdExternalCrate`, unstable features are only available in nightly channel.
Warning: can't set `ignore = IgnoreList { path_set: {"manytrace"}, rustfmt_toml_path: "" }`, unstable features are only available in nightly channel.
Warning: can't set `imports_granularity = Crate`, unstable features are only available in nightly channel.
Warning: can't set `group_imports = StdExternalCrate`, unstable features are only available in nightly channel.
Warning: can't set `ignore = IgnoreList { path_set: {"manytrace"}, rustfmt_toml_path: "" }`, unstable features are only available in nightly channel.
Warning: can't set `imports_granularity = Crate`, unstable features are only available in nightly channel.
Warning: can't set `group_imports = StdExternalCrate`, unstable features are only available in nightly channel.
Warning: can't set `ignore = IgnoreList { path_set: {"manytrace"}, rustfmt_toml_path: "" }`, unstable features are only available in nightly channel.
Warning: can't set `imports_granularity = Crate`, unstable features are only available in nightly channel.
Warning: can't set `group_imports = StdExternalCrate`, unstable features are only available in nightly channel.
Warning: can't set `ignore = IgnoreList { path_set: {"manytrace"}, rustfmt_toml_path: "" }`, unstable features are only available in nightly channel.
Warning: can't set `imports_granularity = Crate`, unstable features are only available in nightly channel.
Warning: can't set `group_imports = StdExternalCrate`, unstable features are only available in nightly channel.
Warning: can't set `ignore = IgnoreList { path_set: {"manytrace"}, rustfmt_toml_path: "" }`, unstable features are only available in nightly channel.
Warning: can't set `imports_granularity = Crate`, unstable features are only available in nightly channel.
Warning: can't set `group_imports = StdExternalCrate`, unstable features are only available in nightly channel.
Warning: can't set `ignore = IgnoreList { path_set: {"manytrace"}, rustfmt_toml_path: "" }`, unstable features are only available in nightly channel.
Warning: can't set `imports_granularity = Crate`, unstable features are only available in nightly channel.
Warning: can't set `group_imports = StdExternalCrate`, unstable features are only available in nightly channel.
Warning: can't set `ignore = IgnoreList { path_set: {"manytrace"}, rustfmt_toml_path: "" }`, unstable features are only available in nightly channel.
Warning: can't set `imports_granularity = Crate`, unstable features are only available in nightly channel.
Warning: can't set `group_imports = StdExternalCrate`, unstable features are only available in nightly channel.
Warning: can't set `ignore = IgnoreList { path_set: {"manytrace"}, rustfmt_toml_path: "" }`, unstable features are only available in nightly channel.
Warning: can't set `imports_granularity = Crate`, unstable features are only available in nightly channel.
Warning: can't set `group_imports = StdExternalCrate`, unstable features are only available in nightly channel.
Warning: can't set `ignore = IgnoreList { path_set: {"manytrace"}, rustfmt_toml_path: "" }`, unstable features are only available in nightly channel.
Warning: can't set `imports_granularity = Crate`, unstable features are only available in nightly channel.
Warning: can't set `group_imports = StdExternalCrate`, unstable features are only available in nightly channel.
Warning: can't set `ignore = IgnoreList { path_set: {"manytrace"}, rustfmt_toml_path: "" }`, unstable features are only available in nightly channel.
Warning: can't set `imports_granularity = Crate`, unstable features are only available in nightly channel.
Warning: can't set `group_imports = StdExternalCrate`, unstable features are only available in nightly channel.
Warning: can't set `ignore = IgnoreList { path_set: {"manytrace"}, rustfmt_toml_path: "" }`, unstable features are only available in nightly channel.
Warning: can't set `imports_granularity = Crate`, unstable features are only available in nightly channel.
Warning: can't set `group_imports = StdExternalCrate`, unstable features are only available in nightly channel.
Warning: can't set `ignore = IgnoreList { path_set: {"manytrace"}, rustfmt_toml_path: "" }`, unstable features are only available in nightly channel.
Warning: can't set `imports_granularity = Crate`, unstable features are only available in nightly channel.
Warning: can't set `group_imports = StdExternalCrate`, unstable features are only available in nightly channel.
Warning: can't set `ignore = IgnoreList { path_set: {"manytrace"}, rustfmt_toml_path: "" }`, unstable features are only available in nightly channel.
Warning: can't set `imports_granularity = Crate`, unstable features are only available in nightly channel.
Warning: can't set `group_imports = StdExternalCrate`, unstable features are only available in nightly channel.
Warning: can't set `ignore = IgnoreList { path_set: {"manytrace"}, rustfmt_toml_path: "" }`, unstable features are only available in nightly channel.
Warning: can't set `imports_granularity = Crate`, unstable features are only available in nightly channel.
Warning: can't set `group_imports = StdExternalCrate`, unstable features are only available in nightly channel.
Warning: can't set `ignore = IgnoreList { path_set: {"manytrace"}, rustfmt_toml_path: "" }`, unstable features are only available in nightly channel.
Warning: can't set `imports_granularity = Crate`, unstable features are only available in nightly channel.
Warning: can't set `group_imports = StdExternalCrate`, unstable features are only available in nightly channel.
Warning: can't set `ignore = IgnoreList { path_set: {"manytrace"}, rustfmt_toml_path: "" }`, unstable features are only available in nightly channel.
Warning: can't set `imports_granularity = Crate`, unstable features are only available in nightly channel.
Warning: can't set `group_imports = StdExternalCrate`, unstable features are only available in nightly channel.
Warning: can't set `ignore = IgnoreList { path_set: {"manytrace"}, rustfmt_toml_path: "" }`, unstable features are only available in nightly channel.
Warning: can't set `imports_granularity = Crate`, unstable features are only available in nightly channel.
Warning: can't set `group_imports = StdExternalCrate`, unstable features are only available in nightly channel.
Warning: can't set `ignore = IgnoreList { path_set: {"manytrace"}, rustfmt_toml_path: "" }`, unstable features are only available in nightly channel.
Warning: can't set `imports_granularity = Crate`, unstable features are only available in nightly channel.
Warning: can't set `group_imports = StdExternalCrate`, unstable features are only available in nightly channel.
Warning: can't set `ignore = IgnoreList { path_set: {"manytrace"}, rustfmt_toml_path: "" }`, unstable features are only available in nightly channel.
Warning: can't set `imports_granularity = Crate`, unstable features are only available in nightly channel.
Warning: can't set `group_imports = StdExternalCrate`, unstable features are only available in nightly channel.
Warning: can't set `ignore = IgnoreList { path_set: {"manytrace"}, rustfmt_toml_path: "" }`, unstable features are only available in nightly channel.
Warning: can't set `imports_granularity = Crate`, unstable features are only available in nightly channel.
Warning: can't set `group_imports = StdExternalCrate`, unstable features are only available in nightly channel.
Warning: can't set `ignore = IgnoreList { path_set: {"manytrace"}, rustfmt_toml_path: "" }`, unstable features are only available in nightly channel.
Warning: can't set `imports_granularity = Crate`, unstable features are only available in nightly channel.
Warning: can't set `group_imports = StdExternalCrate`, unstable features are only available in nightly channel.
Warning: can't set `ignore = IgnoreList { path_set: {"manytrace"}, rustfmt_toml_path: "" }`, unstable features are only available in nightly channel.
Warning: can't set `imports_granularity = Crate`, unstable features are only available in nightly channel.
Warning: can't set `group_imports = StdExternalCrate`, unstable features are only available in nightly channel.
Warning: can't set `ignore = IgnoreList { path_set: {"manytrace"}, rustfmt_toml_path: "" }`, unstable features are only available in nightly channel.
Warning: can't set `imports_granularity = Crate`, unstable features are only available in nightly channel.
Warning: can't set `group_imports = StdExternalCrate`, unstable features are only available in nightly channel.
Warning: can't set `ignore = IgnoreList { path_set: {"manytrace"}, rustfmt_toml_path: "" }`, unstable features are only available in nightly channel.
Warning: can't set `imports_granularity = Crate`, unstable features are only available in nightly channel.
Warning: can't set `group_imports = StdExternalCrate`, unstable features are only available in nightly channel.
Warning: can't set `ignore = IgnoreList { path_set: {"manytrace"}, rustfmt_toml_path: "" }`, unstable features are only available in nightly channel.
Warning: can't set `imports_granularity = Crate`, unstable features are only available in nightly channel.
Warning: can't set `group_imports = StdExternalCrate`, unstable features are only available in nightly channel.
Warning: can't set `ignore = IgnoreList { path_set: {"manytrace"}, rustfmt_toml_path: "" }`, unstable features are only available in nightly channel.
Warning: can't set `imports_granularity = Crate`, unstable features are only available in nightly channel.
Warning: can't set `group_imports = StdExternalCrate`, unstable features are only available in nightly channel.
Warning: can't set `ignore = IgnoreList { path_set: {"manytrace"}, rustfmt_toml_path: "" }`, unstable features are only available in nightly channel.
warning: unused variable: `block_num`
  --> monad-execution-state-read/src/mock.rs:80:9
   |
80 |         block_num: SeqNum,
   |         ^^^^^^^^^ help: if this is intentional, prefix it with an underscore: `_block_num`
   |
   = note: `#[warn(unused_variables)]` (part of `#[warn(unused)]`) on by default

warning: unused variable: `requested_epoch`
  --> monad-execution-state-read/src/mock.rs:81:9
   |
81 |         requested_epoch: monad_types::Epoch,
   |         ^^^^^^^^^^^^^^^ help: if this is intentional, prefix it with an underscore: `_requested_epoch`

warning: `monad-execution-state-read` (lib) generated 2 warnings
   Compiling monad-secp v0.1.0 (/home/runner/work/test/test/monad-bft/monad-secp)
warning: unused doc comment
  --> monad-peer-discovery/src/discovery.rs:59:1
   |
59 | /// Metrics constants
   | ^^^^^^^^^^^^^^^^^^^^^ rustdoc does not generate documentation for macro invocations
   |
   = help: to document an item produced by a macro, the macro must produce the documentation as part of its expansion
   = note: `#[warn(unused_doc_comments)]` (part of `#[warn(unused)]`) on by default

warning: `monad-peer-discovery` (lib) generated 1 warning
   Compiling monad-wireauth v0.1.0 (/home/runner/work/test/test/monad-bft/monad-wireauth)
   Compiling monad-raptorcast v0.1.0 (/home/runner/work/test/test/monad-bft/monad-raptorcast)
warning: unused import: `CertificateKeyPair`
    --> monad-raptorcast/src/udp.rs:2234:37
     |
2234 |             certificate_signature::{CertificateKeyPair, PubKey as _},
     |                                     ^^^^^^^^^^^^^^^^^^
     |
     = note: `#[warn(unused_imports)]` (part of `#[warn(unused)]`) on by default

warning: unused import: `PubKey`
    --> monad-raptorcast/src/udp.rs:2234:57
     |
2234 |             certificate_signature::{CertificateKeyPair, PubKey as _},
     |                                                         ^^^^^^

warning: unused import: `CertificateKeyPair`
    --> monad-raptorcast/src/udp.rs:2481:37
     |
2481 |             certificate_signature::{CertificateKeyPair, PubKey as _},
     |                                     ^^^^^^^^^^^^^^^^^^

warning: unused import: `PubKey`
    --> monad-raptorcast/src/udp.rs:2481:57
     |
2481 |             certificate_signature::{CertificateKeyPair, PubKey as _},
     |                                                         ^^^^^^

warning: unused variable: `group`
    --> monad-raptorcast/src/raptorcast_secondary/publisher.rs:2427:13
     |
2427 |         let group = v0_fsm.group_schedule.get(&start_round).unwrap();
     |             ^^^^^ help: if this is intentional, prefix it with an underscore: `_group`
     |
     = note: `#[warn(unused_variables)]` (part of `#[warn(unused)]`) on by default

warning: method `get_secondary` is never used
   --> monad-raptorcast/src/round_info.rs:135:8
    |
 51 | impl<PT: PubKey> RoundInfoCache<PT> {
    | ----------------------------------- method in this implementation
...
135 |     fn get_secondary(
    |        ^^^^^^^^^^^^^
    |
    = note: `#[warn(dead_code)]` (part of `#[warn(unused)]`) on by default

warning: unused return value of `publisher::Publisher::<ST>::on_candidate_response` that must be used
    --> monad-raptorcast/src/raptorcast_secondary/publisher.rs:1466:9
     |
1466 |         v0_fsm.on_candidate_response(accept_msg);
     |         ^^^^^^^^^^^^^^^^^^^^^^^^^^^^^^^^^^^^^^^^
     |
     = note: `#[warn(unused_must_use)]` (part of `#[warn(unused)]`) on by default
help: use `let _ = ...` to ignore the resulting value
     |
1466 |         let _ = v0_fsm.on_candidate_response(accept_msg);
     |         +++++++

warning: unused return value of `publisher::Publisher::<ST>::on_candidate_response` that must be used
    --> monad-raptorcast/src/raptorcast_secondary/publisher.rs:2433:9
     |
2433 |         v0_fsm.on_candidate_response(attacker_response);
     |         ^^^^^^^^^^^^^^^^^^^^^^^^^^^^^^^^^^^^^^^^^^^^^^^
     |
help: use `let _ = ...` to ignore the resulting value
     |
2433 |         let _ = v0_fsm.on_candidate_response(attacker_response);
     |         +++++++

warning: unused return value of `publisher::Publisher::<ST>::on_candidate_response` that must be used
    --> monad-raptorcast/src/raptorcast_secondary/publisher.rs:2603:9
     |
2603 |         v0_fsm.on_candidate_response(accept_msg);
     |         ^^^^^^^^^^^^^^^^^^^^^^^^^^^^^^^^^^^^^^^^
     |
help: use `let _ = ...` to ignore the resulting value
     |
2603 |         let _ = v0_fsm.on_candidate_response(accept_msg);
     |         +++++++

warning: unused return value of `publisher::Publisher::<ST>::on_candidate_response` that must be used
    --> monad-raptorcast/src/raptorcast_secondary/publisher.rs:2614:9
     |
2614 |         v0_fsm.on_candidate_response(accept_msg);
     |         ^^^^^^^^^^^^^^^^^^^^^^^^^^^^^^^^^^^^^^^^
     |
help: use `let _ = ...` to ignore the resulting value
     |
2614 |         let _ = v0_fsm.on_candidate_response(accept_msg);
     |         +++++++

warning: unused return value of `publisher::Publisher::<ST>::on_candidate_response` that must be used
    --> monad-raptorcast/src/raptorcast_secondary/publisher.rs:2666:9
     |
2666 |         fsm.on_candidate_response(accept);
     |         ^^^^^^^^^^^^^^^^^^^^^^^^^^^^^^^^^
     |
help: use `let _ = ...` to ignore the resulting value
     |
2666 |         let _ = fsm.on_candidate_response(accept);
     |         +++++++

warning: unused return value of `publisher::Publisher::<ST>::on_candidate_response` that must be used
    --> monad-raptorcast/src/raptorcast_secondary/publisher.rs:2668:9
     |
2668 |         fsm.on_candidate_response(accept);
     |         ^^^^^^^^^^^^^^^^^^^^^^^^^^^^^^^^^
     |
help: use `let _ = ...` to ignore the resulting value
     |
2668 |         let _ = fsm.on_candidate_response(accept);
     |         +++++++

warning: unused return value of `publisher::Publisher::<ST>::on_candidate_response` that must be used
    --> monad-raptorcast/src/raptorcast_secondary/publisher.rs:2670:9
     |
2670 |         fsm.on_candidate_response(accept);
     |         ^^^^^^^^^^^^^^^^^^^^^^^^^^^^^^^^^
     |
help: use `let _ = ...` to ignore the resulting value
     |
2670 |         let _ = fsm.on_candidate_response(accept);
     |         +++++++

warning: unused return value of `publisher::Publisher::<ST>::on_candidate_response` that must be used
    --> monad-raptorcast/src/raptorcast_secondary/publisher.rs:2903:9
     |
2903 |         fsm.on_candidate_response(FullNodesGroupMessage::ParticipationReport(report));
     |         ^^^^^^^^^^^^^^^^^^^^^^^^^^^^^^^^^^^^^^^^^^^^^^^^^^^^^^^^^^^^^^^^^^^^^^^^^^^^^
     |
help: use `let _ = ...` to ignore the resulting value
     |
2903 |         let _ = fsm.on_candidate_response(FullNodesGroupMessage::ParticipationReport(report));
     |         +++++++

warning: unused return value of `publisher::Publisher::<ST>::on_candidate_response` that must be used
    --> monad-raptorcast/src/raptorcast_secondary/publisher.rs:2932:9
     |
2932 |         fsm.on_candidate_response(FullNodesGroupMessage::ParticipationReport(report));
     |         ^^^^^^^^^^^^^^^^^^^^^^^^^^^^^^^^^^^^^^^^^^^^^^^^^^^^^^^^^^^^^^^^^^^^^^^^^^^^^
     |
help: use `let _ = ...` to ignore the resulting value
     |
2932 |         let _ = fsm.on_candidate_response(FullNodesGroupMessage::ParticipationReport(report));
     |         +++++++

warning: unused return value of `publisher::Publisher::<ST>::on_candidate_response` that must be used
    --> monad-raptorcast/src/raptorcast_secondary/publisher.rs:2946:9
     |
2946 |         fsm.on_candidate_response(FullNodesGroupMessage::ParticipationReport(report));
     |         ^^^^^^^^^^^^^^^^^^^^^^^^^^^^^^^^^^^^^^^^^^^^^^^^^^^^^^^^^^^^^^^^^^^^^^^^^^^^^
     |
help: use `let _ = ...` to ignore the resulting value
     |
2946 |         let _ = fsm.on_candidate_response(FullNodesGroupMessage::ParticipationReport(report));
     |         +++++++

warning: unused return value of `publisher::Publisher::<ST>::on_candidate_response` that must be used
    --> monad-raptorcast/src/raptorcast_secondary/publisher.rs:2968:9
     |
2968 |         fsm.on_candidate_response(FullNodesGroupMessage::ParticipationReport(report));
     |         ^^^^^^^^^^^^^^^^^^^^^^^^^^^^^^^^^^^^^^^^^^^^^^^^^^^^^^^^^^^^^^^^^^^^^^^^^^^^^
     |
help: use `let _ = ...` to ignore the resulting value
     |
2968 |         let _ = fsm.on_candidate_response(FullNodesGroupMessage::ParticipationReport(report));
     |         +++++++

warning: unused return value of `publisher::Publisher::<ST>::on_candidate_response` that must be used
    --> monad-raptorcast/src/raptorcast_secondary/publisher.rs:2989:9
     |
2989 |         fsm.on_candidate_response(FullNodesGroupMessage::ParticipationReport(report));
     |         ^^^^^^^^^^^^^^^^^^^^^^^^^^^^^^^^^^^^^^^^^^^^^^^^^^^^^^^^^^^^^^^^^^^^^^^^^^^^^
     |
help: use `let _ = ...` to ignore the resulting value
     |
2989 |         let _ = fsm.on_candidate_response(FullNodesGroupMessage::ParticipationReport(report));
     |         +++++++

warning: unused return value of `publisher::Publisher::<ST>::on_candidate_response` that must be used
    --> monad-raptorcast/src/raptorcast_secondary/publisher.rs:3009:9
     |
3009 |         fsm.on_candidate_response(FullNodesGroupMessage::ParticipationReport(report));
     |         ^^^^^^^^^^^^^^^^^^^^^^^^^^^^^^^^^^^^^^^^^^^^^^^^^^^^^^^^^^^^^^^^^^^^^^^^^^^^^
     |
help: use `let _ = ...` to ignore the resulting value
     |
3009 |         let _ = fsm.on_candidate_response(FullNodesGroupMessage::ParticipationReport(report));
     |         +++++++

warning: unused return value of `publisher::Publisher::<ST>::on_candidate_response` that must be used
    --> monad-raptorcast/src/raptorcast_secondary/publisher.rs:3019:9
     |
3019 |         fsm.on_candidate_response(FullNodesGroupMessage::ParticipationReport(report));
     |         ^^^^^^^^^^^^^^^^^^^^^^^^^^^^^^^^^^^^^^^^^^^^^^^^^^^^^^^^^^^^^^^^^^^^^^^^^^^^^
     |
help: use `let _ = ...` to ignore the resulting value
     |
3019 |         let _ = fsm.on_candidate_response(FullNodesGroupMessage::ParticipationReport(report));
     |         +++++++

warning: unused return value of `publisher::Publisher::<ST>::on_candidate_response` that must be used
    --> monad-raptorcast/src/raptorcast_secondary/publisher.rs:3044:9
     |
3044 |         fsm.on_candidate_response(FullNodesGroupMessage::ParticipationReport(report));
     |         ^^^^^^^^^^^^^^^^^^^^^^^^^^^^^^^^^^^^^^^^^^^^^^^^^^^^^^^^^^^^^^^^^^^^^^^^^^^^^
     |
help: use `let _ = ...` to ignore the resulting value
     |
3044 |         let _ = fsm.on_candidate_response(FullNodesGroupMessage::ParticipationReport(report));
     |         +++++++

warning: unused return value of `publisher::Publisher::<ST>::on_candidate_response` that must be used
    --> monad-raptorcast/src/raptorcast_secondary/publisher.rs:3054:9
     |
3054 |         fsm.on_candidate_response(FullNodesGroupMessage::ParticipationReport(report));
     |         ^^^^^^^^^^^^^^^^^^^^^^^^^^^^^^^^^^^^^^^^^^^^^^^^^^^^^^^^^^^^^^^^^^^^^^^^^^^^^
     |
help: use `let _ = ...` to ignore the resulting value
     |
3054 |         let _ = fsm.on_candidate_response(FullNodesGroupMessage::ParticipationReport(report));
     |         +++++++

warning: unused return value of `publisher::Publisher::<ST>::on_candidate_response` that must be used
    --> monad-raptorcast/src/raptorcast_secondary/publisher.rs:3086:9
     |
3086 |         fsm.on_candidate_response(FullNodesGroupMessage::ParticipationReport(report));
     |         ^^^^^^^^^^^^^^^^^^^^^^^^^^^^^^^^^^^^^^^^^^^^^^^^^^^^^^^^^^^^^^^^^^^^^^^^^^^^^
     |
help: use `let _ = ...` to ignore the resulting value
     |
3086 |         let _ = fsm.on_candidate_response(FullNodesGroupMessage::ParticipationReport(report));
     |         +++++++

warning: unused return value of `publisher::Publisher::<ST>::on_candidate_response` that must be used
    --> monad-raptorcast/src/raptorcast_secondary/publisher.rs:3107:9
     |
3107 |         fsm.on_candidate_response(FullNodesGroupMessage::ParticipationReport(report));
     |         ^^^^^^^^^^^^^^^^^^^^^^^^^^^^^^^^^^^^^^^^^^^^^^^^^^^^^^^^^^^^^^^^^^^^^^^^^^^^^
     |
help: use `let _ = ...` to ignore the resulting value
     |
3107 |         let _ = fsm.on_candidate_response(FullNodesGroupMessage::ParticipationReport(report));
     |         +++++++

warning: unused return value of `publisher::Publisher::<ST>::on_candidate_response` that must be used
    --> monad-raptorcast/src/raptorcast_secondary/publisher.rs:3138:9
     |
3138 |         fsm.on_candidate_response(accept);
     |         ^^^^^^^^^^^^^^^^^^^^^^^^^^^^^^^^^
     |
help: use `let _ = ...` to ignore the resulting value
     |
3138 |         let _ = fsm.on_candidate_response(accept);
     |         +++++++

warning: unused return value of `publisher::Publisher::<ST>::on_candidate_response` that must be used
    --> monad-raptorcast/src/raptorcast_secondary/publisher.rs:3140:9
     |
3140 |         fsm.on_candidate_response(accept);
     |         ^^^^^^^^^^^^^^^^^^^^^^^^^^^^^^^^^
     |
help: use `let _ = ...` to ignore the resulting value
     |
3140 |         let _ = fsm.on_candidate_response(accept);
     |         +++++++

warning: unused return value of `publisher::Publisher::<ST>::on_candidate_response` that must be used
    --> monad-raptorcast/src/raptorcast_secondary/publisher.rs:3149:9
     |
3149 |         fsm.on_candidate_response(accept);
     |         ^^^^^^^^^^^^^^^^^^^^^^^^^^^^^^^^^
     |
help: use `let _ = ...` to ignore the resulting value
     |
3149 |         let _ = fsm.on_candidate_response(accept);
     |         +++++++

warning: unused return value of `publisher::Publisher::<ST>::on_candidate_response` that must be used
    --> monad-raptorcast/src/raptorcast_secondary/publisher.rs:3151:9
     |
3151 |         fsm.on_candidate_response(accept);
     |         ^^^^^^^^^^^^^^^^^^^^^^^^^^^^^^^^^
     |
help: use `let _ = ...` to ignore the resulting value
     |
3151 |         let _ = fsm.on_candidate_response(accept);
     |         +++++++

warning: unused return value of `publisher::Publisher::<ST>::on_candidate_response` that must be used
    --> monad-raptorcast/src/raptorcast_secondary/publisher.rs:3170:9
     |
3170 |         fsm.on_candidate_response(FullNodesGroupMessage::ParticipationReport(report));
     |         ^^^^^^^^^^^^^^^^^^^^^^^^^^^^^^^^^^^^^^^^^^^^^^^^^^^^^^^^^^^^^^^^^^^^^^^^^^^^^
     |
help: use `let _ = ...` to ignore the resulting value
     |
3170 |         let _ = fsm.on_candidate_response(FullNodesGroupMessage::ParticipationReport(report));
     |         +++++++

warning: `monad-raptorcast` (lib test) generated 29 warnings
    Finished `test` profile [optimized + debuginfo] target(s) in 3.02s
     Running unittests src/lib.rs (monad-bft/target/debug/deps/monad_raptorcast-889c008b1750f37c)

running 1 test
test udp::tests_deterministic::research_malicious_relay_repeats_high_s_alias_across_honest_rounds ... MARKER_SUSTAINED_ROUND_42_PROPOSER=0_COUNTS=0,1,1
MARKER_SUSTAINED_ROUND_43_PROPOSER=1_COUNTS=1,0,1
MARKER_SUSTAINED_ROUND_44_PROPOSER=2_COUNTS=1,1,0
MARKER_SUSTAINED_ROUND_45_PROPOSER=0_COUNTS=0,1,1
MARKER_SUSTAINED_ROUND_46_PROPOSER=1_COUNTS=1,0,1
MARKER_SUSTAINED_ROUND_47_PROPOSER=2_COUNTS=1,1,0
MARKER_SUSTAINED_ROUND_48_PROPOSER=0_COUNTS=0,1,1
MARKER_SUSTAINED_ROUND_49_PROPOSER=1_COUNTS=1,0,1
MARKER_SUSTAINED_ROUND_50_PROPOSER=2_COUNTS=1,1,0
MARKER_SUSTAINED_ROUND_51_PROPOSER=0_COUNTS=0,1,1
MARKER_SUSTAINED_ROUND_52_PROPOSER=1_COUNTS=1,0,1
MARKER_SUSTAINED_ROUND_53_PROPOSER=2_COUNTS=1,1,0
MARKER_SUSTAINED_TEST_COMPLETE=1
ok

test result: ok. 1 passed; 0 failed; 0 ignored; 0 measured; 213 filtered out; finished in 0.34s

     Running tests/encoder_error.rs (monad-bft/target/debug/deps/encoder_error-4e41b62c63ca51a5)

running 0 tests

test result: ok. 0 passed; 0 failed; 0 ignored; 0 measured; 1 filtered out; finished in 0.00s

     Running tests/raptorcast_instance.rs (monad-bft/target/debug/deps/raptorcast_instance-4675af7677ee3773)

running 0 tests

test result: ok. 0 passed; 0 failed; 0 ignored; 0 measured; 9 filtered out; finished in 0.00s

     Running tests/wireauth_raptorcast.rs (monad-bft/target/debug/deps/wireauth_raptorcast-25af2fb17c78ac1e)

running 0 tests

test result: ok. 0 passed; 0 failed; 0 ignored; 0 measured; 11 filtered out; finished in 0.00s

warning: unused variable: `block_num`
  --> monad-execution-state-read/src/mock.rs:80:9
   |
80 |         block_num: SeqNum,
   |         ^^^^^^^^^ help: if this is intentional, prefix it with an underscore: `_block_num`
   |
   = note: `#[warn(unused_variables)]` (part of `#[warn(unused)]`) on by default

warning: unused variable: `requested_epoch`
  --> monad-execution-state-read/src/mock.rs:81:9
   |
81 |         requested_epoch: monad_types::Epoch,
   |         ^^^^^^^^^^^^^^^ help: if this is intentional, prefix it with an underscore: `_requested_epoch`

warning: `monad-execution-state-read` (lib) generated 2 warnings
warning: unused doc comment
  --> monad-peer-discovery/src/discovery.rs:59:1
   |
59 | /// Metrics constants
   | ^^^^^^^^^^^^^^^^^^^^^ rustdoc does not generate documentation for macro invocations
   |
   = help: to document an item produced by a macro, the macro must produce the documentation as part of its expansion
   = note: `#[warn(unused_doc_comments)]` (part of `#[warn(unused)]`) on by default

warning: `monad-peer-discovery` (lib) generated 1 warning
warning: unused import: `CertificateKeyPair`
    --> monad-raptorcast/src/udp.rs:2234:37
     |
2234 |             certificate_signature::{CertificateKeyPair, PubKey as _},
     |                                     ^^^^^^^^^^^^^^^^^^
     |
     = note: `#[warn(unused_imports)]` (part of `#[warn(unused)]`) on by default

warning: unused import: `PubKey`
    --> monad-raptorcast/src/udp.rs:2234:57
     |
2234 |             certificate_signature::{CertificateKeyPair, PubKey as _},
     |                                                         ^^^^^^

warning: unused import: `CertificateKeyPair`
    --> monad-raptorcast/src/udp.rs:2481:37
     |
2481 |             certificate_signature::{CertificateKeyPair, PubKey as _},
     |                                     ^^^^^^^^^^^^^^^^^^

warning: unused import: `PubKey`
    --> monad-raptorcast/src/udp.rs:2481:57
     |
2481 |             certificate_signature::{CertificateKeyPair, PubKey as _},
     |                                                         ^^^^^^

warning: unused variable: `group`
    --> monad-raptorcast/src/raptorcast_secondary/publisher.rs:2427:13
     |
2427 |         let group = v0_fsm.group_schedule.get(&start_round).unwrap();
     |             ^^^^^ help: if this is intentional, prefix it with an underscore: `_group`
     |
     = note: `#[warn(unused_variables)]` (part of `#[warn(unused)]`) on by default

warning: method `get_secondary` is never used
   --> monad-raptorcast/src/round_info.rs:135:8
    |
 51 | impl<PT: PubKey> RoundInfoCache<PT> {
    | ----------------------------------- method in this implementation
...
135 |     fn get_secondary(
    |        ^^^^^^^^^^^^^
    |
    = note: `#[warn(dead_code)]` (part of `#[warn(unused)]`) on by default

warning: unused return value of `publisher::Publisher::<ST>::on_candidate_response` that must be used
    --> monad-raptorcast/src/raptorcast_secondary/publisher.rs:1466:9
     |
1466 |         v0_fsm.on_candidate_response(accept_msg);
     |         ^^^^^^^^^^^^^^^^^^^^^^^^^^^^^^^^^^^^^^^^
     |
     = note: `#[warn(unused_must_use)]` (part of `#[warn(unused)]`) on by default
help: use `let _ = ...` to ignore the resulting value
     |
1466 |         let _ = v0_fsm.on_candidate_response(accept_msg);
     |         +++++++

warning: unused return value of `publisher::Publisher::<ST>::on_candidate_response` that must be used
    --> monad-raptorcast/src/raptorcast_secondary/publisher.rs:2433:9
     |
2433 |         v0_fsm.on_candidate_response(attacker_response);
     |         ^^^^^^^^^^^^^^^^^^^^^^^^^^^^^^^^^^^^^^^^^^^^^^^
     |
help: use `let _ = ...` to ignore the resulting value
     |
2433 |         let _ = v0_fsm.on_candidate_response(attacker_response);
     |         +++++++

warning: unused return value of `publisher::Publisher::<ST>::on_candidate_response` that must be used
    --> monad-raptorcast/src/raptorcast_secondary/publisher.rs:2603:9
     |
2603 |         v0_fsm.on_candidate_response(accept_msg);
     |         ^^^^^^^^^^^^^^^^^^^^^^^^^^^^^^^^^^^^^^^^
     |
help: use `let _ = ...` to ignore the resulting value
     |
2603 |         let _ = v0_fsm.on_candidate_response(accept_msg);
     |         +++++++

warning: unused return value of `publisher::Publisher::<ST>::on_candidate_response` that must be used
    --> monad-raptorcast/src/raptorcast_secondary/publisher.rs:2614:9
     |
2614 |         v0_fsm.on_candidate_response(accept_msg);
     |         ^^^^^^^^^^^^^^^^^^^^^^^^^^^^^^^^^^^^^^^^
     |
help: use `let _ = ...` to ignore the resulting value
     |
2614 |         let _ = v0_fsm.on_candidate_response(accept_msg);
     |         +++++++

warning: unused return value of `publisher::Publisher::<ST>::on_candidate_response` that must be used
    --> monad-raptorcast/src/raptorcast_secondary/publisher.rs:2666:9
     |
2666 |         fsm.on_candidate_response(accept);
     |         ^^^^^^^^^^^^^^^^^^^^^^^^^^^^^^^^^
     |
help: use `let _ = ...` to ignore the resulting value
     |
2666 |         let _ = fsm.on_candidate_response(accept);
     |         +++++++

warning: unused return value of `publisher::Publisher::<ST>::on_candidate_response` that must be used
    --> monad-raptorcast/src/raptorcast_secondary/publisher.rs:2668:9
     |
2668 |         fsm.on_candidate_response(accept);
     |         ^^^^^^^^^^^^^^^^^^^^^^^^^^^^^^^^^
     |
help: use `let _ = ...` to ignore the resulting value
     |
2668 |         let _ = fsm.on_candidate_response(accept);
     |         +++++++

warning: unused return value of `publisher::Publisher::<ST>::on_candidate_response` that must be used
    --> monad-raptorcast/src/raptorcast_secondary/publisher.rs:2670:9
     |
2670 |         fsm.on_candidate_response(accept);
     |         ^^^^^^^^^^^^^^^^^^^^^^^^^^^^^^^^^
     |
help: use `let _ = ...` to ignore the resulting value
     |
2670 |         let _ = fsm.on_candidate_response(accept);
     |         +++++++

warning: unused return value of `publisher::Publisher::<ST>::on_candidate_response` that must be used
    --> monad-raptorcast/src/raptorcast_secondary/publisher.rs:2903:9
     |
2903 |         fsm.on_candidate_response(FullNodesGroupMessage::ParticipationReport(report));
     |         ^^^^^^^^^^^^^^^^^^^^^^^^^^^^^^^^^^^^^^^^^^^^^^^^^^^^^^^^^^^^^^^^^^^^^^^^^^^^^
     |
help: use `let _ = ...` to ignore the resulting value
     |
2903 |         let _ = fsm.on_candidate_response(FullNodesGroupMessage::ParticipationReport(report));
     |         +++++++

warning: unused return value of `publisher::Publisher::<ST>::on_candidate_response` that must be used
    --> monad-raptorcast/src/raptorcast_secondary/publisher.rs:2932:9
     |
2932 |         fsm.on_candidate_response(FullNodesGroupMessage::ParticipationReport(report));
     |         ^^^^^^^^^^^^^^^^^^^^^^^^^^^^^^^^^^^^^^^^^^^^^^^^^^^^^^^^^^^^^^^^^^^^^^^^^^^^^
     |
help: use `let _ = ...` to ignore the resulting value
     |
2932 |         let _ = fsm.on_candidate_response(FullNodesGroupMessage::ParticipationReport(report));
     |         +++++++

warning: unused return value of `publisher::Publisher::<ST>::on_candidate_response` that must be used
    --> monad-raptorcast/src/raptorcast_secondary/publisher.rs:2946:9
     |
2946 |         fsm.on_candidate_response(FullNodesGroupMessage::ParticipationReport(report));
     |         ^^^^^^^^^^^^^^^^^^^^^^^^^^^^^^^^^^^^^^^^^^^^^^^^^^^^^^^^^^^^^^^^^^^^^^^^^^^^^
     |
help: use `let _ = ...` to ignore the resulting value
     |
2946 |         let _ = fsm.on_candidate_response(FullNodesGroupMessage::ParticipationReport(report));
     |         +++++++

warning: unused return value of `publisher::Publisher::<ST>::on_candidate_response` that must be used
    --> monad-raptorcast/src/raptorcast_secondary/publisher.rs:2968:9
     |
2968 |         fsm.on_candidate_response(FullNodesGroupMessage::ParticipationReport(report));
     |         ^^^^^^^^^^^^^^^^^^^^^^^^^^^^^^^^^^^^^^^^^^^^^^^^^^^^^^^^^^^^^^^^^^^^^^^^^^^^^
     |
help: use `let _ = ...` to ignore the resulting value
     |
2968 |         let _ = fsm.on_candidate_response(FullNodesGroupMessage::ParticipationReport(report));
     |         +++++++

warning: unused return value of `publisher::Publisher::<ST>::on_candidate_response` that must be used
    --> monad-raptorcast/src/raptorcast_secondary/publisher.rs:2989:9
     |
2989 |         fsm.on_candidate_response(FullNodesGroupMessage::ParticipationReport(report));
     |         ^^^^^^^^^^^^^^^^^^^^^^^^^^^^^^^^^^^^^^^^^^^^^^^^^^^^^^^^^^^^^^^^^^^^^^^^^^^^^
     |
help: use `let _ = ...` to ignore the resulting value
     |
2989 |         let _ = fsm.on_candidate_response(FullNodesGroupMessage::ParticipationReport(report));
     |         +++++++

warning: unused return value of `publisher::Publisher::<ST>::on_candidate_response` that must be used
    --> monad-raptorcast/src/raptorcast_secondary/publisher.rs:3009:9
     |
3009 |         fsm.on_candidate_response(FullNodesGroupMessage::ParticipationReport(report));
     |         ^^^^^^^^^^^^^^^^^^^^^^^^^^^^^^^^^^^^^^^^^^^^^^^^^^^^^^^^^^^^^^^^^^^^^^^^^^^^^
     |
help: use `let _ = ...` to ignore the resulting value
     |
3009 |         let _ = fsm.on_candidate_response(FullNodesGroupMessage::ParticipationReport(report));
     |         +++++++

warning: unused return value of `publisher::Publisher::<ST>::on_candidate_response` that must be used
    --> monad-raptorcast/src/raptorcast_secondary/publisher.rs:3019:9
     |
3019 |         fsm.on_candidate_response(FullNodesGroupMessage::ParticipationReport(report));
     |         ^^^^^^^^^^^^^^^^^^^^^^^^^^^^^^^^^^^^^^^^^^^^^^^^^^^^^^^^^^^^^^^^^^^^^^^^^^^^^
     |
help: use `let _ = ...` to ignore the resulting value
     |
3019 |         let _ = fsm.on_candidate_response(FullNodesGroupMessage::ParticipationReport(report));
     |         +++++++

warning: unused return value of `publisher::Publisher::<ST>::on_candidate_response` that must be used
    --> monad-raptorcast/src/raptorcast_secondary/publisher.rs:3044:9
     |
3044 |         fsm.on_candidate_response(FullNodesGroupMessage::ParticipationReport(report));
     |         ^^^^^^^^^^^^^^^^^^^^^^^^^^^^^^^^^^^^^^^^^^^^^^^^^^^^^^^^^^^^^^^^^^^^^^^^^^^^^
     |
help: use `let _ = ...` to ignore the resulting value
     |
3044 |         let _ = fsm.on_candidate_response(FullNodesGroupMessage::ParticipationReport(report));
     |         +++++++

warning: unused return value of `publisher::Publisher::<ST>::on_candidate_response` that must be used
    --> monad-raptorcast/src/raptorcast_secondary/publisher.rs:3054:9
     |
3054 |         fsm.on_candidate_response(FullNodesGroupMessage::ParticipationReport(report));
     |         ^^^^^^^^^^^^^^^^^^^^^^^^^^^^^^^^^^^^^^^^^^^^^^^^^^^^^^^^^^^^^^^^^^^^^^^^^^^^^
     |
help: use `let _ = ...` to ignore the resulting value
     |
3054 |         let _ = fsm.on_candidate_response(FullNodesGroupMessage::ParticipationReport(report));
     |         +++++++

warning: unused return value of `publisher::Publisher::<ST>::on_candidate_response` that must be used
    --> monad-raptorcast/src/raptorcast_secondary/publisher.rs:3086:9
     |
3086 |         fsm.on_candidate_response(FullNodesGroupMessage::ParticipationReport(report));
     |         ^^^^^^^^^^^^^^^^^^^^^^^^^^^^^^^^^^^^^^^^^^^^^^^^^^^^^^^^^^^^^^^^^^^^^^^^^^^^^
     |
help: use `let _ = ...` to ignore the resulting value
     |
3086 |         let _ = fsm.on_candidate_response(FullNodesGroupMessage::ParticipationReport(report));
     |         +++++++

warning: unused return value of `publisher::Publisher::<ST>::on_candidate_response` that must be used
    --> monad-raptorcast/src/raptorcast_secondary/publisher.rs:3107:9
     |
3107 |         fsm.on_candidate_response(FullNodesGroupMessage::ParticipationReport(report));
     |         ^^^^^^^^^^^^^^^^^^^^^^^^^^^^^^^^^^^^^^^^^^^^^^^^^^^^^^^^^^^^^^^^^^^^^^^^^^^^^
     |
help: use `let _ = ...` to ignore the resulting value
     |
3107 |         let _ = fsm.on_candidate_response(FullNodesGroupMessage::ParticipationReport(report));
     |         +++++++

warning: unused return value of `publisher::Publisher::<ST>::on_candidate_response` that must be used
    --> monad-raptorcast/src/raptorcast_secondary/publisher.rs:3138:9
     |
3138 |         fsm.on_candidate_response(accept);
     |         ^^^^^^^^^^^^^^^^^^^^^^^^^^^^^^^^^
     |
help: use `let _ = ...` to ignore the resulting value
     |
3138 |         let _ = fsm.on_candidate_response(accept);
     |         +++++++

warning: unused return value of `publisher::Publisher::<ST>::on_candidate_response` that must be used
    --> monad-raptorcast/src/raptorcast_secondary/publisher.rs:3140:9
     |
3140 |         fsm.on_candidate_response(accept);
     |         ^^^^^^^^^^^^^^^^^^^^^^^^^^^^^^^^^
     |
help: use `let _ = ...` to ignore the resulting value
     |
3140 |         let _ = fsm.on_candidate_response(accept);
     |         +++++++

warning: unused return value of `publisher::Publisher::<ST>::on_candidate_response` that must be used
    --> monad-raptorcast/src/raptorcast_secondary/publisher.rs:3149:9
     |
3149 |         fsm.on_candidate_response(accept);
     |         ^^^^^^^^^^^^^^^^^^^^^^^^^^^^^^^^^
     |
help: use `let _ = ...` to ignore the resulting value
     |
3149 |         let _ = fsm.on_candidate_response(accept);
     |         +++++++

warning: unused return value of `publisher::Publisher::<ST>::on_candidate_response` that must be used
    --> monad-raptorcast/src/raptorcast_secondary/publisher.rs:3151:9
     |
3151 |         fsm.on_candidate_response(accept);
     |         ^^^^^^^^^^^^^^^^^^^^^^^^^^^^^^^^^
     |
help: use `let _ = ...` to ignore the resulting value
     |
3151 |         let _ = fsm.on_candidate_response(accept);
     |         +++++++

warning: unused return value of `publisher::Publisher::<ST>::on_candidate_response` that must be used
    --> monad-raptorcast/src/raptorcast_secondary/publisher.rs:3170:9
     |
3170 |         fsm.on_candidate_response(FullNodesGroupMessage::ParticipationReport(report));
     |         ^^^^^^^^^^^^^^^^^^^^^^^^^^^^^^^^^^^^^^^^^^^^^^^^^^^^^^^^^^^^^^^^^^^^^^^^^^^^^
     |
help: use `let _ = ...` to ignore the resulting value
     |
3170 |         let _ = fsm.on_candidate_response(FullNodesGroupMessage::ParticipationReport(report));
     |         +++++++

warning: `monad-raptorcast` (lib test) generated 29 warnings
    Finished `test` profile [optimized + debuginfo] target(s) in 0.36s
     Running unittests src/lib.rs (monad-bft/target/debug/deps/monad_raptorcast-889c008b1750f37c)

running 1 test
test udp::tests_deterministic::research_malicious_relay_repeats_high_s_alias_across_honest_rounds ... MARKER_SUSTAINED_ROUND_42_PROPOSER=0_COUNTS=0,1,1
MARKER_SUSTAINED_ROUND_43_PROPOSER=1_COUNTS=1,0,1
MARKER_SUSTAINED_ROUND_44_PROPOSER=2_COUNTS=1,1,0
MARKER_SUSTAINED_ROUND_45_PROPOSER=0_COUNTS=0,1,1
MARKER_SUSTAINED_ROUND_46_PROPOSER=1_COUNTS=1,0,1
MARKER_SUSTAINED_ROUND_47_PROPOSER=2_COUNTS=1,1,0
MARKER_SUSTAINED_ROUND_48_PROPOSER=0_COUNTS=0,1,1
MARKER_SUSTAINED_ROUND_49_PROPOSER=1_COUNTS=1,0,1
MARKER_SUSTAINED_ROUND_50_PROPOSER=2_COUNTS=1,1,0
MARKER_SUSTAINED_ROUND_51_PROPOSER=0_COUNTS=0,1,1
MARKER_SUSTAINED_ROUND_52_PROPOSER=1_COUNTS=1,0,1
MARKER_SUSTAINED_ROUND_53_PROPOSER=2_COUNTS=1,1,0
MARKER_SUSTAINED_TEST_COMPLETE=1
ok

test result: ok. 1 passed; 0 failed; 0 ignored; 0 measured; 213 filtered out; finished in 0.34s

     Running tests/encoder_error.rs (monad-bft/target/debug/deps/encoder_error-4e41b62c63ca51a5)

running 0 tests

test result: ok. 0 passed; 0 failed; 0 ignored; 0 measured; 1 filtered out; finished in 0.00s

     Running tests/raptorcast_instance.rs (monad-bft/target/debug/deps/raptorcast_instance-4675af7677ee3773)

running 0 tests

test result: ok. 0 passed; 0 failed; 0 ignored; 0 measured; 9 filtered out; finished in 0.00s

     Running tests/wireauth_raptorcast.rs (monad-bft/target/debug/deps/wireauth_raptorcast-25af2fb17c78ac1e)

running 0 tests

test result: ok. 0 passed; 0 failed; 0 ignored; 0 measured; 11 filtered out; finished in 0.00s

warning: unused variable: `block_num`
  --> monad-execution-state-read/src/mock.rs:80:9
   |
80 |         block_num: SeqNum,
   |         ^^^^^^^^^ help: if this is intentional, prefix it with an underscore: `_block_num`
   |
   = note: `#[warn(unused_variables)]` (part of `#[warn(unused)]`) on by default

warning: unused variable: `requested_epoch`
  --> monad-execution-state-read/src/mock.rs:81:9
   |
81 |         requested_epoch: monad_types::Epoch,
   |         ^^^^^^^^^^^^^^^ help: if this is intentional, prefix it with an underscore: `_requested_epoch`

warning: `monad-execution-state-read` (lib) generated 2 warnings
warning: unused doc comment
  --> monad-peer-discovery/src/discovery.rs:59:1
   |
59 | /// Metrics constants
   | ^^^^^^^^^^^^^^^^^^^^^ rustdoc does not generate documentation for macro invocations
   |
   = help: to document an item produced by a macro, the macro must produce the documentation as part of its expansion
   = note: `#[warn(unused_doc_comments)]` (part of `#[warn(unused)]`) on by default

warning: `monad-peer-discovery` (lib) generated 1 warning
warning: unused import: `CertificateKeyPair`
    --> monad-raptorcast/src/udp.rs:2234:37
     |
2234 |             certificate_signature::{CertificateKeyPair, PubKey as _},
     |                                     ^^^^^^^^^^^^^^^^^^
     |
     = note: `#[warn(unused_imports)]` (part of `#[warn(unused)]`) on by default

warning: unused import: `PubKey`
    --> monad-raptorcast/src/udp.rs:2234:57
     |
2234 |             certificate_signature::{CertificateKeyPair, PubKey as _},
     |                                                         ^^^^^^

warning: unused import: `CertificateKeyPair`
    --> monad-raptorcast/src/udp.rs:2481:37
     |
2481 |             certificate_signature::{CertificateKeyPair, PubKey as _},
     |                                     ^^^^^^^^^^^^^^^^^^

warning: unused import: `PubKey`
    --> monad-raptorcast/src/udp.rs:2481:57
     |
2481 |             certificate_signature::{CertificateKeyPair, PubKey as _},
     |                                                         ^^^^^^

warning: unused variable: `group`
    --> monad-raptorcast/src/raptorcast_secondary/publisher.rs:2427:13
     |
2427 |         let group = v0_fsm.group_schedule.get(&start_round).unwrap();
     |             ^^^^^ help: if this is intentional, prefix it with an underscore: `_group`
     |
     = note: `#[warn(unused_variables)]` (part of `#[warn(unused)]`) on by default

warning: method `get_secondary` is never used
   --> monad-raptorcast/src/round_info.rs:135:8
    |
 51 | impl<PT: PubKey> RoundInfoCache<PT> {
    | ----------------------------------- method in this implementation
...
135 |     fn get_secondary(
    |        ^^^^^^^^^^^^^
    |
    = note: `#[warn(dead_code)]` (part of `#[warn(unused)]`) on by default

warning: unused return value of `publisher::Publisher::<ST>::on_candidate_response` that must be used
    --> monad-raptorcast/src/raptorcast_secondary/publisher.rs:1466:9
     |
1466 |         v0_fsm.on_candidate_response(accept_msg);
     |         ^^^^^^^^^^^^^^^^^^^^^^^^^^^^^^^^^^^^^^^^
     |
     = note: `#[warn(unused_must_use)]` (part of `#[warn(unused)]`) on by default
help: use `let _ = ...` to ignore the resulting value
     |
1466 |         let _ = v0_fsm.on_candidate_response(accept_msg);
     |         +++++++

warning: unused return value of `publisher::Publisher::<ST>::on_candidate_response` that must be used
    --> monad-raptorcast/src/raptorcast_secondary/publisher.rs:2433:9
     |
2433 |         v0_fsm.on_candidate_response(attacker_response);
     |         ^^^^^^^^^^^^^^^^^^^^^^^^^^^^^^^^^^^^^^^^^^^^^^^
     |
help: use `let _ = ...` to ignore the resulting value
     |
2433 |         let _ = v0_fsm.on_candidate_response(attacker_response);
     |         +++++++

warning: unused return value of `publisher::Publisher::<ST>::on_candidate_response` that must be used
    --> monad-raptorcast/src/raptorcast_secondary/publisher.rs:2603:9
     |
2603 |         v0_fsm.on_candidate_response(accept_msg);
     |         ^^^^^^^^^^^^^^^^^^^^^^^^^^^^^^^^^^^^^^^^
     |
help: use `let _ = ...` to ignore the resulting value
     |
2603 |         let _ = v0_fsm.on_candidate_response(accept_msg);
     |         +++++++

warning: unused return value of `publisher::Publisher::<ST>::on_candidate_response` that must be used
    --> monad-raptorcast/src/raptorcast_secondary/publisher.rs:2614:9
     |
2614 |         v0_fsm.on_candidate_response(accept_msg);
     |         ^^^^^^^^^^^^^^^^^^^^^^^^^^^^^^^^^^^^^^^^
     |
help: use `let _ = ...` to ignore the resulting value
     |
2614 |         let _ = v0_fsm.on_candidate_response(accept_msg);
     |         +++++++

warning: unused return value of `publisher::Publisher::<ST>::on_candidate_response` that must be used
    --> monad-raptorcast/src/raptorcast_secondary/publisher.rs:2666:9
     |
2666 |         fsm.on_candidate_response(accept);
     |         ^^^^^^^^^^^^^^^^^^^^^^^^^^^^^^^^^
     |
help: use `let _ = ...` to ignore the resulting value
     |
2666 |         let _ = fsm.on_candidate_response(accept);
     |         +++++++

warning: unused return value of `publisher::Publisher::<ST>::on_candidate_response` that must be used
    --> monad-raptorcast/src/raptorcast_secondary/publisher.rs:2668:9
     |
2668 |         fsm.on_candidate_response(accept);
     |         ^^^^^^^^^^^^^^^^^^^^^^^^^^^^^^^^^
     |
help: use `let _ = ...` to ignore the resulting value
     |
2668 |         let _ = fsm.on_candidate_response(accept);
     |         +++++++

warning: unused return value of `publisher::Publisher::<ST>::on_candidate_response` that must be used
    --> monad-raptorcast/src/raptorcast_secondary/publisher.rs:2670:9
     |
2670 |         fsm.on_candidate_response(accept);
     |         ^^^^^^^^^^^^^^^^^^^^^^^^^^^^^^^^^
     |
help: use `let _ = ...` to ignore the resulting value
     |
2670 |         let _ = fsm.on_candidate_response(accept);
     |         +++++++

warning: unused return value of `publisher::Publisher::<ST>::on_candidate_response` that must be used
    --> monad-raptorcast/src/raptorcast_secondary/publisher.rs:2903:9
     |
2903 |         fsm.on_candidate_response(FullNodesGroupMessage::ParticipationReport(report));
     |         ^^^^^^^^^^^^^^^^^^^^^^^^^^^^^^^^^^^^^^^^^^^^^^^^^^^^^^^^^^^^^^^^^^^^^^^^^^^^^
     |
help: use `let _ = ...` to ignore the resulting value
     |
2903 |         let _ = fsm.on_candidate_response(FullNodesGroupMessage::ParticipationReport(report));
     |         +++++++

warning: unused return value of `publisher::Publisher::<ST>::on_candidate_response` that must be used
    --> monad-raptorcast/src/raptorcast_secondary/publisher.rs:2932:9
     |
2932 |         fsm.on_candidate_response(FullNodesGroupMessage::ParticipationReport(report));
     |         ^^^^^^^^^^^^^^^^^^^^^^^^^^^^^^^^^^^^^^^^^^^^^^^^^^^^^^^^^^^^^^^^^^^^^^^^^^^^^
     |
help: use `let _ = ...` to ignore the resulting value
     |
2932 |         let _ = fsm.on_candidate_response(FullNodesGroupMessage::ParticipationReport(report));
     |         +++++++

warning: unused return value of `publisher::Publisher::<ST>::on_candidate_response` that must be used
    --> monad-raptorcast/src/raptorcast_secondary/publisher.rs:2946:9
     |
2946 |         fsm.on_candidate_response(FullNodesGroupMessage::ParticipationReport(report));
     |         ^^^^^^^^^^^^^^^^^^^^^^^^^^^^^^^^^^^^^^^^^^^^^^^^^^^^^^^^^^^^^^^^^^^^^^^^^^^^^
     |
help: use `let _ = ...` to ignore the resulting value
     |
2946 |         let _ = fsm.on_candidate_response(FullNodesGroupMessage::ParticipationReport(report));
     |         +++++++

warning: unused return value of `publisher::Publisher::<ST>::on_candidate_response` that must be used
    --> monad-raptorcast/src/raptorcast_secondary/publisher.rs:2968:9
     |
2968 |         fsm.on_candidate_response(FullNodesGroupMessage::ParticipationReport(report));
     |         ^^^^^^^^^^^^^^^^^^^^^^^^^^^^^^^^^^^^^^^^^^^^^^^^^^^^^^^^^^^^^^^^^^^^^^^^^^^^^
     |
help: use `let _ = ...` to ignore the resulting value
     |
2968 |         let _ = fsm.on_candidate_response(FullNodesGroupMessage::ParticipationReport(report));
     |         +++++++

warning: unused return value of `publisher::Publisher::<ST>::on_candidate_response` that must be used
    --> monad-raptorcast/src/raptorcast_secondary/publisher.rs:2989:9
     |
2989 |         fsm.on_candidate_response(FullNodesGroupMessage::ParticipationReport(report));
     |         ^^^^^^^^^^^^^^^^^^^^^^^^^^^^^^^^^^^^^^^^^^^^^^^^^^^^^^^^^^^^^^^^^^^^^^^^^^^^^
     |
help: use `let _ = ...` to ignore the resulting value
     |
2989 |         let _ = fsm.on_candidate_response(FullNodesGroupMessage::ParticipationReport(report));
     |         +++++++

warning: unused return value of `publisher::Publisher::<ST>::on_candidate_response` that must be used
    --> monad-raptorcast/src/raptorcast_secondary/publisher.rs:3009:9
     |
3009 |         fsm.on_candidate_response(FullNodesGroupMessage::ParticipationReport(report));
     |         ^^^^^^^^^^^^^^^^^^^^^^^^^^^^^^^^^^^^^^^^^^^^^^^^^^^^^^^^^^^^^^^^^^^^^^^^^^^^^
     |
help: use `let _ = ...` to ignore the resulting value
     |
3009 |         let _ = fsm.on_candidate_response(FullNodesGroupMessage::ParticipationReport(report));
     |         +++++++

warning: unused return value of `publisher::Publisher::<ST>::on_candidate_response` that must be used
    --> monad-raptorcast/src/raptorcast_secondary/publisher.rs:3019:9
     |
3019 |         fsm.on_candidate_response(FullNodesGroupMessage::ParticipationReport(report));
     |         ^^^^^^^^^^^^^^^^^^^^^^^^^^^^^^^^^^^^^^^^^^^^^^^^^^^^^^^^^^^^^^^^^^^^^^^^^^^^^
     |
help: use `let _ = ...` to ignore the resulting value
     |
3019 |         let _ = fsm.on_candidate_response(FullNodesGroupMessage::ParticipationReport(report));
     |         +++++++

warning: unused return value of `publisher::Publisher::<ST>::on_candidate_response` that must be used
    --> monad-raptorcast/src/raptorcast_secondary/publisher.rs:3044:9
     |
3044 |         fsm.on_candidate_response(FullNodesGroupMessage::ParticipationReport(report));
     |         ^^^^^^^^^^^^^^^^^^^^^^^^^^^^^^^^^^^^^^^^^^^^^^^^^^^^^^^^^^^^^^^^^^^^^^^^^^^^^
     |
help: use `let _ = ...` to ignore the resulting value
     |
3044 |         let _ = fsm.on_candidate_response(FullNodesGroupMessage::ParticipationReport(report));
     |         +++++++

warning: unused return value of `publisher::Publisher::<ST>::on_candidate_response` that must be used
    --> monad-raptorcast/src/raptorcast_secondary/publisher.rs:3054:9
     |
3054 |         fsm.on_candidate_response(FullNodesGroupMessage::ParticipationReport(report));
     |         ^^^^^^^^^^^^^^^^^^^^^^^^^^^^^^^^^^^^^^^^^^^^^^^^^^^^^^^^^^^^^^^^^^^^^^^^^^^^^
     |
help: use `let _ = ...` to ignore the resulting value
     |
3054 |         let _ = fsm.on_candidate_response(FullNodesGroupMessage::ParticipationReport(report));
     |         +++++++

warning: unused return value of `publisher::Publisher::<ST>::on_candidate_response` that must be used
    --> monad-raptorcast/src/raptorcast_secondary/publisher.rs:3086:9
     |
3086 |         fsm.on_candidate_response(FullNodesGroupMessage::ParticipationReport(report));
     |         ^^^^^^^^^^^^^^^^^^^^^^^^^^^^^^^^^^^^^^^^^^^^^^^^^^^^^^^^^^^^^^^^^^^^^^^^^^^^^
     |
help: use `let _ = ...` to ignore the resulting value
     |
3086 |         let _ = fsm.on_candidate_response(FullNodesGroupMessage::ParticipationReport(report));
     |         +++++++

warning: unused return value of `publisher::Publisher::<ST>::on_candidate_response` that must be used
    --> monad-raptorcast/src/raptorcast_secondary/publisher.rs:3107:9
     |
3107 |         fsm.on_candidate_response(FullNodesGroupMessage::ParticipationReport(report));
     |         ^^^^^^^^^^^^^^^^^^^^^^^^^^^^^^^^^^^^^^^^^^^^^^^^^^^^^^^^^^^^^^^^^^^^^^^^^^^^^
     |
help: use `let _ = ...` to ignore the resulting value
     |
3107 |         let _ = fsm.on_candidate_response(FullNodesGroupMessage::ParticipationReport(report));
     |         +++++++

warning: unused return value of `publisher::Publisher::<ST>::on_candidate_response` that must be used
    --> monad-raptorcast/src/raptorcast_secondary/publisher.rs:3138:9
     |
3138 |         fsm.on_candidate_response(accept);
     |         ^^^^^^^^^^^^^^^^^^^^^^^^^^^^^^^^^
     |
help: use `let _ = ...` to ignore the resulting value
     |
3138 |         let _ = fsm.on_candidate_response(accept);
     |         +++++++

warning: unused return value of `publisher::Publisher::<ST>::on_candidate_response` that must be used
    --> monad-raptorcast/src/raptorcast_secondary/publisher.rs:3140:9
     |
3140 |         fsm.on_candidate_response(accept);
     |         ^^^^^^^^^^^^^^^^^^^^^^^^^^^^^^^^^
     |
help: use `let _ = ...` to ignore the resulting value
     |
3140 |         let _ = fsm.on_candidate_response(accept);
     |         +++++++

warning: unused return value of `publisher::Publisher::<ST>::on_candidate_response` that must be used
    --> monad-raptorcast/src/raptorcast_secondary/publisher.rs:3149:9
     |
3149 |         fsm.on_candidate_response(accept);
     |         ^^^^^^^^^^^^^^^^^^^^^^^^^^^^^^^^^
     |
help: use `let _ = ...` to ignore the resulting value
     |
3149 |         let _ = fsm.on_candidate_response(accept);
     |         +++++++

warning: unused return value of `publisher::Publisher::<ST>::on_candidate_response` that must be used
    --> monad-raptorcast/src/raptorcast_secondary/publisher.rs:3151:9
     |
3151 |         fsm.on_candidate_response(accept);
     |         ^^^^^^^^^^^^^^^^^^^^^^^^^^^^^^^^^
     |
help: use `let _ = ...` to ignore the resulting value
     |
3151 |         let _ = fsm.on_candidate_response(accept);
     |         +++++++

warning: unused return value of `publisher::Publisher::<ST>::on_candidate_response` that must be used
    --> monad-raptorcast/src/raptorcast_secondary/publisher.rs:3170:9
     |
3170 |         fsm.on_candidate_response(FullNodesGroupMessage::ParticipationReport(report));
     |         ^^^^^^^^^^^^^^^^^^^^^^^^^^^^^^^^^^^^^^^^^^^^^^^^^^^^^^^^^^^^^^^^^^^^^^^^^^^^^
     |
help: use `let _ = ...` to ignore the resulting value
     |
3170 |         let _ = fsm.on_candidate_response(FullNodesGroupMessage::ParticipationReport(report));
     |         +++++++

warning: `monad-raptorcast` (lib test) generated 29 warnings
    Finished `test` profile [optimized + debuginfo] target(s) in 0.35s
     Running unittests src/lib.rs (monad-bft/target/debug/deps/monad_raptorcast-889c008b1750f37c)

running 1 test
test udp::tests_deterministic::research_malicious_relay_repeats_high_s_alias_across_honest_rounds ... MARKER_SUSTAINED_ROUND_42_PROPOSER=0_COUNTS=0,1,1
MARKER_SUSTAINED_ROUND_43_PROPOSER=1_COUNTS=1,0,1
MARKER_SUSTAINED_ROUND_44_PROPOSER=2_COUNTS=1,1,0
MARKER_SUSTAINED_ROUND_45_PROPOSER=0_COUNTS=0,1,1
MARKER_SUSTAINED_ROUND_46_PROPOSER=1_COUNTS=1,0,1
MARKER_SUSTAINED_ROUND_47_PROPOSER=2_COUNTS=1,1,0
MARKER_SUSTAINED_ROUND_48_PROPOSER=0_COUNTS=0,1,1
MARKER_SUSTAINED_ROUND_49_PROPOSER=1_COUNTS=1,0,1
MARKER_SUSTAINED_ROUND_50_PROPOSER=2_COUNTS=1,1,0
MARKER_SUSTAINED_ROUND_51_PROPOSER=0_COUNTS=0,1,1
MARKER_SUSTAINED_ROUND_52_PROPOSER=1_COUNTS=1,0,1
MARKER_SUSTAINED_ROUND_53_PROPOSER=2_COUNTS=1,1,0
MARKER_SUSTAINED_TEST_COMPLETE=1
ok

test result: ok. 1 passed; 0 failed; 0 ignored; 0 measured; 213 filtered out; finished in 0.35s

     Running tests/encoder_error.rs (monad-bft/target/debug/deps/encoder_error-4e41b62c63ca51a5)

running 0 tests

test result: ok. 0 passed; 0 failed; 0 ignored; 0 measured; 1 filtered out; finished in 0.00s

     Running tests/raptorcast_instance.rs (monad-bft/target/debug/deps/raptorcast_instance-4675af7677ee3773)

running 0 tests

test result: ok. 0 passed; 0 failed; 0 ignored; 0 measured; 9 filtered out; finished in 0.00s

     Running tests/wireauth_raptorcast.rs (monad-bft/target/debug/deps/wireauth_raptorcast-25af2fb17c78ac1e)

running 0 tests

test result: ok. 0 passed; 0 failed; 0 ignored; 0 measured; 11 filtered out; finished in 0.00s

   Compiling syn v2.0.113
   Compiling libc v0.2.179
   Compiling serde_json v1.0.148
   Compiling cc v1.2.51
   Compiling getrandom v0.2.16
   Compiling rand_core v0.6.4
   Compiling ff v0.13.1
   Compiling group v0.13.0
   Compiling tracing-core v0.1.36
   Compiling generic-array v0.14.7
   Compiling typenum v1.19.0
   Compiling futures-sink v0.3.31
   Compiling futures-core v0.3.31
   Compiling futures-channel v0.3.31
   Compiling blake3 v1.8.2
   Compiling getrandom v0.3.4
   Compiling darling_core v0.21.3
   Compiling darling_core v0.23.0
   Compiling serde_derive v1.0.228
   Compiling zeroize_derive v1.4.3
   Compiling zeroize v1.8.2
   Compiling der v0.7.10
   Compiling block-buffer v0.10.4
   Compiling crypto-common v0.1.7
   Compiling digest v0.10.7
   Compiling alloy-rlp-derive v0.3.12
   Compiling spki v0.7.3
   Compiling pkcs8 v0.10.2
   Compiling serde v1.0.228
   Compiling bytes v1.11.1
   Compiling arrayvec v0.7.6
   Compiling serdect v0.2.0
   Compiling sec1 v0.7.3
   Compiling alloy-rlp v0.3.12
   Compiling hmac v0.12.1
   Compiling crypto-bigint v0.5.5
   Compiling signature v2.2.0
   Compiling rfc6979 v0.4.0
   Compiling sha2 v0.10.9
   Compiling ruint v1.17.2
   Compiling derive_more-impl v2.1.1
   Compiling sha3 v0.10.8
   Compiling elliptic-curve v0.13.8
   Compiling zerocopy-derive v0.8.31
   Compiling ecdsa v0.16.9
   Compiling k256 v0.13.4
   Compiling thiserror-impl v2.0.17
   Compiling zerocopy v0.8.31
   Compiling thiserror v2.0.17
   Compiling either v1.15.0
   Compiling darling_macro v0.21.3
   Compiling derive_more v2.1.1
   Compiling darling v0.21.3
   Compiling alloy-primitives v1.5.6
   Compiling smallvec v1.15.1
   Compiling serde_with_macros v3.16.1
   Compiling tracing-attributes v0.1.31
   Compiling serde_with v3.16.1
   Compiling tracing v0.1.44
   Compiling auto_impl v1.3.0
   Compiling darling_macro v0.23.0
   Compiling darling v0.23.0
   Compiling alloy-eip7702 v0.6.3
   Compiling alloy-serde v2.0.4
   Compiling alloy-eip2930 v0.2.3
   Compiling alloy-eip2124 v0.2.0
   Compiling alloy-eip7928 v0.3.2
   Compiling nybbles v0.4.8
   Compiling alloy-eips v2.0.4
   Compiling alloy-trie v0.9.4
   Compiling alloy-tx-macros v2.0.4
   Compiling futures-macro v0.3.31
   Compiling futures-util v0.3.31
   Compiling alloy-consensus v2.0.4
   Compiling ppv-lite86 v0.2.21
   Compiling itertools v0.13.0
   Compiling futures-executor v0.3.31
   Compiling num-traits v0.2.19
   Compiling cpufeatures v0.2.17
   Compiling const-hex v1.17.0
   Compiling monad-crypto v0.1.0 (/home/runner/work/test/test/monad-bft/monad-crypto)
   Compiling futures v0.3.31
   Compiling thiserror-impl v1.0.69
   Compiling syn-solidity v1.5.6
   Compiling macro-string v0.1.4
   Compiling proc-macro-error-attr2 v2.0.0
   Compiling keccak v0.1.6
   Compiling dunce v1.0.5
   Compiling thiserror v1.0.69
   Compiling proc-macro-error2 v2.0.1
   Compiling monad-types v0.1.0 (/home/runner/work/test/test/monad-bft/monad-types)
   Compiling rand_chacha v0.3.1
   Compiling parking_lot_core v0.9.12
   Compiling rand v0.8.5
   Compiling protobuf-support v3.7.2
   Compiling alloy-sol-macro-input v1.5.6
   Compiling alloy-sol-macro-expander v1.5.6
   Compiling protobuf v3.7.2
   Compiling parking_lot v0.12.5
   Compiling monad-eth-types v0.1.0 (/home/runner/work/test/test/monad-bft/monad-eth-types)
   Compiling rand_core v0.9.3
   Compiling hdrhistogram v7.5.4
   Compiling monad-validator v0.1.0 (/home/runner/work/test/test/monad-bft/monad-validator)
   Compiling alloy-sol-macro v1.5.6
   Compiling alloy-sol-types v1.5.6
   Compiling alloy-network-primitives v2.0.4
   Compiling alloy-consensus-any v2.0.4
   Compiling prometheus v0.14.0
   Compiling monad-tfm v0.1.0 (/home/runner/work/test/test/monad-bft/monad-tfm)
   Compiling regex-syntax v0.8.8
   Compiling tempfile v3.24.0
   Compiling alloy-rpc-types-eth v2.0.4
   Compiling monad-executor v0.1.0 (/home/runner/work/test/test/monad-bft/monad-executor)
   Compiling monad-execution-state-read v0.1.0 (/home/runner/work/test/test/monad-bft/monad-execution-state-read)
   Compiling rand_chacha v0.9.0
warning: unused variable: `block_num`
  --> monad-execution-state-read/src/mock.rs:80:9
   |
80 |         block_num: SeqNum,
   |         ^^^^^^^^^ help: if this is intentional, prefix it with an underscore: `_block_num`
   |
   = note: `#[warn(unused_variables)]` (part of `#[warn(unused)]`) on by default

warning: unused variable: `requested_epoch`
  --> monad-execution-state-read/src/mock.rs:81:9
   |
81 |         requested_epoch: monad_types::Epoch,
   |         ^^^^^^^^^^^^^^^ help: if this is intentional, prefix it with an underscore: `_requested_epoch`

   Compiling monad-chain-config v0.1.0 (/home/runner/work/test/test/monad-bft/monad-chain-config)
warning: `monad-execution-state-read` (lib) generated 2 warnings
   Compiling half v2.7.1
   Compiling http v1.4.0
   Compiling async-trait v0.1.89
   Compiling secp256k1-sys v0.11.0
   Compiling alloca v0.4.0
   Compiling crunchy v0.2.4
   Compiling clap_builder v4.5.54
   Compiling alloy-signer v2.0.4
   Compiling alloy-json-rpc v2.0.4
   Compiling ciborium-ll v0.2.2
   Compiling monad-consensus-types v0.1.0 (/home/runner/work/test/test/monad-bft/monad-consensus-types)
   Compiling rand v0.9.2
   Compiling alloy-rpc-types-any v2.0.4
   Compiling regex-automata v0.4.13
   Compiling wait-timeout v0.2.1
   Compiling tiny-keccak v2.0.2
   Compiling bit-vec v0.8.0
   Compiling futures-utils-wasm v0.1.0
   Compiling quick-error v1.2.3
   Compiling criterion-plot v0.8.1
   Compiling rstest_macros v0.25.0
   Compiling rusty-fork v0.3.1
   Compiling alloy-network v2.0.4
   Compiling bit-set v0.8.0
   Compiling monad-consensus v0.1.0 (/home/runner/work/test/test/monad-bft/monad-consensus)
   Compiling regex v1.12.2
   Compiling rayon v1.11.0
   Compiling plotters v0.3.7
   Compiling ciborium v0.2.2
   Compiling clap v4.5.54
   Compiling rand_xorshift v0.4.0
   Compiling tinytemplate v1.2.1
   Compiling console v0.15.11
   Compiling page_size v0.6.0
   Compiling unarray v0.1.4
   Compiling data-encoding v2.9.0
   Compiling wycheproof v0.6.0
   Compiling proptest v1.9.0
   Compiling criterion v0.8.1
   Compiling insta v1.46.0
   Compiling rstest v0.25.0
   Compiling secp256k1 v0.31.1
   Compiling monad-testutil v0.1.0 (/home/runner/work/test/test/monad-bft/monad-testutil)
   Compiling alloy-signer-local v2.0.4
   Compiling monad-secp v0.1.0 (/home/runner/work/test/test/monad-bft/monad-secp)
    Finished `test` profile [optimized + debuginfo] target(s) in 1m 30s
     Running unittests src/lib.rs (monad-bft/target/debug/deps/monad_secp-6b253ef67002b834)

running 39 tests
test mock::tests::test_keypair_seed_roundtrip ... ok
test mock::tests::test_recover_pubkey ... ok
test mock::tests::test_sign_and_verify ... ok
test recoverable_address::tests::test_invalid_signature_recovery ... ok
test recoverable_address::tests::test_tx_envelope_recovery::case_1_legacy ... ok
test recoverable_address::tests::test_tx_envelope_recovery::case_2_eip2930 ... ok
test recoverable_address::tests::test_tx_envelope_recovery::case_3_eip1559 ... ok
test recoverable_address::tests::test_tx_envelope_recovery::case_4_eip4844 ... ok
test recoverable_address::tests::test_tx_envelope_recovery::case_5_eip7702 ... ok
test secp::tests::proptest_from_ikm ... ok
test secp::tests::proptest_no_panic_pubkey_from_slice ... ok
test secp::tests::proptest_no_panic_rlp_decode ... ok
test secp::tests::proptest_no_panic_signature_deserialize ... ok
test secp::tests::test_domain_separation ... ok
test secp::tests::test_eth_address ... ok
test secp::tests::test_from_ikm ... ok
test secp::tests::test_from_ikm_deterministic_profiles ... ok
test secp::tests::test_non_malleability ... 
thread 'secp::tests::test_non_malleability' (10666) panicked at monad-secp/src/secp.rs:753:62:
called `Result::unwrap()` on an `Err` value: Error(InvalidSignature)
stack backtrace:
   0: __rustc::rust_begin_unwind
             at /rustc/ed61e7d7e242494fb7057f2657300d9e77bb4fcb/library/std/src/panicking.rs:698:5
   1: core::panicking::panic_fmt
             at /rustc/ed61e7d7e242494fb7057f2657300d9e77bb4fcb/library/core/src/panicking.rs:75:14
   2: core::result::unwrap_failed
             at /rustc/ed61e7d7e242494fb7057f2657300d9e77bb4fcb/library/core/src/result.rs:1855:5
   3: core::result::Result<T,E>::unwrap
             at /rustc/ed61e7d7e242494fb7057f2657300d9e77bb4fcb/library/core/src/result.rs:1226:23
   4: monad_secp::secp::tests::test_non_malleability
             at ./src/secp.rs:753:62
   5: monad_secp::secp::tests::test_non_malleability::{{closure}}
             at ./src/secp.rs:698:31
   6: core::ops::function::FnOnce::call_once
             at /rustc/ed61e7d7e242494fb7057f2657300d9e77bb4fcb/library/core/src/ops/function.rs:250:5
   7: core::ops::function::FnOnce::call_once
             at /rustc/ed61e7d7e242494fb7057f2657300d9e77bb4fcb/library/core/src/ops/function.rs:250:5
note: Some details are omitted, run with `RUST_BACKTRACE=full` for a verbose backtrace.
FAILED
test secp::tests::test_original_secp256k1_wycheproof_conformance ... ok
test secp::tests::test_pubkey_from_slice_rejects_invalid_encodings ... ok
test secp::tests::test_pubkey_operations ... ok
test secp::tests::test_pubkey_roundtrip ... ok
test secp::tests::test_recovery ... ok
test secp::tests::test_recovery_misuse ... ok
test secp::tests::test_secp256k1_out_of_range_key_fails ... ok
test secp::tests::test_secp_wycheproof_conformance ... ok
test secp::tests::test_signature_bitflip_corruption_is_rejected_or_fails_verify ... ok
test secp::tests::test_signature_deserialize_rejects_bad_lengths_and_recid ... ok
test secp::tests::test_signature_rlp ... ok
test secp::tests::test_signature_serde ... ok
test secp::tests::test_signing_is_deterministic_for_same_key_domain_and_message ... ok
test secp::tests::test_special_private_keys ... ok
test secp::tests::test_verify ... ok
test test::test_deser_error ... ok
test test::test_keypair_deterministic_creation ... ok
test test::test_recover ... ok
test test::test_serialization_roundtrip ... ok
test test::test_signature_verify ... ok
test test::test_verify_error ... ok

failures:

failures:
    secp::tests::test_non_malleability

test result: FAILED. 38 passed; 1 failed; 0 ignored; 0 measured; 0 filtered out; finished in 0.20s

error: test failed, to rerun pass `-p monad-secp --lib`
{
  "bft_commit": "c616743d1358186605e1c1b74a3d6c4fdd9dd48c",
  "execution_commit": "e81ffe31cd30fe3455d1233e4ee6c9b3f017bad0",
  "decision": "REPEATED_TRANSPORT_POISONING_LOW_S_CONTROL_INCOMPLETE",
  "recovery_runs": [
    {
      "repetition": 1,
      "exit_code": 0,
      "markers": {
        "V3_DEFAULT_STAGE_V1_CONTROL_ROUND42": 1,
        "V3_POISONED_HONEST_ONE_ROUND42": 0,
        "V3_POISONED_HONEST_TWO_ROUND42": 0,
        "V3_RECOVERED_HONEST_ONE_ROUND43": 1,
        "V3_RECOVERED_HONEST_TWO_ROUND43": 1,
        "V3_TEST_COMPLETE": 1
      }
    },
    {
      "repetition": 2,
      "exit_code": 0,
      "markers": {
        "V3_DEFAULT_STAGE_V1_CONTROL_ROUND42": 1,
        "V3_POISONED_HONEST_ONE_ROUND42": 0,
        "V3_POISONED_HONEST_TWO_ROUND42": 0,
        "V3_RECOVERED_HONEST_ONE_ROUND43": 1,
        "V3_RECOVERED_HONEST_TWO_ROUND43": 1,
        "V3_TEST_COMPLETE": 1
      }
    },
    {
      "repetition": 3,
      "exit_code": 0,
      "markers": {
        "V3_DEFAULT_STAGE_V1_CONTROL_ROUND42": 1,
        "V3_POISONED_HONEST_ONE_ROUND42": 0,
        "V3_POISONED_HONEST_TWO_ROUND42": 0,
        "V3_RECOVERED_HONEST_ONE_ROUND43": 1,
        "V3_RECOVERED_HONEST_TWO_ROUND43": 1,
        "V3_TEST_COMPLETE": 1
      }
    }
  ],
  "vulnerable_runs": [
    {
      "repetition": 1,
      "exit_code": 0,
      "complete": true,
      "rounds": [
        {
          "round": 42,
          "proposer": 0,
          "counts": [
            0,
            0,
            0
          ]
        },
        {
          "round": 43,
          "proposer": 1,
          "counts": [
            0,
            0,
            0
          ]
        },
        {
          "round": 44,
          "proposer": 2,
          "counts": [
            0,
            0,
            0
          ]
        },
        {
          "round": 45,
          "proposer": 0,
          "counts": [
            0,
            0,
            0
          ]
        },
        {
          "round": 46,
          "proposer": 1,
          "counts": [
            0,
            0,
            0
          ]
        },
        {
          "round": 47,
          "proposer": 2,
          "counts": [
            0,
            0,
            0
          ]
        },
        {
          "round": 48,
          "proposer": 0,
          "counts": [
            0,
            0,
            0
          ]
        },
        {
          "round": 49,
          "proposer": 1,
          "counts": [
            0,
            0,
            0
          ]
        },
        {
          "round": 50,
          "proposer": 2,
          "counts": [
            0,
            0,
            0
          ]
        },
        {
          "round": 51,
          "proposer": 0,
          "counts": [
            0,
            0,
            0
          ]
        },
        {
          "round": 52,
          "proposer": 1,
          "counts": [
            0,
            0,
            0
          ]
        },
        {
          "round": 53,
          "proposer": 2,
          "counts": [
            0,
            0,
            0
          ]
        }
      ]
    },
    {
      "repetition": 2,
      "exit_code": 0,
      "complete": true,
      "rounds": [
        {
          "round": 42,
          "proposer": 0,
          "counts": [
            0,
            0,
            0
          ]
        },
        {
          "round": 43,
          "proposer": 1,
          "counts": [
            0,
            0,
            0
          ]
        },
        {
          "round": 44,
          "proposer": 2,
          "counts": [
            0,
            0,
            0
          ]
        },
        {
          "round": 45,
          "proposer": 0,
          "counts": [
            0,
            0,
            0
          ]
        },
        {
          "round": 46,
          "proposer": 1,
          "counts": [
            0,
            0,
            0
          ]
        },
        {
          "round": 47,
          "proposer": 2,
          "counts": [
            0,
            0,
            0
          ]
        },
        {
          "round": 48,
          "proposer": 0,
          "counts": [
            0,
            0,
            0
          ]
        },
        {
          "round": 49,
          "proposer": 1,
          "counts": [
            0,
            0,
            0
          ]
        },
        {
          "round": 50,
          "proposer": 2,
          "counts": [
            0,
            0,
            0
          ]
        },
        {
          "round": 51,
          "proposer": 0,
          "counts": [
            0,
            0,
            0
          ]
        },
        {
          "round": 52,
          "proposer": 1,
          "counts": [
            0,
            0,
            0
          ]
        },
        {
          "round": 53,
          "proposer": 2,
          "counts": [
            0,
            0,
            0
          ]
        }
      ]
    },
    {
      "repetition": 3,
      "exit_code": 0,
      "complete": true,
      "rounds": [
        {
          "round": 42,
          "proposer": 0,
          "counts": [
            0,
            0,
            0
          ]
        },
        {
          "round": 43,
          "proposer": 1,
          "counts": [
            0,
            0,
            0
          ]
        },
        {
          "round": 44,
          "proposer": 2,
          "counts": [
            0,
            0,
            0
          ]
        },
        {
          "round": 45,
          "proposer": 0,
          "counts": [
            0,
            0,
            0
          ]
        },
        {
          "round": 46,
          "proposer": 1,
          "counts": [
            0,
            0,
            0
          ]
        },
        {
          "round": 47,
          "proposer": 2,
          "counts": [
            0,
            0,
            0
          ]
        },
        {
          "round": 48,
          "proposer": 0,
          "counts": [
            0,
            0,
            0
          ]
        },
        {
          "round": 49,
          "proposer": 1,
          "counts": [
            0,
            0,
            0
          ]
        },
        {
          "round": 50,
          "proposer": 2,
          "counts": [
            0,
            0,
            0
          ]
        },
        {
          "round": 51,
          "proposer": 0,
          "counts": [
            0,
            0,
            0
          ]
        },
        {
          "round": 52,
          "proposer": 1,
          "counts": [
            0,
            0,
            0
          ]
        },
        {
          "round": 53,
          "proposer": 2,
          "counts": [
            0,
            0,
            0
          ]
        }
      ]
    }
  ],
  "low_s_control_runs": [
    {
      "repetition": 1,
      "exit_code": 0,
      "complete": true,
      "rounds": [
        {
          "round": 42,
          "proposer": 0,
          "counts": [
            0,
            1,
            1
          ]
        },
        {
          "round": 43,
          "proposer": 1,
          "counts": [
            1,
            0,
            1
          ]
        },
        {
          "round": 44,
          "proposer": 2,
          "counts": [
            1,
            1,
            0
          ]
        },
        {
          "round": 45,
          "proposer": 0,
          "counts": [
            0,
            1,
            1
          ]
        },
        {
          "round": 46,
          "proposer": 1,
          "counts": [
            1,
            0,
            1
          ]
        },
        {
          "round": 47,
          "proposer": 2,
          "counts": [
            1,
            1,
            0
          ]
        },
        {
          "round": 48,
          "proposer": 0,
          "counts": [
            0,
            1,
            1
          ]
        },
        {
          "round": 49,
          "proposer": 1,
          "counts": [
            1,
            0,
            1
          ]
        },
        {
          "round": 50,
          "proposer": 2,
          "counts": [
            1,
            1,
            0
          ]
        },
        {
          "round": 51,
          "proposer": 0,
          "counts": [
            0,
            1,
            1
          ]
        },
        {
          "round": 52,
          "proposer": 1,
          "counts": [
            1,
            0,
            1
          ]
        },
        {
          "round": 53,
          "proposer": 2,
          "counts": [
            1,
            1,
            0
          ]
        }
      ]
    },
    {
      "repetition": 2,
      "exit_code": 0,
      "complete": true,
      "rounds": [
        {
          "round": 42,
          "proposer": 0,
          "counts": [
            0,
            1,
            1
          ]
        },
        {
          "round": 43,
          "proposer": 1,
          "counts": [
            1,
            0,
            1
          ]
        },
        {
          "round": 44,
          "proposer": 2,
          "counts": [
            1,
            1,
            0
          ]
        },
        {
          "round": 45,
          "proposer": 0,
          "counts": [
            0,
            1,
            1
          ]
        },
        {
          "round": 46,
          "proposer": 1,
          "counts": [
            1,
            0,
            1
          ]
        },
        {
          "round": 47,
          "proposer": 2,
          "counts": [
            1,
            1,
            0
          ]
        },
        {
          "round": 48,
          "proposer": 0,
          "counts": [
            0,
            1,
            1
          ]
        },
        {
          "round": 49,
          "proposer": 1,
          "counts": [
            1,
            0,
            1
          ]
        },
        {
          "round": 50,
          "proposer": 2,
          "counts": [
            1,
            1,
            0
          ]
        },
        {
          "round": 51,
          "proposer": 0,
          "counts": [
            0,
            1,
            1
          ]
        },
        {
          "round": 52,
          "proposer": 1,
          "counts": [
            1,
            0,
            1
          ]
        },
        {
          "round": 53,
          "proposer": 2,
          "counts": [
            1,
            1,
            0
          ]
        }
      ]
    },
    {
      "repetition": 3,
      "exit_code": 0,
      "complete": true,
      "rounds": [
        {
          "round": 42,
          "proposer": 0,
          "counts": [
            0,
            1,
            1
          ]
        },
        {
          "round": 43,
          "proposer": 1,
          "counts": [
            1,
            0,
            1
          ]
        },
        {
          "round": 44,
          "proposer": 2,
          "counts": [
            1,
            1,
            0
          ]
        },
        {
          "round": 45,
          "proposer": 0,
          "counts": [
            0,
            1,
            1
          ]
        },
        {
          "round": 46,
          "proposer": 1,
          "counts": [
            1,
            0,
            1
          ]
        },
        {
          "round": 47,
          "proposer": 2,
          "counts": [
            1,
            1,
            0
          ]
        },
        {
          "round": 48,
          "proposer": 0,
          "counts": [
            0,
            1,
            1
          ]
        },
        {
          "round": 49,
          "proposer": 1,
          "counts": [
            1,
            0,
            1
          ]
        },
        {
          "round": 50,
          "proposer": 2,
          "counts": [
            1,
            1,
            0
          ]
        },
        {
          "round": 51,
          "proposer": 0,
          "counts": [
            0,
            1,
            1
          ]
        },
        {
          "round": 52,
          "proposer": 1,
          "counts": [
            1,
            0,
            1
          ]
        },
        {
          "round": 53,
          "proposer": 2,
          "counts": [
            1,
            1,
            0
          ]
        }
      ]
    }
  ],
  "one_round_recovery": true,
  "repeated_transport_poisoning": true,
  "canonical_low_s_control": true,
  "low_s_regression_suite": false,
  "official_consensus_finality_halt": false,
  "critical_proven": false,
  "submit_ready": false
}
